member,archive,archive_url,crs,min_x,min_y,max_x,max_y
3dm_33_384_5816_1_be.las,Mitte.zip,https://gdi.berlin.de/data/a_als/atom/Mitte.zip,EPSG:25833,384000,5816000,385000,5817000
3dm_33_384_5817_1_be.las,Mitte.zip,https://gdi.berlin.de/data/a_als/atom/Mitte.zip,EPSG:25833,384000,5817000,385000,5818000
3dm_33_384_5818_1_be.las,Mitte.zip,https://gdi.berlin.de/data/a_als/atom/Mitte.zip,EPSG:25833,384000,5818000,385000,5819000
3dm_33_384_5819_1_be.las,Mitte.zip,https://gdi.berlin.de/data/a_als/atom/Mitte.zip,EPSG:25833,384000,5819000,385000,5820000
3dm_33_384_5820_1_be.las,Mitte.zip,https://gdi.berlin.de/data/a_als/atom/Mitte.zip,EPSG:25833,384000,5820000,385000,5821000
3dm_33_384_5821_1_be.las,Mitte.zip,https://gdi.berlin.de/data/a_als/atom/Mitte.zip,EPSG:25833,384000,5821000,385000,5822000
3dm_33_384_5822_1_be.las,Mitte.zip,https://gdi.berlin.de/data/a_als/atom/Mitte.zip,EPSG:25833,384000,5822000,385000,5823000
3dm_33_384_5823_1_be.las,Mitte.zip,https://gdi.berlin.de/data/a_als/atom/Mitte.zip,EPSG:25833,384000,5823000,385000,5824000
3dm_33_384_5824_1_be.las,Mitte.zip,https://gdi.berlin.de/data/a_als/atom/Mitte.zip,EPSG:25833,384000,5824000,385000,5825000
3dm_33_384_5825_1_be.las,Mitte.zip,https://gdi.berlin.de/data/a_als/atom/Mitte.zip,EPSG:25833,384000,5825000,385000,5826000
3dm_33_385_5816_1_be.las,Mitte.zip,https://gdi.berlin.de/data/a_als/atom/Mitte.zip,EPSG:25833,385000,5816000,386000,5817000
3dm_33_385_5817_1_be.las,Mitte.zip,https://gdi.berlin.de/data/a_als/atom/Mitte.zip,EPSG:25833,385000,5817000,386000,5818000
3dm_33_385_5818_1_be.las,Mitte.zip,https://gdi.berlin.de/data/a_als/atom/Mitte.zip,EPSG:25833,385000,5818000,386000,5819000
3dm_33_385_5819_1_be.las,Mitte.zip,https://gdi.berlin.de/data/a_als/atom/Mitte.zip,EPSG:25833,385000,5819000,386000,5820000
3dm_33_385_5820_1_be.las,Mitte.zip,https://gdi.berlin.de/data/a_als/atom/Mitte.zip,EPSG:25833,385000,5820000,386000,5821000
3dm_33_385_5821_1_be.las,Mitte.zip,https://gdi.berlin.de/data/a_als/atom/Mitte.zip,EPSG:25833,385000,5821000,386000,5822000
3dm_33_385_5822_1_be.las,Mitte.zip,https://gdi.berlin.de/data/a_als/atom/Mitte.zip,EPSG:25833,385000,5822000,386000,5823000
3dm_33_385_5823_1_be.las,Mitte.zip,https://gdi.berlin.de/data/a_als/atom/Mitte.zip,EPSG:25833,385000,5823000,386000,5824000
3dm_33_385_5824_1_be.las,Mitte.zip,https://gdi.berlin.de/data/a_als/atom/Mitte.zip,EPSG:25833,385000,5824000,386000,5825000
3dm_33_385_5825_1_be.las,Mitte.zip,https://gdi.berlin.de/data/a_als/atom/Mitte.zip,EPSG:25833,385000,5825000,386000,5826000
3dm_33_386_5816_1_be.las,Mitte.zip,https://gdi.berlin.de/data/a_als/atom/Mitte.zip,EPSG:25833,386000,5816000,387000,5817000
3dm_33_386_5817_1_be.las,Mitte.zip,https://gdi.berlin.de/data/a_als/atom/Mitte.zip,EPSG:25833,386000,5817000,387000,5818000
3dm_33_386_5818_1_be.las,Mitte.zip,https://gdi.berlin.de/data/a_als/atom/Mitte.zip,EPSG:25833,386000,5818000,387000,5819000
3dm_33_386_5819_1_be.las,Mitte.zip,https://gdi.berlin.de/data/a_als/atom/Mitte.zip,EPSG:25833,386000,5819000,387000,5820000
3dm_33_386_5820_1_be.las,Mitte.zip,https://gdi.berlin.de/data/a_als/atom/Mitte.zip,EPSG:25833,386000,5820000,387000,5821000
3dm_33_386_5821_1_be.las,Mitte.zip,https://gdi.berlin.de/data/a_als/atom/Mitte.zip,EPSG:25833,386000,5821000,387000,5822000
3dm_33_386_5822_1_be.las,Mitte.zip,https://gdi.berlin.de/data/a_als/atom/Mitte.zip,EPSG:25833,386000,5822000,387000,5823000
3dm_33_386_5823_1_be.las,Mitte.zip,https://gdi.berlin.de/data/a_als/atom/Mitte.zip,EPSG:25833,386000,5823000,387000,5824000
3dm_33_386_5824_1_be.las,Mitte.zip,https://gdi.berlin.de/data/a_als/atom/Mitte.zip,EPSG:25833,386000,5824000,387000,5825000
3dm_33_386_5825_1_be.las,Mitte.zip,https://gdi.berlin.de/data/a_als/atom/Mitte.zip,EPSG:25833,386000,5825000,387000,5826000
3dm_33_387_5816_1_be.las,Mitte.zip,https://gdi.berlin.de/data/a_als/atom/Mitte.zip,EPSG:25833,387000,5816000,388000,5817000
3dm_33_387_5817_1_be.las,Mitte.zip,https://gdi.berlin.de/data/a_als/atom/Mitte.zip,EPSG:25833,387000,5817000,388000,5818000
3dm_33_387_5818_1_be.las,Mitte.zip,https://gdi.berlin.de/data/a_als/atom/Mitte.zip,EPSG:25833,387000,5818000,388000,5819000
3dm_33_387_5819_1_be.las,Mitte.zip,https://gdi.berlin.de/data/a_als/atom/Mitte.zip,EPSG:25833,387000,5819000,388000,5820000
3dm_33_387_5820_1_be.las,Mitte.zip,https://gdi.berlin.de/data/a_als/atom/Mitte.zip,EPSG:25833,387000,5820000,388000,5821000
3dm_33_387_5821_1_be.las,Mitte.zip,https://gdi.berlin.de/data/a_als/atom/Mitte.zip,EPSG:25833,387000,5821000,388000,5822000
3dm_33_387_5822_1_be.las,Mitte.zip,https://gdi.berlin.de/data/a_als/atom/Mitte.zip,EPSG:25833,387000,5822000,388000,5823000
3dm_33_387_5823_1_be.las,Mitte.zip,https://gdi.berlin.de/data/a_als/atom/Mitte.zip,EPSG:25833,387000,5823000,388000,5824000
3dm_33_387_5824_1_be.las,Mitte.zip,https://gdi.berlin.de/data/a_als/atom/Mitte.zip,EPSG:25833,387000,5824000,388000,5825000
3dm_33_387_5825_1_be.las,Mitte.zip,https://gdi.berlin.de/data/a_als/atom/Mitte.zip,EPSG:25833,387000,5825000,388000,5826000
3dm_33_388_5816_1_be.las,Mitte.zip,https://gdi.berlin.de/data/a_als/atom/Mitte.zip,EPSG:25833,388000,5816000,389000,5817000
3dm_33_388_5817_1_be.las,Mitte.zip,https://gdi.berlin.de/data/a_als/atom/Mitte.zip,EPSG:25833,388000,5817000,389000,5818000
3dm_33_388_5818_1_be.las,Mitte.zip,https://gdi.berlin.de/data/a_als/atom/Mitte.zip,EPSG:25833,388000,5818000,389000,5819000
3dm_33_388_5819_1_be.las,Mitte.zip,https://gdi.berlin.de/data/a_als/atom/Mitte.zip,EPSG:25833,388000,5819000,389000,5820000
3dm_33_388_5820_1_be.las,Mitte.zip,https://gdi.berlin.de/data/a_als/atom/Mitte.zip,EPSG:25833,388000,5820000,389000,5821000
3dm_33_388_5821_1_be.las,Mitte.zip,https://gdi.berlin.de/data/a_als/atom/Mitte.zip,EPSG:25833,388000,5821000,389000,5822000
3dm_33_388_5822_1_be.las,Mitte.zip,https://gdi.berlin.de/data/a_als/atom/Mitte.zip,EPSG:25833,388000,5822000,389000,5823000
3dm_33_388_5823_1_be.las,Mitte.zip,https://gdi.berlin.de/data/a_als/atom/Mitte.zip,EPSG:25833,388000,5823000,389000,5824000
3dm_33_388_5824_1_be.las,Mitte.zip,https://gdi.berlin.de/data/a_als/atom/Mitte.zip,EPSG:25833,388000,5824000,389000,5825000
3dm_33_388_5825_1_be.las,Mitte.zip,https://gdi.berlin.de/data/a_als/atom/Mitte.zip,EPSG:25833,388000,5825000,389000,5826000
3dm_33_389_5816_1_be.las,Mitte.zip,https://gdi.berlin.de/data/a_als/atom/Mitte.zip,EPSG:25833,389000,5816000,390000,5817000
3dm_33_389_5817_1_be.las,Mitte.zip,https://gdi.berlin.de/data/a_als/atom/Mitte.zip,EPSG:25833,389000,5817000,390000,5818000
3dm_33_389_5818_1_be.las,Mitte.zip,https://gdi.berlin.de/data/a_als/atom/Mitte.zip,EPSG:25833,389000,5818000,390000,5819000
3dm_33_389_5819_1_be.las,Mitte.zip,https://gdi.berlin.de/data/a_als/atom/Mitte.zip,EPSG:25833,389000,5819000,390000,5820000
3dm_33_389_5820_1_be.las,Mitte.zip,https://gdi.berlin.de/data/a_als/atom/Mitte.zip,EPSG:25833,389000,5820000,390000,5821000
3dm_33_389_5821_1_be.las,Mitte.zip,https://gdi.berlin.de/data/a_als/atom/Mitte.zip,EPSG:25833,389000,5821000,390000,5822000
3dm_33_389_5822_1_be.las,Mitte.zip,https://gdi.berlin.de/data/a_als/atom/Mitte.zip,EPSG:25833,389000,5822000,390000,5823000
3dm_33_389_5823_1_be.las,Mitte.zip,https://gdi.berlin.de/data/a_als/atom/Mitte.zip,EPSG:25833,389000,5823000,390000,5824000
3dm_33_389_5824_1_be.las,Mitte.zip,https://gdi.berlin.de/data/a_als/atom/Mitte.zip,EPSG:25833,389000,5824000,390000,5825000
3dm_33_389_5825_1_be.las,Mitte.zip,https://gdi.berlin.de/data/a_als/atom/Mitte.zip,EPSG:25833,389000,5825000,390000,5826000
3dm_33_390_5816_1_be.las,Mitte.zip,https://gdi.berlin.de/data/a_als/atom/Mitte.zip,EPSG:25833,390000,5816000,391000,5817000
3dm_33_390_5817_1_be.las,Mitte.zip,https://gdi.berlin.de/data/a_als/atom/Mitte.zip,EPSG:25833,390000,5817000,391000,5818000
3dm_33_390_5818_1_be.las,Mitte.zip,https://gdi.berlin.de/data/a_als/atom/Mitte.zip,EPSG:25833,390000,5818000,391000,5819000
3dm_33_390_5819_1_be.las,Mitte.zip,https://gdi.berlin.de/data/a_als/atom/Mitte.zip,EPSG:25833,390000,5819000,391000,5820000
3dm_33_390_5820_1_be.las,Mitte.zip,https://gdi.berlin.de/data/a_als/atom/Mitte.zip,EPSG:25833,390000,5820000,391000,5821000
3dm_33_390_5821_1_be.las,Mitte.zip,https://gdi.berlin.de/data/a_als/atom/Mitte.zip,EPSG:25833,390000,5821000,391000,5822000
3dm_33_390_5822_1_be.las,Mitte.zip,https://gdi.berlin.de/data/a_als/atom/Mitte.zip,EPSG:25833,390000,5822000,391000,5823000
3dm_33_390_5823_1_be.las,Mitte.zip,https://gdi.berlin.de/data/a_als/atom/Mitte.zip,EPSG:25833,390000,5823000,391000,5824000
3dm_33_390_5824_1_be.las,Mitte.zip,https://gdi.berlin.de/data/a_als/atom/Mitte.zip,EPSG:25833,390000,5824000,391000,5825000
3dm_33_390_5825_1_be.las,Mitte.zip,https://gdi.berlin.de/data/a_als/atom/Mitte.zip,EPSG:25833,390000,5825000,391000,5826000
3dm_33_391_5816_1_be.las,Mitte.zip,https://gdi.berlin.de/data/a_als/atom/Mitte.zip,EPSG:25833,391000,5816000,392000,5817000
3dm_33_391_5817_1_be.las,Mitte.zip,https://gdi.berlin.de/data/a_als/atom/Mitte.zip,EPSG:25833,391000,5817000,392000,5818000
3dm_33_391_5818_1_be.las,Mitte.zip,https://gdi.berlin.de/data/a_als/atom/Mitte.zip,EPSG:25833,391000,5818000,392000,5819000
3dm_33_391_5819_1_be.las,Mitte.zip,https://gdi.berlin.de/data/a_als/atom/Mitte.zip,EPSG:25833,391000,5819000,392000,5820000
3dm_33_391_5820_1_be.las,Mitte.zip,https://gdi.berlin.de/data/a_als/atom/Mitte.zip,EPSG:25833,391000,5820000,392000,5821000
3dm_33_391_5821_1_be.las,Mitte.zip,https://gdi.berlin.de/data/a_als/atom/Mitte.zip,EPSG:25833,391000,5821000,392000,5822000
3dm_33_391_5822_1_be.las,Mitte.zip,https://gdi.berlin.de/data/a_als/atom/Mitte.zip,EPSG:25833,391000,5822000,392000,5823000
3dm_33_391_5823_1_be.las,Mitte.zip,https://gdi.berlin.de/data/a_als/atom/Mitte.zip,EPSG:25833,391000,5823000,392000,5824000
3dm_33_391_5824_1_be.las,Mitte.zip,https://gdi.berlin.de/data/a_als/atom/Mitte.zip,EPSG:25833,391000,5824000,392000,5825000
3dm_33_391_5825_1_be.las,Mitte.zip,https://gdi.berlin.de/data/a_als/atom/Mitte.zip,EPSG:25833,391000,5825000,392000,5826000
3dm_33_392_5816_1_be.las,Mitte.zip,https://gdi.berlin.de/data/a_als/atom/Mitte.zip,EPSG:25833,392000,5816000,393000,5817000
3dm_33_392_5817_1_be.las,Mitte.zip,https://gdi.berlin.de/data/a_als/atom/Mitte.zip,EPSG:25833,392000,5817000,393000,5818000
3dm_33_392_5818_1_be.las,Mitte.zip,https://gdi.berlin.de/data/a_als/atom/Mitte.zip,EPSG:25833,392000,5818000,393000,5819000
3dm_33_392_5819_1_be.las,Mitte.zip,https://gdi.berlin.de/data/a_als/atom/Mitte.zip,EPSG:25833,392000,5819000,393000,5820000
3dm_33_392_5820_1_be.las,Mitte.zip,https://gdi.berlin.de/data/a_als/atom/Mitte.zip,EPSG:25833,392000,5820000,393000,5821000
3dm_33_392_5821_1_be.las,Mitte.zip,https://gdi.berlin.de/data/a_als/atom/Mitte.zip,EPSG:25833,392000,5821000,393000,5822000
3dm_33_392_5822_1_be.las,Mitte.zip,https://gdi.berlin.de/data/a_als/atom/Mitte.zip,EPSG:25833,392000,5822000,393000,5823000
3dm_33_392_5823_1_be.las,Mitte.zip,https://gdi.berlin.de/data/a_als/atom/Mitte.zip,EPSG:25833,392000,5823000,393000,5824000
3dm_33_392_5824_1_be.las,Mitte.zip,https://gdi.berlin.de/data/a_als/atom/Mitte.zip,EPSG:25833,392000,5824000,393000,5825000
3dm_33_392_5825_1_be.las,Mitte.zip,https://gdi.berlin.de/data/a_als/atom/Mitte.zip,EPSG:25833,392000,5825000,393000,5826000
3dm_33_393_5816_1_be.las,Mitte.zip,https://gdi.berlin.de/data/a_als/atom/Mitte.zip,EPSG:25833,393000,5816000,394000,5817000
3dm_33_393_5817_1_be.las,Mitte.zip,https://gdi.berlin.de/data/a_als/atom/Mitte.zip,EPSG:25833,393000,5817000,394000,5818000
3dm_33_393_5818_1_be.las,Mitte.zip,https://gdi.berlin.de/data/a_als/atom/Mitte.zip,EPSG:25833,393000,5818000,394000,5819000
3dm_33_393_5819_1_be.las,Mitte.zip,https://gdi.berlin.de/data/a_als/atom/Mitte.zip,EPSG:25833,393000,5819000,394000,5820000
3dm_33_393_5820_1_be.las,Mitte.zip,https://gdi.berlin.de/data/a_als/atom/Mitte.zip,EPSG:25833,393000,5820000,394000,5821000
3dm_33_393_5821_1_be.las,Mitte.zip,https://gdi.berlin.de/data/a_als/atom/Mitte.zip,EPSG:25833,393000,5821000,394000,5822000
3dm_33_393_5822_1_be.las,Mitte.zip,https://gdi.berlin.de/data/a_als/atom/Mitte.zip,EPSG:25833,393000,5822000,394000,5823000
3dm_33_393_5823_1_be.las,Mitte.zip,https://gdi.berlin.de/data/a_als/atom/Mitte.zip,EPSG:25833,393000,5823000,394000,5824000
3dm_33_393_5824_1_be.las,Mitte.zip,https://gdi.berlin.de/data/a_als/atom/Mitte.zip,EPSG:25833,393000,5824000,394000,5825000
3dm_33_393_5825_1_be.las,Mitte.zip,https://gdi.berlin.de/data/a_als/atom/Mitte.zip,EPSG:25833,393000,5825000,394000,5826000
3dm_33_394_5816_1_be.las,Mitte.zip,https://gdi.berlin.de/data/a_als/atom/Mitte.zip,EPSG:25833,394000,5816000,395000,5817000
3dm_33_394_5817_1_be.las,Mitte.zip,https://gdi.berlin.de/data/a_als/atom/Mitte.zip,EPSG:25833,394000,5817000,395000,5818000
3dm_33_394_5818_1_be.las,Mitte.zip,https://gdi.berlin.de/data/a_als/atom/Mitte.zip,EPSG:25833,394000,5818000,395000,5819000
3dm_33_394_5819_1_be.las,Mitte.zip,https://gdi.berlin.de/data/a_als/atom/Mitte.zip,EPSG:25833,394000,5819000,395000,5820000
3dm_33_394_5820_1_be.las,Mitte.zip,https://gdi.berlin.de/data/a_als/atom/Mitte.zip,EPSG:25833,394000,5820000,395000,5821000
3dm_33_394_5821_1_be.las,Mitte.zip,https://gdi.berlin.de/data/a_als/atom/Mitte.zip,EPSG:25833,394000,5821000,395000,5822000
3dm_33_394_5822_1_be.las,Mitte.zip,https://gdi.berlin.de/data/a_als/atom/Mitte.zip,EPSG:25833,394000,5822000,395000,5823000
3dm_33_394_5823_1_be.las,Mitte.zip,https://gdi.berlin.de/data/a_als/atom/Mitte.zip,EPSG:25833,394000,5823000,395000,5824000
3dm_33_394_5824_1_be.las,Mitte.zip,https://gdi.berlin.de/data/a_als/atom/Mitte.zip,EPSG:25833,394000,5824000,395000,5825000
3dm_33_394_5825_1_be.las,Mitte.zip,https://gdi.berlin.de/data/a_als/atom/Mitte.zip,EPSG:25833,394000,5825000,395000,5826000
3dm_33_395_5816_1_be.las,Mitte.zip,https://gdi.berlin.de/data/a_als/atom/Mitte.zip,EPSG:25833,395000,5816000,396000,5817000
3dm_33_395_5817_1_be.las,Mitte.zip,https://gdi.berlin.de/data/a_als/atom/Mitte.zip,EPSG:25833,395000,5817000,396000,5818000
3dm_33_395_5818_1_be.las,Mitte.zip,https://gdi.berlin.de/data/a_als/atom/Mitte.zip,EPSG:25833,395000,5818000,396000,5819000
3dm_33_395_5819_1_be.las,Mitte.zip,https://gdi.berlin.de/data/a_als/atom/Mitte.zip,EPSG:25833,395000,5819000,396000,5820000
3dm_33_395_5820_1_be.las,Mitte.zip,https://gdi.berlin.de/data/a_als/atom/Mitte.zip,EPSG:25833,395000,5820000,396000,5821000
3dm_33_395_5821_1_be.las,Mitte.zip,https://gdi.berlin.de/data/a_als/atom/Mitte.zip,EPSG:25833,395000,5821000,396000,5822000
3dm_33_395_5822_1_be.las,Mitte.zip,https://gdi.berlin.de/data/a_als/atom/Mitte.zip,EPSG:25833,395000,5822000,396000,5823000
3dm_33_395_5823_1_be.las,Mitte.zip,https://gdi.berlin.de/data/a_als/atom/Mitte.zip,EPSG:25833,395000,5823000,396000,5824000
3dm_33_395_5824_1_be.las,Mitte.zip,https://gdi.berlin.de/data/a_als/atom/Mitte.zip,EPSG:25833,395000,5824000,396000,5825000
3dm_33_395_5825_1_be.las,Mitte.zip,https://gdi.berlin.de/data/a_als/atom/Mitte.zip,EPSG:25833,395000,5825000,396000,5826000
3dm_33_396_5816_1_be.las,Mitte.zip,https://gdi.berlin.de/data/a_als/atom/Mitte.zip,EPSG:25833,396000,5816000,397000,5817000
3dm_33_396_5817_1_be.las,Mitte.zip,https://gdi.berlin.de/data/a_als/atom/Mitte.zip,EPSG:25833,396000,5817000,397000,5818000
3dm_33_396_5818_1_be.las,Mitte.zip,https://gdi.berlin.de/data/a_als/atom/Mitte.zip,EPSG:25833,396000,5818000,397000,5819000
3dm_33_396_5819_1_be.las,Mitte.zip,https://gdi.berlin.de/data/a_als/atom/Mitte.zip,EPSG:25833,396000,5819000,397000,5820000
3dm_33_396_5820_1_be.las,Mitte.zip,https://gdi.berlin.de/data/a_als/atom/Mitte.zip,EPSG:25833,396000,5820000,397000,5821000
3dm_33_396_5821_1_be.las,Mitte.zip,https://gdi.berlin.de/data/a_als/atom/Mitte.zip,EPSG:25833,396000,5821000,397000,5822000
3dm_33_396_5822_1_be.las,Mitte.zip,https://gdi.berlin.de/data/a_als/atom/Mitte.zip,EPSG:25833,396000,5822000,397000,5823000
3dm_33_396_5823_1_be.las,Mitte.zip,https://gdi.berlin.de/data/a_als/atom/Mitte.zip,EPSG:25833,396000,5823000,397000,5824000
3dm_33_396_5824_1_be.las,Mitte.zip,https://gdi.berlin.de/data/a_als/atom/Mitte.zip,EPSG:25833,396000,5824000,397000,5825000
3dm_33_396_5825_1_be.las,Mitte.zip,https://gdi.berlin.de/data/a_als/atom/Mitte.zip,EPSG:25833,396000,5825000,397000,5826000
3dm_33_397_5816_1_be.las,Mitte.zip,https://gdi.berlin.de/data/a_als/atom/Mitte.zip,EPSG:25833,397000,5816000,398000,5817000
3dm_33_397_5817_1_be.las,Mitte.zip,https://gdi.berlin.de/data/a_als/atom/Mitte.zip,EPSG:25833,397000,5817000,398000,5818000
3dm_33_397_5818_1_be.las,Mitte.zip,https://gdi.berlin.de/data/a_als/atom/Mitte.zip,EPSG:25833,397000,5818000,398000,5819000
3dm_33_397_5819_1_be.las,Mitte.zip,https://gdi.berlin.de/data/a_als/atom/Mitte.zip,EPSG:25833,397000,5819000,398000,5820000
3dm_33_397_5820_1_be.las,Mitte.zip,https://gdi.berlin.de/data/a_als/atom/Mitte.zip,EPSG:25833,397000,5820000,398000,5821000
3dm_33_397_5821_1_be.las,Mitte.zip,https://gdi.berlin.de/data/a_als/atom/Mitte.zip,EPSG:25833,397000,5821000,398000,5822000
3dm_33_397_5822_1_be.las,Mitte.zip,https://gdi.berlin.de/data/a_als/atom/Mitte.zip,EPSG:25833,397000,5822000,398000,5823000
3dm_33_397_5823_1_be.las,Mitte.zip,https://gdi.berlin.de/data/a_als/atom/Mitte.zip,EPSG:25833,397000,5823000,398000,5824000
3dm_33_397_5824_1_be.las,Mitte.zip,https://gdi.berlin.de/data/a_als/atom/Mitte.zip,EPSG:25833,397000,5824000,398000,5825000
3dm_33_397_5825_1_be.las,Mitte.zip,https://gdi.berlin.de/data/a_als/atom/Mitte.zip,EPSG:25833,397000,5825000,398000,5826000
3dm_33_398_5816_1_be.las,Mitte.zip,https://gdi.berlin.de/data/a_als/atom/Mitte.zip,EPSG:25833,398000,5816000,399000,5817000
3dm_33_398_5817_1_be.las,Mitte.zip,https://gdi.berlin.de/data/a_als/atom/Mitte.zip,EPSG:25833,398000,5817000,399000,5818000
3dm_33_398_5818_1_be.las,Mitte.zip,https://gdi.berlin.de/data/a_als/atom/Mitte.zip,EPSG:25833,398000,5818000,399000,5819000
3dm_33_398_5819_1_be.las,Mitte.zip,https://gdi.berlin.de/data/a_als/atom/Mitte.zip,EPSG:25833,398000,5819000,399000,5820000
3dm_33_398_5820_1_be.las,Mitte.zip,https://gdi.berlin.de/data/a_als/atom/Mitte.zip,EPSG:25833,398000,5820000,399000,5821000
3dm_33_398_5821_1_be.las,Mitte.zip,https://gdi.berlin.de/data/a_als/atom/Mitte.zip,EPSG:25833,398000,5821000,399000,5822000
3dm_33_398_5822_1_be.las,Mitte.zip,https://gdi.berlin.de/data/a_als/atom/Mitte.zip,EPSG:25833,398000,5822000,399000,5823000
3dm_33_398_5823_1_be.las,Mitte.zip,https://gdi.berlin.de/data/a_als/atom/Mitte.zip,EPSG:25833,398000,5823000,399000,5824000
3dm_33_398_5824_1_be.las,Mitte.zip,https://gdi.berlin.de/data/a_als/atom/Mitte.zip,EPSG:25833,398000,5824000,399000,5825000
3dm_33_398_5825_1_be.las,Mitte.zip,https://gdi.berlin.de/data/a_als/atom/Mitte.zip,EPSG:25833,398000,5825000,399000,5826000
3dm_33_399_5816_1_be.las,Mitte.zip,https://gdi.berlin.de/data/a_als/atom/Mitte.zip,EPSG:25833,399000,5816000,400000,5817000
3dm_33_399_5817_1_be.las,Mitte.zip,https://gdi.berlin.de/data/a_als/atom/Mitte.zip,EPSG:25833,399000,5817000,400000,5818000
3dm_33_399_5818_1_be.las,Mitte.zip,https://gdi.berlin.de/data/a_als/atom/Mitte.zip,EPSG:25833,399000,5818000,400000,5819000
3dm_33_399_5819_1_be.las,Mitte.zip,https://gdi.berlin.de/data/a_als/atom/Mitte.zip,EPSG:25833,399000,5819000,400000,5820000
3dm_33_399_5820_1_be.las,Mitte.zip,https://gdi.berlin.de/data/a_als/atom/Mitte.zip,EPSG:25833,399000,5820000,400000,5821000
3dm_33_399_5821_1_be.las,Mitte.zip,https://gdi.berlin.de/data/a_als/atom/Mitte.zip,EPSG:25833,399000,5821000,400000,5822000
3dm_33_399_5822_1_be.las,Mitte.zip,https://gdi.berlin.de/data/a_als/atom/Mitte.zip,EPSG:25833,399000,5822000,400000,5823000
3dm_33_399_5823_1_be.las,Mitte.zip,https://gdi.berlin.de/data/a_als/atom/Mitte.zip,EPSG:25833,399000,5823000,400000,5824000
3dm_33_399_5824_1_be.las,Mitte.zip,https://gdi.berlin.de/data/a_als/atom/Mitte.zip,EPSG:25833,399000,5824000,400000,5825000
3dm_33_399_5825_1_be.las,Mitte.zip,https://gdi.berlin.de/data/a_als/atom/Mitte.zip,EPSG:25833,399000,5825000,400000,5826000
3dm_33_384_5826_1_be.las,Nord.zip,https://gdi.berlin.de/data/a_als/atom/Nord.zip,EPSG:25833,384000,5826000,385000,5827000
3dm_33_384_5827_1_be.las,Nord.zip,https://gdi.berlin.de/data/a_als/atom/Nord.zip,EPSG:25833,384000,5827000,385000,5828000
3dm_33_384_5828_1_be.las,Nord.zip,https://gdi.berlin.de/data/a_als/atom/Nord.zip,EPSG:25833,384000,5828000,385000,5829000
3dm_33_384_5829_1_be.las,Nord.zip,https://gdi.berlin.de/data/a_als/atom/Nord.zip,EPSG:25833,384000,5829000,385000,5830000
3dm_33_384_5830_1_be.las,Nord.zip,https://gdi.berlin.de/data/a_als/atom/Nord.zip,EPSG:25833,384000,5830000,385000,5831000
3dm_33_384_5831_1_be.las,Nord.zip,https://gdi.berlin.de/data/a_als/atom/Nord.zip,EPSG:25833,384000,5831000,385000,5832000
3dm_33_384_5832_1_be.las,Nord.zip,https://gdi.berlin.de/data/a_als/atom/Nord.zip,EPSG:25833,384000,5832000,385000,5833000
3dm_33_384_5833_1_be.las,Nord.zip,https://gdi.berlin.de/data/a_als/atom/Nord.zip,EPSG:25833,384000,5833000,385000,5834000
3dm_33_384_5834_1_be.las,Nord.zip,https://gdi.berlin.de/data/a_als/atom/Nord.zip,EPSG:25833,384000,5834000,385000,5835000
3dm_33_384_5835_1_be.las,Nord.zip,https://gdi.berlin.de/data/a_als/atom/Nord.zip,EPSG:25833,384000,5835000,385000,5836000
3dm_33_384_5836_1_be.las,Nord.zip,https://gdi.berlin.de/data/a_als/atom/Nord.zip,EPSG:25833,384000,5836000,385000,5837000
3dm_33_385_5826_1_be.las,Nord.zip,https://gdi.berlin.de/data/a_als/atom/Nord.zip,EPSG:25833,385000,5826000,386000,5827000
3dm_33_385_5827_1_be.las,Nord.zip,https://gdi.berlin.de/data/a_als/atom/Nord.zip,EPSG:25833,385000,5827000,386000,5828000
3dm_33_385_5828_1_be.las,Nord.zip,https://gdi.berlin.de/data/a_als/atom/Nord.zip,EPSG:25833,385000,5828000,386000,5829000
3dm_33_385_5829_1_be.las,Nord.zip,https://gdi.berlin.de/data/a_als/atom/Nord.zip,EPSG:25833,385000,5829000,386000,5830000
3dm_33_385_5830_1_be.las,Nord.zip,https://gdi.berlin.de/data/a_als/atom/Nord.zip,EPSG:25833,385000,5830000,386000,5831000
3dm_33_385_5831_1_be.las,Nord.zip,https://gdi.berlin.de/data/a_als/atom/Nord.zip,EPSG:25833,385000,5831000,386000,5832000
3dm_33_385_5832_1_be.las,Nord.zip,https://gdi.berlin.de/data/a_als/atom/Nord.zip,EPSG:25833,385000,5832000,386000,5833000
3dm_33_385_5833_1_be.las,Nord.zip,https://gdi.berlin.de/data/a_als/atom/Nord.zip,EPSG:25833,385000,5833000,386000,5834000
3dm_33_385_5834_1_be.las,Nord.zip,https://gdi.berlin.de/data/a_als/atom/Nord.zip,EPSG:25833,385000,5834000,386000,5835000
3dm_33_385_5835_1_be.las,Nord.zip,https://gdi.berlin.de/data/a_als/atom/Nord.zip,EPSG:25833,385000,5835000,386000,5836000
3dm_33_385_5836_1_be.las,Nord.zip,https://gdi.berlin.de/data/a_als/atom/Nord.zip,EPSG:25833,385000,5836000,386000,5837000
3dm_33_386_5826_1_be.las,Nord.zip,https://gdi.berlin.de/data/a_als/atom/Nord.zip,EPSG:25833,386000,5826000,387000,5827000
3dm_33_386_5827_1_be.las,Nord.zip,https://gdi.berlin.de/data/a_als/atom/Nord.zip,EPSG:25833,386000,5827000,387000,5828000
3dm_33_386_5828_1_be.las,Nord.zip,https://gdi.berlin.de/data/a_als/atom/Nord.zip,EPSG:25833,386000,5828000,387000,5829000
3dm_33_386_5829_1_be.las,Nord.zip,https://gdi.berlin.de/data/a_als/atom/Nord.zip,EPSG:25833,386000,5829000,387000,5830000
3dm_33_386_5830_1_be.las,Nord.zip,https://gdi.berlin.de/data/a_als/atom/Nord.zip,EPSG:25833,386000,5830000,387000,5831000
3dm_33_386_5831_1_be.las,Nord.zip,https://gdi.berlin.de/data/a_als/atom/Nord.zip,EPSG:25833,386000,5831000,387000,5832000
3dm_33_386_5832_1_be.las,Nord.zip,https://gdi.berlin.de/data/a_als/atom/Nord.zip,EPSG:25833,386000,5832000,387000,5833000
3dm_33_387_5826_1_be.las,Nord.zip,https://gdi.berlin.de/data/a_als/atom/Nord.zip,EPSG:25833,387000,5826000,388000,5827000
3dm_33_387_5827_1_be.las,Nord.zip,https://gdi.berlin.de/data/a_als/atom/Nord.zip,EPSG:25833,387000,5827000,388000,5828000
3dm_33_387_5828_1_be.las,Nord.zip,https://gdi.berlin.de/data/a_als/atom/Nord.zip,EPSG:25833,387000,5828000,388000,5829000
3dm_33_387_5829_1_be.las,Nord.zip,https://gdi.berlin.de/data/a_als/atom/Nord.zip,EPSG:25833,387000,5829000,388000,5830000
3dm_33_387_5830_1_be.las,Nord.zip,https://gdi.berlin.de/data/a_als/atom/Nord.zip,EPSG:25833,387000,5830000,388000,5831000
3dm_33_387_5831_1_be.las,Nord.zip,https://gdi.berlin.de/data/a_als/atom/Nord.zip,EPSG:25833,387000,5831000,388000,5832000
3dm_33_387_5832_1_be.las,Nord.zip,https://gdi.berlin.de/data/a_als/atom/Nord.zip,EPSG:25833,387000,5832000,388000,5833000
3dm_33_388_5826_1_be.las,Nord.zip,https://gdi.berlin.de/data/a_als/atom/Nord.zip,EPSG:25833,388000,5826000,389000,5827000
3dm_33_388_5827_1_be.las,Nord.zip,https://gdi.berlin.de/data/a_als/atom/Nord.zip,EPSG:25833,388000,5827000,389000,5828000
3dm_33_388_5828_1_be.las,Nord.zip,https://gdi.berlin.de/data/a_als/atom/Nord.zip,EPSG:25833,388000,5828000,389000,5829000
3dm_33_388_5829_1_be.las,Nord.zip,https://gdi.berlin.de/data/a_als/atom/Nord.zip,EPSG:25833,388000,5829000,389000,5830000
3dm_33_388_5830_1_be.las,Nord.zip,https://gdi.berlin.de/data/a_als/atom/Nord.zip,EPSG:25833,388000,5830000,389000,5831000
3dm_33_388_5831_1_be.las,Nord.zip,https://gdi.berlin.de/data/a_als/atom/Nord.zip,EPSG:25833,388000,5831000,389000,5832000
3dm_33_389_5826_1_be.las,Nord.zip,https://gdi.berlin.de/data/a_als/atom/Nord.zip,EPSG:25833,389000,5826000,390000,5827000
3dm_33_389_5827_1_be.las,Nord.zip,https://gdi.berlin.de/data/a_als/atom/Nord.zip,EPSG:25833,389000,5827000,390000,5828000
3dm_33_389_5828_1_be.las,Nord.zip,https://gdi.berlin.de/data/a_als/atom/Nord.zip,EPSG:25833,389000,5828000,390000,5829000
3dm_33_389_5829_1_be.las,Nord.zip,https://gdi.berlin.de/data/a_als/atom/Nord.zip,EPSG:25833,389000,5829000,390000,5830000
3dm_33_389_5830_1_be.las,Nord.zip,https://gdi.berlin.de/data/a_als/atom/Nord.zip,EPSG:25833,389000,5830000,390000,5831000
3dm_33_389_5831_1_be.las,Nord.zip,https://gdi.berlin.de/data/a_als/atom/Nord.zip,EPSG:25833,389000,5831000,390000,5832000
3dm_33_389_5832_1_be.las,Nord.zip,https://gdi.berlin.de/data/a_als/atom/Nord.zip,EPSG:25833,389000,5832000,390000,5833000
3dm_33_390_5826_1_be.las,Nord.zip,https://gdi.berlin.de/data/a_als/atom/Nord.zip,EPSG:25833,390000,5826000,391000,5827000
3dm_33_390_5827_1_be.las,Nord.zip,https://gdi.berlin.de/data/a_als/atom/Nord.zip,EPSG:25833,390000,5827000,391000,5828000
3dm_33_390_5828_1_be.las,Nord.zip,https://gdi.berlin.de/data/a_als/atom/Nord.zip,EPSG:25833,390000,5828000,391000,5829000
3dm_33_390_5829_1_be.las,Nord.zip,https://gdi.berlin.de/data/a_als/atom/Nord.zip,EPSG:25833,390000,5829000,391000,5830000
3dm_33_390_5830_1_be.las,Nord.zip,https://gdi.berlin.de/data/a_als/atom/Nord.zip,EPSG:25833,390000,5830000,391000,5831000
3dm_33_390_5831_1_be.las,Nord.zip,https://gdi.berlin.de/data/a_als/atom/Nord.zip,EPSG:25833,390000,5831000,391000,5832000
3dm_33_390_5832_1_be.las,Nord.zip,https://gdi.berlin.de/data/a_als/atom/Nord.zip,EPSG:25833,390000,5832000,391000,5833000
3dm_33_390_5833_1_be.las,Nord.zip,https://gdi.berlin.de/data/a_als/atom/Nord.zip,EPSG:25833,390000,5833000,391000,5834000
3dm_33_390_5834_1_be.las,Nord.zip,https://gdi.berlin.de/data/a_als/atom/Nord.zip,EPSG:25833,390000,5834000,391000,5835000
3dm_33_391_5826_1_be.las,Nord.zip,https://gdi.berlin.de/data/a_als/atom/Nord.zip,EPSG:25833,391000,5826000,392000,5827000
3dm_33_391_5827_1_be.las,Nord.zip,https://gdi.berlin.de/data/a_als/atom/Nord.zip,EPSG:25833,391000,5827000,392000,5828000
3dm_33_391_5828_1_be.las,Nord.zip,https://gdi.berlin.de/data/a_als/atom/Nord.zip,EPSG:25833,391000,5828000,392000,5829000
3dm_33_391_5829_1_be.las,Nord.zip,https://gdi.berlin.de/data/a_als/atom/Nord.zip,EPSG:25833,391000,5829000,392000,5830000
3dm_33_391_5830_1_be.las,Nord.zip,https://gdi.berlin.de/data/a_als/atom/Nord.zip,EPSG:25833,391000,5830000,392000,5831000
3dm_33_391_5831_1_be.las,Nord.zip,https://gdi.berlin.de/data/a_als/atom/Nord.zip,EPSG:25833,391000,5831000,392000,5832000
3dm_33_391_5832_1_be.las,Nord.zip,https://gdi.berlin.de/data/a_als/atom/Nord.zip,EPSG:25833,391000,5832000,392000,5833000
3dm_33_391_5833_1_be.las,Nord.zip,https://gdi.berlin.de/data/a_als/atom/Nord.zip,EPSG:25833,391000,5833000,392000,5834000
3dm_33_391_5834_1_be.las,Nord.zip,https://gdi.berlin.de/data/a_als/atom/Nord.zip,EPSG:25833,391000,5834000,392000,5835000
3dm_33_392_5826_1_be.las,Nord.zip,https://gdi.berlin.de/data/a_als/atom/Nord.zip,EPSG:25833,392000,5826000,393000,5827000
3dm_33_392_5827_1_be.las,Nord.zip,https://gdi.berlin.de/data/a_als/atom/Nord.zip,EPSG:25833,392000,5827000,393000,5828000
3dm_33_392_5828_1_be.las,Nord.zip,https://gdi.berlin.de/data/a_als/atom/Nord.zip,EPSG:25833,392000,5828000,393000,5829000
3dm_33_392_5829_1_be.las,Nord.zip,https://gdi.berlin.de/data/a_als/atom/Nord.zip,EPSG:25833,392000,5829000,393000,5830000
3dm_33_392_5830_1_be.las,Nord.zip,https://gdi.berlin.de/data/a_als/atom/Nord.zip,EPSG:25833,392000,5830000,393000,5831000
3dm_33_392_5831_1_be.las,Nord.zip,https://gdi.berlin.de/data/a_als/atom/Nord.zip,EPSG:25833,392000,5831000,393000,5832000
3dm_33_392_5832_1_be.las,Nord.zip,https://gdi.berlin.de/data/a_als/atom/Nord.zip,EPSG:25833,392000,5832000,393000,5833000
3dm_33_392_5833_1_be.las,Nord.zip,https://gdi.berlin.de/data/a_als/atom/Nord.zip,EPSG:25833,392000,5833000,393000,5834000
3dm_33_392_5834_1_be.las,Nord.zip,https://gdi.berlin.de/data/a_als/atom/Nord.zip,EPSG:25833,392000,5834000,393000,5835000
3dm_33_393_5826_1_be.las,Nord.zip,https://gdi.berlin.de/data/a_als/atom/Nord.zip,EPSG:25833,393000,5826000,394000,5827000
3dm_33_393_5827_1_be.las,Nord.zip,https://gdi.berlin.de/data/a_als/atom/Nord.zip,EPSG:25833,393000,5827000,394000,5828000
3dm_33_393_5828_1_be.las,Nord.zip,https://gdi.berlin.de/data/a_als/atom/Nord.zip,EPSG:25833,393000,5828000,394000,5829000
3dm_33_393_5829_1_be.las,Nord.zip,https://gdi.berlin.de/data/a_als/atom/Nord.zip,EPSG:25833,393000,5829000,394000,5830000
3dm_33_393_5830_1_be.las,Nord.zip,https://gdi.berlin.de/data/a_als/atom/Nord.zip,EPSG:25833,393000,5830000,394000,5831000
3dm_33_393_5831_1_be.las,Nord.zip,https://gdi.berlin.de/data/a_als/atom/Nord.zip,EPSG:25833,393000,5831000,394000,5832000
3dm_33_393_5832_1_be.las,Nord.zip,https://gdi.berlin.de/data/a_als/atom/Nord.zip,EPSG:25833,393000,5832000,394000,5833000
3dm_33_393_5833_1_be.las,Nord.zip,https://gdi.berlin.de/data/a_als/atom/Nord.zip,EPSG:25833,393000,5833000,394000,5834000
3dm_33_393_5834_1_be.las,Nord.zip,https://gdi.berlin.de/data/a_als/atom/Nord.zip,EPSG:25833,393000,5834000,394000,5835000
3dm_33_394_5826_1_be.las,Nord.zip,https://gdi.berlin.de/data/a_als/atom/Nord.zip,EPSG:25833,394000,5826000,395000,5827000
3dm_33_394_5827_1_be.las,Nord.zip,https://gdi.berlin.de/data/a_als/atom/Nord.zip,EPSG:25833,394000,5827000,395000,5828000
3dm_33_394_5828_1_be.las,Nord.zip,https://gdi.berlin.de/data/a_als/atom/Nord.zip,EPSG:25833,394000,5828000,395000,5829000
3dm_33_394_5829_1_be.las,Nord.zip,https://gdi.berlin.de/data/a_als/atom/Nord.zip,EPSG:25833,394000,5829000,395000,5830000
3dm_33_394_5830_1_be.las,Nord.zip,https://gdi.berlin.de/data/a_als/atom/Nord.zip,EPSG:25833,394000,5830000,395000,5831000
3dm_33_394_5831_1_be.las,Nord.zip,https://gdi.berlin.de/data/a_als/atom/Nord.zip,EPSG:25833,394000,5831000,395000,5832000
3dm_33_394_5832_1_be.las,Nord.zip,https://gdi.berlin.de/data/a_als/atom/Nord.zip,EPSG:25833,394000,5832000,395000,5833000
3dm_33_394_5833_1_be.las,Nord.zip,https://gdi.berlin.de/data/a_als/atom/Nord.zip,EPSG:25833,394000,5833000,395000,5834000
3dm_33_394_5834_1_be.las,Nord.zip,https://gdi.berlin.de/data/a_als/atom/Nord.zip,EPSG:25833,394000,5834000,395000,5835000
3dm_33_394_5835_1_be.las,Nord.zip,https://gdi.berlin.de/data/a_als/atom/Nord.zip,EPSG:25833,394000,5835000,395000,5836000
3dm_33_395_5826_1_be.las,Nord.zip,https://gdi.berlin.de/data/a_als/atom/Nord.zip,EPSG:25833,395000,5826000,396000,5827000
3dm_33_395_5827_1_be.las,Nord.zip,https://gdi.berlin.de/data/a_als/atom/Nord.zip,EPSG:25833,395000,5827000,396000,5828000
3dm_33_395_5828_1_be.las,Nord.zip,https://gdi.berlin.de/data/a_als/atom/Nord.zip,EPSG:25833,395000,5828000,396000,5829000
3dm_33_395_5829_1_be.las,Nord.zip,https://gdi.berlin.de/data/a_als/atom/Nord.zip,EPSG:25833,395000,5829000,396000,5830000
3dm_33_395_5830_1_be.las,Nord.zip,https://gdi.berlin.de/data/a_als/atom/Nord.zip,EPSG:25833,395000,5830000,396000,5831000
3dm_33_395_5831_1_be.las,Nord.zip,https://gdi.berlin.de/data/a_als/atom/Nord.zip,EPSG:25833,395000,5831000,396000,5832000
3dm_33_395_5832_1_be.las,Nord.zip,https://gdi.berlin.de/data/a_als/atom/Nord.zip,EPSG:25833,395000,5832000,396000,5833000
3dm_33_395_5833_1_be.las,Nord.zip,https://gdi.berlin.de/data/a_als/atom/Nord.zip,EPSG:25833,395000,5833000,396000,5834000
3dm_33_395_5834_1_be.las,Nord.zip,https://gdi.berlin.de/data/a_als/atom/Nord.zip,EPSG:25833,395000,5834000,396000,5835000
3dm_33_395_5835_1_be.las,Nord.zip,https://gdi.berlin.de/data/a_als/atom/Nord.zip,EPSG:25833,395000,5835000,396000,5836000
3dm_33_395_5836_1_be.las,Nord.zip,https://gdi.berlin.de/data/a_als/atom/Nord.zip,EPSG:25833,395000,5836000,396000,5837000
3dm_33_396_5826_1_be.las,Nord.zip,https://gdi.berlin.de/data/a_als/atom/Nord.zip,EPSG:25833,396000,5826000,397000,5827000
3dm_33_396_5827_1_be.las,Nord.zip,https://gdi.berlin.de/data/a_als/atom/Nord.zip,EPSG:25833,396000,5827000,397000,5828000
3dm_33_396_5828_1_be.las,Nord.zip,https://gdi.berlin.de/data/a_als/atom/Nord.zip,EPSG:25833,396000,5828000,397000,5829000
3dm_33_396_5829_1_be.las,Nord.zip,https://gdi.berlin.de/data/a_als/atom/Nord.zip,EPSG:25833,396000,5829000,397000,5830000
3dm_33_396_5830_1_be.las,Nord.zip,https://gdi.berlin.de/data/a_als/atom/Nord.zip,EPSG:25833,396000,5830000,397000,5831000
3dm_33_396_5831_1_be.las,Nord.zip,https://gdi.berlin.de/data/a_als/atom/Nord.zip,EPSG:25833,396000,5831000,397000,5832000
3dm_33_396_5832_1_be.las,Nord.zip,https://gdi.berlin.de/data/a_als/atom/Nord.zip,EPSG:25833,396000,5832000,397000,5833000
3dm_33_396_5833_1_be.las,Nord.zip,https://gdi.berlin.de/data/a_als/atom/Nord.zip,EPSG:25833,396000,5833000,397000,5834000
3dm_33_396_5834_1_be.las,Nord.zip,https://gdi.berlin.de/data/a_als/atom/Nord.zip,EPSG:25833,396000,5834000,397000,5835000
3dm_33_396_5835_1_be.las,Nord.zip,https://gdi.berlin.de/data/a_als/atom/Nord.zip,EPSG:25833,396000,5835000,397000,5836000
3dm_33_396_5836_1_be.las,Nord.zip,https://gdi.berlin.de/data/a_als/atom/Nord.zip,EPSG:25833,396000,5836000,397000,5837000
3dm_33_396_5837_1_be.las,Nord.zip,https://gdi.berlin.de/data/a_als/atom/Nord.zip,EPSG:25833,396000,5837000,397000,5838000
3dm_33_397_5826_1_be.las,Nord.zip,https://gdi.berlin.de/data/a_als/atom/Nord.zip,EPSG:25833,397000,5826000,398000,5827000
3dm_33_397_5827_1_be.las,Nord.zip,https://gdi.berlin.de/data/a_als/atom/Nord.zip,EPSG:25833,397000,5827000,398000,5828000
3dm_33_397_5828_1_be.las,Nord.zip,https://gdi.berlin.de/data/a_als/atom/Nord.zip,EPSG:25833,397000,5828000,398000,5829000
3dm_33_397_5829_1_be.las,Nord.zip,https://gdi.berlin.de/data/a_als/atom/Nord.zip,EPSG:25833,397000,5829000,398000,5830000
3dm_33_397_5830_1_be.las,Nord.zip,https://gdi.berlin.de/data/a_als/atom/Nord.zip,EPSG:25833,397000,5830000,398000,5831000
3dm_33_397_5831_1_be.las,Nord.zip,https://gdi.berlin.de/data/a_als/atom/Nord.zip,EPSG:25833,397000,5831000,398000,5832000
3dm_33_397_5832_1_be.las,Nord.zip,https://gdi.berlin.de/data/a_als/atom/Nord.zip,EPSG:25833,397000,5832000,398000,5833000
3dm_33_397_5833_1_be.las,Nord.zip,https://gdi.berlin.de/data/a_als/atom/Nord.zip,EPSG:25833,397000,5833000,398000,5834000
3dm_33_397_5834_1_be.las,Nord.zip,https://gdi.berlin.de/data/a_als/atom/Nord.zip,EPSG:25833,397000,5834000,398000,5835000
3dm_33_397_5835_1_be.las,Nord.zip,https://gdi.berlin.de/data/a_als/atom/Nord.zip,EPSG:25833,397000,5835000,398000,5836000
3dm_33_397_5836_1_be.las,Nord.zip,https://gdi.berlin.de/data/a_als/atom/Nord.zip,EPSG:25833,397000,5836000,398000,5837000
3dm_33_397_5837_1_be.las,Nord.zip,https://gdi.berlin.de/data/a_als/atom/Nord.zip,EPSG:25833,397000,5837000,398000,5838000
3dm_33_398_5826_1_be.las,Nord.zip,https://gdi.berlin.de/data/a_als/atom/Nord.zip,EPSG:25833,398000,5826000,399000,5827000
3dm_33_398_5827_1_be.las,Nord.zip,https://gdi.berlin.de/data/a_als/atom/Nord.zip,EPSG:25833,398000,5827000,399000,5828000
3dm_33_398_5828_1_be.las,Nord.zip,https://gdi.berlin.de/data/a_als/atom/Nord.zip,EPSG:25833,398000,5828000,399000,5829000
3dm_33_398_5829_1_be.las,Nord.zip,https://gdi.berlin.de/data/a_als/atom/Nord.zip,EPSG:25833,398000,5829000,399000,5830000
3dm_33_398_5830_1_be.las,Nord.zip,https://gdi.berlin.de/data/a_als/atom/Nord.zip,EPSG:25833,398000,5830000,399000,5831000
3dm_33_398_5831_1_be.las,Nord.zip,https://gdi.berlin.de/data/a_als/atom/Nord.zip,EPSG:25833,398000,5831000,399000,5832000
3dm_33_398_5832_1_be.las,Nord.zip,https://gdi.berlin.de/data/a_als/atom/Nord.zip,EPSG:25833,398000,5832000,399000,5833000
3dm_33_398_5833_1_be.las,Nord.zip,https://gdi.berlin.de/data/a_als/atom/Nord.zip,EPSG:25833,398000,5833000,399000,5834000
3dm_33_398_5834_1_be.las,Nord.zip,https://gdi.berlin.de/data/a_als/atom/Nord.zip,EPSG:25833,398000,5834000,399000,5835000
3dm_33_398_5835_1_be.las,Nord.zip,https://gdi.berlin.de/data/a_als/atom/Nord.zip,EPSG:25833,398000,5835000,399000,5836000
3dm_33_398_5836_1_be.las,Nord.zip,https://gdi.berlin.de/data/a_als/atom/Nord.zip,EPSG:25833,398000,5836000,399000,5837000
3dm_33_399_5826_1_be.las,Nord.zip,https://gdi.berlin.de/data/a_als/atom/Nord.zip,EPSG:25833,399000,5826000,400000,5827000
3dm_33_399_5827_1_be.las,Nord.zip,https://gdi.berlin.de/data/a_als/atom/Nord.zip,EPSG:25833,399000,5827000,400000,5828000
3dm_33_399_5828_1_be.las,Nord.zip,https://gdi.berlin.de/data/a_als/atom/Nord.zip,EPSG:25833,399000,5828000,400000,5829000
3dm_33_399_5830_1_be.las,Nord.zip,https://gdi.berlin.de/data/a_als/atom/Nord.zip,EPSG:25833,399000,5830000,400000,5831000
3dm_33_399_5831_1_be.las,Nord.zip,https://gdi.berlin.de/data/a_als/atom/Nord.zip,EPSG:25833,399000,5831000,400000,5832000
3dm_33_399_5832_1_be.las,Nord.zip,https://gdi.berlin.de/data/a_als/atom/Nord.zip,EPSG:25833,399000,5832000,400000,5833000
3dm_33_399_5833_1_be.las,Nord.zip,https://gdi.berlin.de/data/a_als/atom/Nord.zip,EPSG:25833,399000,5833000,400000,5834000
3dm_33_399_5834_1_be.las,Nord.zip,https://gdi.berlin.de/data/a_als/atom/Nord.zip,EPSG:25833,399000,5834000,400000,5835000
3dm_33_400_5826_1_be.las,Nordost.zip,https://gdi.berlin.de/data/a_als/atom/Nordost.zip,EPSG:25833,400000,5826000,401000,5827000
3dm_33_400_5827_1_be.las,Nordost.zip,https://gdi.berlin.de/data/a_als/atom/Nordost.zip,EPSG:25833,400000,5827000,401000,5828000
3dm_33_400_5828_1_be.las,Nordost.zip,https://gdi.berlin.de/data/a_als/atom/Nordost.zip,EPSG:25833,400000,5828000,401000,5829000
3dm_33_400_5832_1_be.las,Nordost.zip,https://gdi.berlin.de/data/a_als/atom/Nordost.zip,EPSG:25833,400000,5832000,401000,5833000
3dm_33_400_5833_1_be.las,Nordost.zip,https://gdi.berlin.de/data/a_als/atom/Nordost.zip,EPSG:25833,400000,5833000,401000,5834000
3dm_33_400_5834_1_be.las,Nordost.zip,https://gdi.berlin.de/data/a_als/atom/Nordost.zip,EPSG:25833,400000,5834000,401000,5835000
3dm_33_401_5826_1_be.las,Nordost.zip,https://gdi.berlin.de/data/a_als/atom/Nordost.zip,EPSG:25833,401000,5826000,402000,5827000
3dm_33_401_5827_1_be.las,Nordost.zip,https://gdi.berlin.de/data/a_als/atom/Nordost.zip,EPSG:25833,401000,5827000,402000,5828000
3dm_33_402_5826_1_be.las,Nordost.zip,https://gdi.berlin.de/data/a_als/atom/Nordost.zip,EPSG:25833,402000,5826000,403000,5827000
3dm_33_402_5827_1_be.las,Nordost.zip,https://gdi.berlin.de/data/a_als/atom/Nordost.zip,EPSG:25833,402000,5827000,403000,5828000
3dm_33_403_5826_1_be.las,Nordost.zip,https://gdi.berlin.de/data/a_als/atom/Nordost.zip,EPSG:25833,403000,5826000,404000,5827000
3dm_33_372_5827_1_be.las,Nordwest.zip,https://gdi.berlin.de/data/a_als/atom/Nordwest.zip,EPSG:25833,372000,5827000,373000,5828000
3dm_33_372_5828_1_be.las,Nordwest.zip,https://gdi.berlin.de/data/a_als/atom/Nordwest.zip,EPSG:25833,372000,5828000,373000,5829000
3dm_33_373_5826_1_be.las,Nordwest.zip,https://gdi.berlin.de/data/a_als/atom/Nordwest.zip,EPSG:25833,373000,5826000,374000,5827000
3dm_33_373_5827_1_be.las,Nordwest.zip,https://gdi.berlin.de/data/a_als/atom/Nordwest.zip,EPSG:25833,373000,5827000,374000,5828000
3dm_33_373_5828_1_be.las,Nordwest.zip,https://gdi.berlin.de/data/a_als/atom/Nordwest.zip,EPSG:25833,373000,5828000,374000,5829000
3dm_33_374_5826_1_be.las,Nordwest.zip,https://gdi.berlin.de/data/a_als/atom/Nordwest.zip,EPSG:25833,374000,5826000,375000,5827000
3dm_33_374_5827_1_be.las,Nordwest.zip,https://gdi.berlin.de/data/a_als/atom/Nordwest.zip,EPSG:25833,374000,5827000,375000,5828000
3dm_33_374_5828_1_be.las,Nordwest.zip,https://gdi.berlin.de/data/a_als/atom/Nordwest.zip,EPSG:25833,374000,5828000,375000,5829000
3dm_33_374_5829_1_be.las,Nordwest.zip,https://gdi.berlin.de/data/a_als/atom/Nordwest.zip,EPSG:25833,374000,5829000,375000,5830000
3dm_33_375_5826_1_be.las,Nordwest.zip,https://gdi.berlin.de/data/a_als/atom/Nordwest.zip,EPSG:25833,375000,5826000,376000,5827000
3dm_33_375_5827_1_be.las,Nordwest.zip,https://gdi.berlin.de/data/a_als/atom/Nordwest.zip,EPSG:25833,375000,5827000,376000,5828000
3dm_33_375_5828_1_be.las,Nordwest.zip,https://gdi.berlin.de/data/a_als/atom/Nordwest.zip,EPSG:25833,375000,5828000,376000,5829000
3dm_33_375_5829_1_be.las,Nordwest.zip,https://gdi.berlin.de/data/a_als/atom/Nordwest.zip,EPSG:25833,375000,5829000,376000,5830000
3dm_33_376_5826_1_be.las,Nordwest.zip,https://gdi.berlin.de/data/a_als/atom/Nordwest.zip,EPSG:25833,376000,5826000,377000,5827000
3dm_33_376_5827_1_be.las,Nordwest.zip,https://gdi.berlin.de/data/a_als/atom/Nordwest.zip,EPSG:25833,376000,5827000,377000,5828000
3dm_33_376_5828_1_be.las,Nordwest.zip,https://gdi.berlin.de/data/a_als/atom/Nordwest.zip,EPSG:25833,376000,5828000,377000,5829000
3dm_33_376_5829_1_be.las,Nordwest.zip,https://gdi.berlin.de/data/a_als/atom/Nordwest.zip,EPSG:25833,376000,5829000,377000,5830000
3dm_33_377_5826_1_be.las,Nordwest.zip,https://gdi.berlin.de/data/a_als/atom/Nordwest.zip,EPSG:25833,377000,5826000,378000,5827000
3dm_33_377_5827_1_be.las,Nordwest.zip,https://gdi.berlin.de/data/a_als/atom/Nordwest.zip,EPSG:25833,377000,5827000,378000,5828000
3dm_33_377_5828_1_be.las,Nordwest.zip,https://gdi.berlin.de/data/a_als/atom/Nordwest.zip,EPSG:25833,377000,5828000,378000,5829000
3dm_33_377_5829_1_be.las,Nordwest.zip,https://gdi.berlin.de/data/a_als/atom/Nordwest.zip,EPSG:25833,377000,5829000,378000,5830000
3dm_33_377_5830_1_be.las,Nordwest.zip,https://gdi.berlin.de/data/a_als/atom/Nordwest.zip,EPSG:25833,377000,5830000,378000,5831000
3dm_33_378_5826_1_be.las,Nordwest.zip,https://gdi.berlin.de/data/a_als/atom/Nordwest.zip,EPSG:25833,378000,5826000,379000,5827000
3dm_33_378_5827_1_be.las,Nordwest.zip,https://gdi.berlin.de/data/a_als/atom/Nordwest.zip,EPSG:25833,378000,5827000,379000,5828000
3dm_33_378_5828_1_be.las,Nordwest.zip,https://gdi.berlin.de/data/a_als/atom/Nordwest.zip,EPSG:25833,378000,5828000,379000,5829000
3dm_33_378_5829_1_be.las,Nordwest.zip,https://gdi.berlin.de/data/a_als/atom/Nordwest.zip,EPSG:25833,378000,5829000,379000,5830000
3dm_33_378_5830_1_be.las,Nordwest.zip,https://gdi.berlin.de/data/a_als/atom/Nordwest.zip,EPSG:25833,378000,5830000,379000,5831000
3dm_33_378_5831_1_be.las,Nordwest.zip,https://gdi.berlin.de/data/a_als/atom/Nordwest.zip,EPSG:25833,378000,5831000,379000,5832000
3dm_33_379_5826_1_be.las,Nordwest.zip,https://gdi.berlin.de/data/a_als/atom/Nordwest.zip,EPSG:25833,379000,5826000,380000,5827000
3dm_33_379_5827_1_be.las,Nordwest.zip,https://gdi.berlin.de/data/a_als/atom/Nordwest.zip,EPSG:25833,379000,5827000,380000,5828000
3dm_33_379_5828_1_be.las,Nordwest.zip,https://gdi.berlin.de/data/a_als/atom/Nordwest.zip,EPSG:25833,379000,5828000,380000,5829000
3dm_33_379_5829_1_be.las,Nordwest.zip,https://gdi.berlin.de/data/a_als/atom/Nordwest.zip,EPSG:25833,379000,5829000,380000,5830000
3dm_33_379_5830_1_be.las,Nordwest.zip,https://gdi.berlin.de/data/a_als/atom/Nordwest.zip,EPSG:25833,379000,5830000,380000,5831000
3dm_33_379_5831_1_be.las,Nordwest.zip,https://gdi.berlin.de/data/a_als/atom/Nordwest.zip,EPSG:25833,379000,5831000,380000,5832000
3dm_33_379_5832_1_be.las,Nordwest.zip,https://gdi.berlin.de/data/a_als/atom/Nordwest.zip,EPSG:25833,379000,5832000,380000,5833000
3dm_33_380_5826_1_be.las,Nordwest.zip,https://gdi.berlin.de/data/a_als/atom/Nordwest.zip,EPSG:25833,380000,5826000,381000,5827000
3dm_33_380_5827_1_be.las,Nordwest.zip,https://gdi.berlin.de/data/a_als/atom/Nordwest.zip,EPSG:25833,380000,5827000,381000,5828000
3dm_33_380_5828_1_be.las,Nordwest.zip,https://gdi.berlin.de/data/a_als/atom/Nordwest.zip,EPSG:25833,380000,5828000,381000,5829000
3dm_33_380_5829_1_be.las,Nordwest.zip,https://gdi.berlin.de/data/a_als/atom/Nordwest.zip,EPSG:25833,380000,5829000,381000,5830000
3dm_33_380_5830_1_be.las,Nordwest.zip,https://gdi.berlin.de/data/a_als/atom/Nordwest.zip,EPSG:25833,380000,5830000,381000,5831000
3dm_33_380_5831_1_be.las,Nordwest.zip,https://gdi.berlin.de/data/a_als/atom/Nordwest.zip,EPSG:25833,380000,5831000,381000,5832000
3dm_33_380_5832_1_be.las,Nordwest.zip,https://gdi.berlin.de/data/a_als/atom/Nordwest.zip,EPSG:25833,380000,5832000,381000,5833000
3dm_33_381_5826_1_be.las,Nordwest.zip,https://gdi.berlin.de/data/a_als/atom/Nordwest.zip,EPSG:25833,381000,5826000,382000,5827000
3dm_33_381_5827_1_be.las,Nordwest.zip,https://gdi.berlin.de/data/a_als/atom/Nordwest.zip,EPSG:25833,381000,5827000,382000,5828000
3dm_33_381_5828_1_be.las,Nordwest.zip,https://gdi.berlin.de/data/a_als/atom/Nordwest.zip,EPSG:25833,381000,5828000,382000,5829000
3dm_33_381_5829_1_be.las,Nordwest.zip,https://gdi.berlin.de/data/a_als/atom/Nordwest.zip,EPSG:25833,381000,5829000,382000,5830000
3dm_33_381_5830_1_be.las,Nordwest.zip,https://gdi.berlin.de/data/a_als/atom/Nordwest.zip,EPSG:25833,381000,5830000,382000,5831000
3dm_33_381_5831_1_be.las,Nordwest.zip,https://gdi.berlin.de/data/a_als/atom/Nordwest.zip,EPSG:25833,381000,5831000,382000,5832000
3dm_33_381_5832_1_be.las,Nordwest.zip,https://gdi.berlin.de/data/a_als/atom/Nordwest.zip,EPSG:25833,381000,5832000,382000,5833000
3dm_33_382_5826_1_be.las,Nordwest.zip,https://gdi.berlin.de/data/a_als/atom/Nordwest.zip,EPSG:25833,382000,5826000,383000,5827000
3dm_33_382_5827_1_be.las,Nordwest.zip,https://gdi.berlin.de/data/a_als/atom/Nordwest.zip,EPSG:25833,382000,5827000,383000,5828000
3dm_33_382_5828_1_be.las,Nordwest.zip,https://gdi.berlin.de/data/a_als/atom/Nordwest.zip,EPSG:25833,382000,5828000,383000,5829000
3dm_33_382_5829_1_be.las,Nordwest.zip,https://gdi.berlin.de/data/a_als/atom/Nordwest.zip,EPSG:25833,382000,5829000,383000,5830000
3dm_33_382_5830_1_be.las,Nordwest.zip,https://gdi.berlin.de/data/a_als/atom/Nordwest.zip,EPSG:25833,382000,5830000,383000,5831000
3dm_33_382_5831_1_be.las,Nordwest.zip,https://gdi.berlin.de/data/a_als/atom/Nordwest.zip,EPSG:25833,382000,5831000,383000,5832000
3dm_33_382_5832_1_be.las,Nordwest.zip,https://gdi.berlin.de/data/a_als/atom/Nordwest.zip,EPSG:25833,382000,5832000,383000,5833000
3dm_33_382_5833_1_be.las,Nordwest.zip,https://gdi.berlin.de/data/a_als/atom/Nordwest.zip,EPSG:25833,382000,5833000,383000,5834000
3dm_33_383_5826_1_be.las,Nordwest.zip,https://gdi.berlin.de/data/a_als/atom/Nordwest.zip,EPSG:25833,383000,5826000,384000,5827000
3dm_33_383_5827_1_be.las,Nordwest.zip,https://gdi.berlin.de/data/a_als/atom/Nordwest.zip,EPSG:25833,383000,5827000,384000,5828000
3dm_33_383_5828_1_be.las,Nordwest.zip,https://gdi.berlin.de/data/a_als/atom/Nordwest.zip,EPSG:25833,383000,5828000,384000,5829000
3dm_33_383_5829_1_be.las,Nordwest.zip,https://gdi.berlin.de/data/a_als/atom/Nordwest.zip,EPSG:25833,383000,5829000,384000,5830000
3dm_33_383_5830_1_be.las,Nordwest.zip,https://gdi.berlin.de/data/a_als/atom/Nordwest.zip,EPSG:25833,383000,5830000,384000,5831000
3dm_33_383_5831_1_be.las,Nordwest.zip,https://gdi.berlin.de/data/a_als/atom/Nordwest.zip,EPSG:25833,383000,5831000,384000,5832000
3dm_33_383_5832_1_be.las,Nordwest.zip,https://gdi.berlin.de/data/a_als/atom/Nordwest.zip,EPSG:25833,383000,5832000,384000,5833000
3dm_33_383_5833_1_be.las,Nordwest.zip,https://gdi.berlin.de/data/a_als/atom/Nordwest.zip,EPSG:25833,383000,5833000,384000,5834000
3dm_33_383_5834_1_be.las,Nordwest.zip,https://gdi.berlin.de/data/a_als/atom/Nordwest.zip,EPSG:25833,383000,5834000,384000,5835000
3dm_33_383_5835_1_be.las,Nordwest.zip,https://gdi.berlin.de/data/a_als/atom/Nordwest.zip,EPSG:25833,383000,5835000,384000,5836000
3dm_33_383_5836_1_be.las,Nordwest.zip,https://gdi.berlin.de/data/a_als/atom/Nordwest.zip,EPSG:25833,383000,5836000,384000,5837000
3dm_33_400_5816_1_be.las,Ost.zip,https://gdi.berlin.de/data/a_als/atom/Ost.zip,EPSG:25833,400000,5816000,401000,5817000
3dm_33_400_5817_1_be.las,Ost.zip,https://gdi.berlin.de/data/a_als/atom/Ost.zip,EPSG:25833,400000,5817000,401000,5818000
3dm_33_400_5818_1_be.las,Ost.zip,https://gdi.berlin.de/data/a_als/atom/Ost.zip,EPSG:25833,400000,5818000,401000,5819000
3dm_33_400_5819_1_be.las,Ost.zip,https://gdi.berlin.de/data/a_als/atom/Ost.zip,EPSG:25833,400000,5819000,401000,5820000
3dm_33_400_5820_1_be.las,Ost.zip,https://gdi.berlin.de/data/a_als/atom/Ost.zip,EPSG:25833,400000,5820000,401000,5821000
3dm_33_400_5821_1_be.las,Ost.zip,https://gdi.berlin.de/data/a_als/atom/Ost.zip,EPSG:25833,400000,5821000,401000,5822000
3dm_33_400_5822_1_be.las,Ost.zip,https://gdi.berlin.de/data/a_als/atom/Ost.zip,EPSG:25833,400000,5822000,401000,5823000
3dm_33_400_5823_1_be.las,Ost.zip,https://gdi.berlin.de/data/a_als/atom/Ost.zip,EPSG:25833,400000,5823000,401000,5824000
3dm_33_400_5824_1_be.las,Ost.zip,https://gdi.berlin.de/data/a_als/atom/Ost.zip,EPSG:25833,400000,5824000,401000,5825000
3dm_33_400_5825_1_be.las,Ost.zip,https://gdi.berlin.de/data/a_als/atom/Ost.zip,EPSG:25833,400000,5825000,401000,5826000
3dm_33_401_5816_1_be.las,Ost.zip,https://gdi.berlin.de/data/a_als/atom/Ost.zip,EPSG:25833,401000,5816000,402000,5817000
3dm_33_401_5817_1_be.las,Ost.zip,https://gdi.berlin.de/data/a_als/atom/Ost.zip,EPSG:25833,401000,5817000,402000,5818000
3dm_33_401_5818_1_be.las,Ost.zip,https://gdi.berlin.de/data/a_als/atom/Ost.zip,EPSG:25833,401000,5818000,402000,5819000
3dm_33_401_5819_1_be.las,Ost.zip,https://gdi.berlin.de/data/a_als/atom/Ost.zip,EPSG:25833,401000,5819000,402000,5820000
3dm_33_401_5820_1_be.las,Ost.zip,https://gdi.berlin.de/data/a_als/atom/Ost.zip,EPSG:25833,401000,5820000,402000,5821000
3dm_33_401_5821_1_be.las,Ost.zip,https://gdi.berlin.de/data/a_als/atom/Ost.zip,EPSG:25833,401000,5821000,402000,5822000
3dm_33_401_5822_1_be.las,Ost.zip,https://gdi.berlin.de/data/a_als/atom/Ost.zip,EPSG:25833,401000,5822000,402000,5823000
3dm_33_401_5823_1_be.las,Ost.zip,https://gdi.berlin.de/data/a_als/atom/Ost.zip,EPSG:25833,401000,5823000,402000,5824000
3dm_33_401_5824_1_be.las,Ost.zip,https://gdi.berlin.de/data/a_als/atom/Ost.zip,EPSG:25833,401000,5824000,402000,5825000
3dm_33_401_5825_1_be.las,Ost.zip,https://gdi.berlin.de/data/a_als/atom/Ost.zip,EPSG:25833,401000,5825000,402000,5826000
3dm_33_402_5816_1_be.las,Ost.zip,https://gdi.berlin.de/data/a_als/atom/Ost.zip,EPSG:25833,402000,5816000,403000,5817000
3dm_33_402_5817_1_be.las,Ost.zip,https://gdi.berlin.de/data/a_als/atom/Ost.zip,EPSG:25833,402000,5817000,403000,5818000
3dm_33_402_5818_1_be.las,Ost.zip,https://gdi.berlin.de/data/a_als/atom/Ost.zip,EPSG:25833,402000,5818000,403000,5819000
3dm_33_402_5819_1_be.las,Ost.zip,https://gdi.berlin.de/data/a_als/atom/Ost.zip,EPSG:25833,402000,5819000,403000,5820000
3dm_33_402_5820_1_be.las,Ost.zip,https://gdi.berlin.de/data/a_als/atom/Ost.zip,EPSG:25833,402000,5820000,403000,5821000
3dm_33_402_5821_1_be.las,Ost.zip,https://gdi.berlin.de/data/a_als/atom/Ost.zip,EPSG:25833,402000,5821000,403000,5822000
3dm_33_402_5822_1_be.las,Ost.zip,https://gdi.berlin.de/data/a_als/atom/Ost.zip,EPSG:25833,402000,5822000,403000,5823000
3dm_33_402_5823_1_be.las,Ost.zip,https://gdi.berlin.de/data/a_als/atom/Ost.zip,EPSG:25833,402000,5823000,403000,5824000
3dm_33_402_5824_1_be.las,Ost.zip,https://gdi.berlin.de/data/a_als/atom/Ost.zip,EPSG:25833,402000,5824000,403000,5825000
3dm_33_402_5825_1_be.las,Ost.zip,https://gdi.berlin.de/data/a_als/atom/Ost.zip,EPSG:25833,402000,5825000,403000,5826000
3dm_33_403_5816_1_be.las,Ost.zip,https://gdi.berlin.de/data/a_als/atom/Ost.zip,EPSG:25833,403000,5816000,404000,5817000
3dm_33_403_5817_1_be.las,Ost.zip,https://gdi.berlin.de/data/a_als/atom/Ost.zip,EPSG:25833,403000,5817000,404000,5818000
3dm_33_403_5818_1_be.las,Ost.zip,https://gdi.berlin.de/data/a_als/atom/Ost.zip,EPSG:25833,403000,5818000,404000,5819000
3dm_33_403_5819_1_be.las,Ost.zip,https://gdi.berlin.de/data/a_als/atom/Ost.zip,EPSG:25833,403000,5819000,404000,5820000
3dm_33_403_5820_1_be.las,Ost.zip,https://gdi.berlin.de/data/a_als/atom/Ost.zip,EPSG:25833,403000,5820000,404000,5821000
3dm_33_403_5821_1_be.las,Ost.zip,https://gdi.berlin.de/data/a_als/atom/Ost.zip,EPSG:25833,403000,5821000,404000,5822000
3dm_33_403_5822_1_be.las,Ost.zip,https://gdi.berlin.de/data/a_als/atom/Ost.zip,EPSG:25833,403000,5822000,404000,5823000
3dm_33_403_5823_1_be.las,Ost.zip,https://gdi.berlin.de/data/a_als/atom/Ost.zip,EPSG:25833,403000,5823000,404000,5824000
3dm_33_403_5824_1_be.las,Ost.zip,https://gdi.berlin.de/data/a_als/atom/Ost.zip,EPSG:25833,403000,5824000,404000,5825000
3dm_33_403_5825_1_be.las,Ost.zip,https://gdi.berlin.de/data/a_als/atom/Ost.zip,EPSG:25833,403000,5825000,404000,5826000
3dm_33_404_5816_1_be.las,Ost.zip,https://gdi.berlin.de/data/a_als/atom/Ost.zip,EPSG:25833,404000,5816000,405000,5817000
3dm_33_404_5817_1_be.las,Ost.zip,https://gdi.berlin.de/data/a_als/atom/Ost.zip,EPSG:25833,404000,5817000,405000,5818000
3dm_33_404_5818_1_be.las,Ost.zip,https://gdi.berlin.de/data/a_als/atom/Ost.zip,EPSG:25833,404000,5818000,405000,5819000
3dm_33_404_5819_1_be.las,Ost.zip,https://gdi.berlin.de/data/a_als/atom/Ost.zip,EPSG:25833,404000,5819000,405000,5820000
3dm_33_404_5820_1_be.las,Ost.zip,https://gdi.berlin.de/data/a_als/atom/Ost.zip,EPSG:25833,404000,5820000,405000,5821000
3dm_33_404_5821_1_be.las,Ost.zip,https://gdi.berlin.de/data/a_als/atom/Ost.zip,EPSG:25833,404000,5821000,405000,5822000
3dm_33_404_5822_1_be.las,Ost.zip,https://gdi.berlin.de/data/a_als/atom/Ost.zip,EPSG:25833,404000,5822000,405000,5823000
3dm_33_404_5823_1_be.las,Ost.zip,https://gdi.berlin.de/data/a_als/atom/Ost.zip,EPSG:25833,404000,5823000,405000,5824000
3dm_33_404_5824_1_be.las,Ost.zip,https://gdi.berlin.de/data/a_als/atom/Ost.zip,EPSG:25833,404000,5824000,405000,5825000
3dm_33_404_5825_1_be.las,Ost.zip,https://gdi.berlin.de/data/a_als/atom/Ost.zip,EPSG:25833,404000,5825000,405000,5826000
3dm_33_405_5816_1_be.las,Ost.zip,https://gdi.berlin.de/data/a_als/atom/Ost.zip,EPSG:25833,405000,5816000,406000,5817000
3dm_33_405_5817_1_be.las,Ost.zip,https://gdi.berlin.de/data/a_als/atom/Ost.zip,EPSG:25833,405000,5817000,406000,5818000
3dm_33_405_5818_1_be.las,Ost.zip,https://gdi.berlin.de/data/a_als/atom/Ost.zip,EPSG:25833,405000,5818000,406000,5819000
3dm_33_405_5819_1_be.las,Ost.zip,https://gdi.berlin.de/data/a_als/atom/Ost.zip,EPSG:25833,405000,5819000,406000,5820000
3dm_33_405_5820_1_be.las,Ost.zip,https://gdi.berlin.de/data/a_als/atom/Ost.zip,EPSG:25833,405000,5820000,406000,5821000
3dm_33_405_5821_1_be.las,Ost.zip,https://gdi.berlin.de/data/a_als/atom/Ost.zip,EPSG:25833,405000,5821000,406000,5822000
3dm_33_405_5822_1_be.las,Ost.zip,https://gdi.berlin.de/data/a_als/atom/Ost.zip,EPSG:25833,405000,5822000,406000,5823000
3dm_33_405_5823_1_be.las,Ost.zip,https://gdi.berlin.de/data/a_als/atom/Ost.zip,EPSG:25833,405000,5823000,406000,5824000
3dm_33_406_5816_1_be.las,Ost.zip,https://gdi.berlin.de/data/a_als/atom/Ost.zip,EPSG:25833,406000,5816000,407000,5817000
3dm_33_406_5817_1_be.las,Ost.zip,https://gdi.berlin.de/data/a_als/atom/Ost.zip,EPSG:25833,406000,5817000,407000,5818000
3dm_33_406_5818_1_be.las,Ost.zip,https://gdi.berlin.de/data/a_als/atom/Ost.zip,EPSG:25833,406000,5818000,407000,5819000
3dm_33_406_5819_1_be.las,Ost.zip,https://gdi.berlin.de/data/a_als/atom/Ost.zip,EPSG:25833,406000,5819000,407000,5820000
3dm_33_406_5820_1_be.las,Ost.zip,https://gdi.berlin.de/data/a_als/atom/Ost.zip,EPSG:25833,406000,5820000,407000,5821000
3dm_33_406_5821_1_be.las,Ost.zip,https://gdi.berlin.de/data/a_als/atom/Ost.zip,EPSG:25833,406000,5821000,407000,5822000
3dm_33_406_5822_1_be.las,Ost.zip,https://gdi.berlin.de/data/a_als/atom/Ost.zip,EPSG:25833,406000,5822000,407000,5823000
3dm_33_407_5816_1_be.las,Ost.zip,https://gdi.berlin.de/data/a_als/atom/Ost.zip,EPSG:25833,407000,5816000,408000,5817000
3dm_33_407_5817_1_be.las,Ost.zip,https://gdi.berlin.de/data/a_als/atom/Ost.zip,EPSG:25833,407000,5817000,408000,5818000
3dm_33_407_5818_1_be.las,Ost.zip,https://gdi.berlin.de/data/a_als/atom/Ost.zip,EPSG:25833,407000,5818000,408000,5819000
3dm_33_407_5819_1_be.las,Ost.zip,https://gdi.berlin.de/data/a_als/atom/Ost.zip,EPSG:25833,407000,5819000,408000,5820000
3dm_33_407_5820_1_be.las,Ost.zip,https://gdi.berlin.de/data/a_als/atom/Ost.zip,EPSG:25833,407000,5820000,408000,5821000
3dm_33_407_5821_1_be.las,Ost.zip,https://gdi.berlin.de/data/a_als/atom/Ost.zip,EPSG:25833,407000,5821000,408000,5822000
3dm_33_407_5822_1_be.las,Ost.zip,https://gdi.berlin.de/data/a_als/atom/Ost.zip,EPSG:25833,407000,5822000,408000,5823000
3dm_33_408_5819_1_be.las,Ost.zip,https://gdi.berlin.de/data/a_als/atom/Ost.zip,EPSG:25833,408000,5819000,409000,5820000
3dm_33_408_5820_1_be.las,Ost.zip,https://gdi.berlin.de/data/a_als/atom/Ost.zip,EPSG:25833,408000,5820000,409000,5821000
3dm_33_408_5821_1_be.las,Ost.zip,https://gdi.berlin.de/data/a_als/atom/Ost.zip,EPSG:25833,408000,5821000,409000,5822000
3dm_33_409_5820_1_be.las,Ost.zip,https://gdi.berlin.de/data/a_als/atom/Ost.zip,EPSG:25833,409000,5820000,410000,5821000
3dm_33_409_5821_1_be.las,Ost.zip,https://gdi.berlin.de/data/a_als/atom/Ost.zip,EPSG:25833,409000,5821000,410000,5822000
3dm_33_384_5806_1_be.las,Sued.zip,https://gdi.berlin.de/data/a_als/atom/Sued.zip,EPSG:25833,384000,5806000,385000,5807000
3dm_33_384_5807_1_be.las,Sued.zip,https://gdi.berlin.de/data/a_als/atom/Sued.zip,EPSG:25833,384000,5807000,385000,5808000
3dm_33_384_5808_1_be.las,Sued.zip,https://gdi.berlin.de/data/a_als/atom/Sued.zip,EPSG:25833,384000,5808000,385000,5809000
3dm_33_384_5809_1_be.las,Sued.zip,https://gdi.berlin.de/data/a_als/atom/Sued.zip,EPSG:25833,384000,5809000,385000,5810000
3dm_33_384_5810_1_be.las,Sued.zip,https://gdi.berlin.de/data/a_als/atom/Sued.zip,EPSG:25833,384000,5810000,385000,5811000
3dm_33_384_5811_1_be.las,Sued.zip,https://gdi.berlin.de/data/a_als/atom/Sued.zip,EPSG:25833,384000,5811000,385000,5812000
3dm_33_384_5812_1_be.las,Sued.zip,https://gdi.berlin.de/data/a_als/atom/Sued.zip,EPSG:25833,384000,5812000,385000,5813000
3dm_33_384_5813_1_be.las,Sued.zip,https://gdi.berlin.de/data/a_als/atom/Sued.zip,EPSG:25833,384000,5813000,385000,5814000
3dm_33_384_5814_1_be.las,Sued.zip,https://gdi.berlin.de/data/a_als/atom/Sued.zip,EPSG:25833,384000,5814000,385000,5815000
3dm_33_384_5815_1_be.las,Sued.zip,https://gdi.berlin.de/data/a_als/atom/Sued.zip,EPSG:25833,384000,5815000,385000,5816000
3dm_33_385_5806_1_be.las,Sued.zip,https://gdi.berlin.de/data/a_als/atom/Sued.zip,EPSG:25833,385000,5806000,386000,5807000
3dm_33_385_5807_1_be.las,Sued.zip,https://gdi.berlin.de/data/a_als/atom/Sued.zip,EPSG:25833,385000,5807000,386000,5808000
3dm_33_385_5808_1_be.las,Sued.zip,https://gdi.berlin.de/data/a_als/atom/Sued.zip,EPSG:25833,385000,5808000,386000,5809000
3dm_33_385_5809_1_be.las,Sued.zip,https://gdi.berlin.de/data/a_als/atom/Sued.zip,EPSG:25833,385000,5809000,386000,5810000
3dm_33_385_5810_1_be.las,Sued.zip,https://gdi.berlin.de/data/a_als/atom/Sued.zip,EPSG:25833,385000,5810000,386000,5811000
3dm_33_385_5811_1_be.las,Sued.zip,https://gdi.berlin.de/data/a_als/atom/Sued.zip,EPSG:25833,385000,5811000,386000,5812000
3dm_33_385_5812_1_be.las,Sued.zip,https://gdi.berlin.de/data/a_als/atom/Sued.zip,EPSG:25833,385000,5812000,386000,5813000
3dm_33_385_5813_1_be.las,Sued.zip,https://gdi.berlin.de/data/a_als/atom/Sued.zip,EPSG:25833,385000,5813000,386000,5814000
3dm_33_385_5814_1_be.las,Sued.zip,https://gdi.berlin.de/data/a_als/atom/Sued.zip,EPSG:25833,385000,5814000,386000,5815000
3dm_33_385_5815_1_be.las,Sued.zip,https://gdi.berlin.de/data/a_als/atom/Sued.zip,EPSG:25833,385000,5815000,386000,5816000
3dm_33_386_5807_1_be.las,Sued.zip,https://gdi.berlin.de/data/a_als/atom/Sued.zip,EPSG:25833,386000,5807000,387000,5808000
3dm_33_386_5808_1_be.las,Sued.zip,https://gdi.berlin.de/data/a_als/atom/Sued.zip,EPSG:25833,386000,5808000,387000,5809000
3dm_33_386_5809_1_be.las,Sued.zip,https://gdi.berlin.de/data/a_als/atom/Sued.zip,EPSG:25833,386000,5809000,387000,5810000
3dm_33_386_5810_1_be.las,Sued.zip,https://gdi.berlin.de/data/a_als/atom/Sued.zip,EPSG:25833,386000,5810000,387000,5811000
3dm_33_386_5811_1_be.las,Sued.zip,https://gdi.berlin.de/data/a_als/atom/Sued.zip,EPSG:25833,386000,5811000,387000,5812000
3dm_33_386_5812_1_be.las,Sued.zip,https://gdi.berlin.de/data/a_als/atom/Sued.zip,EPSG:25833,386000,5812000,387000,5813000
3dm_33_386_5813_1_be.las,Sued.zip,https://gdi.berlin.de/data/a_als/atom/Sued.zip,EPSG:25833,386000,5813000,387000,5814000
3dm_33_386_5814_1_be.las,Sued.zip,https://gdi.berlin.de/data/a_als/atom/Sued.zip,EPSG:25833,386000,5814000,387000,5815000
3dm_33_386_5815_1_be.las,Sued.zip,https://gdi.berlin.de/data/a_als/atom/Sued.zip,EPSG:25833,386000,5815000,387000,5816000
3dm_33_387_5806_1_be.las,Sued.zip,https://gdi.berlin.de/data/a_als/atom/Sued.zip,EPSG:25833,387000,5806000,388000,5807000
3dm_33_387_5807_1_be.las,Sued.zip,https://gdi.berlin.de/data/a_als/atom/Sued.zip,EPSG:25833,387000,5807000,388000,5808000
3dm_33_387_5808_1_be.las,Sued.zip,https://gdi.berlin.de/data/a_als/atom/Sued.zip,EPSG:25833,387000,5808000,388000,5809000
3dm_33_387_5809_1_be.las,Sued.zip,https://gdi.berlin.de/data/a_als/atom/Sued.zip,EPSG:25833,387000,5809000,388000,5810000
3dm_33_387_5810_1_be.las,Sued.zip,https://gdi.berlin.de/data/a_als/atom/Sued.zip,EPSG:25833,387000,5810000,388000,5811000
3dm_33_387_5811_1_be.las,Sued.zip,https://gdi.berlin.de/data/a_als/atom/Sued.zip,EPSG:25833,387000,5811000,388000,5812000
3dm_33_387_5812_1_be.las,Sued.zip,https://gdi.berlin.de/data/a_als/atom/Sued.zip,EPSG:25833,387000,5812000,388000,5813000
3dm_33_387_5813_1_be.las,Sued.zip,https://gdi.berlin.de/data/a_als/atom/Sued.zip,EPSG:25833,387000,5813000,388000,5814000
3dm_33_387_5814_1_be.las,Sued.zip,https://gdi.berlin.de/data/a_als/atom/Sued.zip,EPSG:25833,387000,5814000,388000,5815000
3dm_33_387_5815_1_be.las,Sued.zip,https://gdi.berlin.de/data/a_als/atom/Sued.zip,EPSG:25833,387000,5815000,388000,5816000
3dm_33_388_5805_1_be.las,Sued.zip,https://gdi.berlin.de/data/a_als/atom/Sued.zip,EPSG:25833,388000,5805000,389000,5806000
3dm_33_388_5806_1_be.las,Sued.zip,https://gdi.berlin.de/data/a_als/atom/Sued.zip,EPSG:25833,388000,5806000,389000,5807000
3dm_33_388_5807_1_be.las,Sued.zip,https://gdi.berlin.de/data/a_als/atom/Sued.zip,EPSG:25833,388000,5807000,389000,5808000
3dm_33_388_5808_1_be.las,Sued.zip,https://gdi.berlin.de/data/a_als/atom/Sued.zip,EPSG:25833,388000,5808000,389000,5809000
3dm_33_388_5809_1_be.las,Sued.zip,https://gdi.berlin.de/data/a_als/atom/Sued.zip,EPSG:25833,388000,5809000,389000,5810000
3dm_33_388_5810_1_be.las,Sued.zip,https://gdi.berlin.de/data/a_als/atom/Sued.zip,EPSG:25833,388000,5810000,389000,5811000
3dm_33_388_5811_1_be.las,Sued.zip,https://gdi.berlin.de/data/a_als/atom/Sued.zip,EPSG:25833,388000,5811000,389000,5812000
3dm_33_388_5812_1_be.las,Sued.zip,https://gdi.berlin.de/data/a_als/atom/Sued.zip,EPSG:25833,388000,5812000,389000,5813000
3dm_33_388_5813_1_be.las,Sued.zip,https://gdi.berlin.de/data/a_als/atom/Sued.zip,EPSG:25833,388000,5813000,389000,5814000
3dm_33_388_5814_1_be.las,Sued.zip,https://gdi.berlin.de/data/a_als/atom/Sued.zip,EPSG:25833,388000,5814000,389000,5815000
3dm_33_388_5815_1_be.las,Sued.zip,https://gdi.berlin.de/data/a_als/atom/Sued.zip,EPSG:25833,388000,5815000,389000,5816000
3dm_33_389_5805_1_be.las,Sued.zip,https://gdi.berlin.de/data/a_als/atom/Sued.zip,EPSG:25833,389000,5805000,390000,5806000
3dm_33_389_5806_1_be.las,Sued.zip,https://gdi.berlin.de/data/a_als/atom/Sued.zip,EPSG:25833,389000,5806000,390000,5807000
3dm_33_389_5807_1_be.las,Sued.zip,https://gdi.berlin.de/data/a_als/atom/Sued.zip,EPSG:25833,389000,5807000,390000,5808000
3dm_33_389_5808_1_be.las,Sued.zip,https://gdi.berlin.de/data/a_als/atom/Sued.zip,EPSG:25833,389000,5808000,390000,5809000
3dm_33_389_5809_1_be.las,Sued.zip,https://gdi.berlin.de/data/a_als/atom/Sued.zip,EPSG:25833,389000,5809000,390000,5810000
3dm_33_389_5810_1_be.las,Sued.zip,https://gdi.berlin.de/data/a_als/atom/Sued.zip,EPSG:25833,389000,5810000,390000,5811000
3dm_33_389_5811_1_be.las,Sued.zip,https://gdi.berlin.de/data/a_als/atom/Sued.zip,EPSG:25833,389000,5811000,390000,5812000
3dm_33_389_5812_1_be.las,Sued.zip,https://gdi.berlin.de/data/a_als/atom/Sued.zip,EPSG:25833,389000,5812000,390000,5813000
3dm_33_389_5813_1_be.las,Sued.zip,https://gdi.berlin.de/data/a_als/atom/Sued.zip,EPSG:25833,389000,5813000,390000,5814000
3dm_33_389_5814_1_be.las,Sued.zip,https://gdi.berlin.de/data/a_als/atom/Sued.zip,EPSG:25833,389000,5814000,390000,5815000
3dm_33_389_5815_1_be.las,Sued.zip,https://gdi.berlin.de/data/a_als/atom/Sued.zip,EPSG:25833,389000,5815000,390000,5816000
3dm_33_390_5803_1_be.las,Sued.zip,https://gdi.berlin.de/data/a_als/atom/Sued.zip,EPSG:25833,390000,5803000,391000,5804000
3dm_33_390_5804_1_be.las,Sued.zip,https://gdi.berlin.de/data/a_als/atom/Sued.zip,EPSG:25833,390000,5804000,391000,5805000
3dm_33_390_5805_1_be.las,Sued.zip,https://gdi.berlin.de/data/a_als/atom/Sued.zip,EPSG:25833,390000,5805000,391000,5806000
3dm_33_390_5806_1_be.las,Sued.zip,https://gdi.berlin.de/data/a_als/atom/Sued.zip,EPSG:25833,390000,5806000,391000,5807000
3dm_33_390_5807_1_be.las,Sued.zip,https://gdi.berlin.de/data/a_als/atom/Sued.zip,EPSG:25833,390000,5807000,391000,5808000
3dm_33_390_5808_1_be.las,Sued.zip,https://gdi.berlin.de/data/a_als/atom/Sued.zip,EPSG:25833,390000,5808000,391000,5809000
3dm_33_390_5809_1_be.las,Sued.zip,https://gdi.berlin.de/data/a_als/atom/Sued.zip,EPSG:25833,390000,5809000,391000,5810000
3dm_33_390_5810_1_be.las,Sued.zip,https://gdi.berlin.de/data/a_als/atom/Sued.zip,EPSG:25833,390000,5810000,391000,5811000
3dm_33_390_5811_1_be.las,Sued.zip,https://gdi.berlin.de/data/a_als/atom/Sued.zip,EPSG:25833,390000,5811000,391000,5812000
3dm_33_390_5812_1_be.las,Sued.zip,https://gdi.berlin.de/data/a_als/atom/Sued.zip,EPSG:25833,390000,5812000,391000,5813000
3dm_33_390_5813_1_be.las,Sued.zip,https://gdi.berlin.de/data/a_als/atom/Sued.zip,EPSG:25833,390000,5813000,391000,5814000
3dm_33_390_5814_1_be.las,Sued.zip,https://gdi.berlin.de/data/a_als/atom/Sued.zip,EPSG:25833,390000,5814000,391000,5815000
3dm_33_390_5815_1_be.las,Sued.zip,https://gdi.berlin.de/data/a_als/atom/Sued.zip,EPSG:25833,390000,5815000,391000,5816000
3dm_33_391_5803_1_be.las,Sued.zip,https://gdi.berlin.de/data/a_als/atom/Sued.zip,EPSG:25833,391000,5803000,392000,5804000
3dm_33_391_5804_1_be.las,Sued.zip,https://gdi.berlin.de/data/a_als/atom/Sued.zip,EPSG:25833,391000,5804000,392000,5805000
3dm_33_391_5805_1_be.las,Sued.zip,https://gdi.berlin.de/data/a_als/atom/Sued.zip,EPSG:25833,391000,5805000,392000,5806000
3dm_33_391_5806_1_be.las,Sued.zip,https://gdi.berlin.de/data/a_als/atom/Sued.zip,EPSG:25833,391000,5806000,392000,5807000
3dm_33_391_5807_1_be.las,Sued.zip,https://gdi.berlin.de/data/a_als/atom/Sued.zip,EPSG:25833,391000,5807000,392000,5808000
3dm_33_391_5808_1_be.las,Sued.zip,https://gdi.berlin.de/data/a_als/atom/Sued.zip,EPSG:25833,391000,5808000,392000,5809000
3dm_33_391_5809_1_be.las,Sued.zip,https://gdi.berlin.de/data/a_als/atom/Sued.zip,EPSG:25833,391000,5809000,392000,5810000
3dm_33_391_5810_1_be.las,Sued.zip,https://gdi.berlin.de/data/a_als/atom/Sued.zip,EPSG:25833,391000,5810000,392000,5811000
3dm_33_391_5811_1_be.las,Sued.zip,https://gdi.berlin.de/data/a_als/atom/Sued.zip,EPSG:25833,391000,5811000,392000,5812000
3dm_33_391_5812_1_be.las,Sued.zip,https://gdi.berlin.de/data/a_als/atom/Sued.zip,EPSG:25833,391000,5812000,392000,5813000
3dm_33_391_5813_1_be.las,Sued.zip,https://gdi.berlin.de/data/a_als/atom/Sued.zip,EPSG:25833,391000,5813000,392000,5814000
3dm_33_391_5814_1_be.las,Sued.zip,https://gdi.berlin.de/data/a_als/atom/Sued.zip,EPSG:25833,391000,5814000,392000,5815000
3dm_33_391_5815_1_be.las,Sued.zip,https://gdi.berlin.de/data/a_als/atom/Sued.zip,EPSG:25833,391000,5815000,392000,5816000
3dm_33_392_5803_1_be.las,Sued.zip,https://gdi.berlin.de/data/a_als/atom/Sued.zip,EPSG:25833,392000,5803000,393000,5804000
3dm_33_392_5804_1_be.las,Sued.zip,https://gdi.berlin.de/data/a_als/atom/Sued.zip,EPSG:25833,392000,5804000,393000,5805000
3dm_33_392_5805_1_be.las,Sued.zip,https://gdi.berlin.de/data/a_als/atom/Sued.zip,EPSG:25833,392000,5805000,393000,5806000
3dm_33_392_5806_1_be.las,Sued.zip,https://gdi.berlin.de/data/a_als/atom/Sued.zip,EPSG:25833,392000,5806000,393000,5807000
3dm_33_392_5807_1_be.las,Sued.zip,https://gdi.berlin.de/data/a_als/atom/Sued.zip,EPSG:25833,392000,5807000,393000,5808000
3dm_33_392_5808_1_be.las,Sued.zip,https://gdi.berlin.de/data/a_als/atom/Sued.zip,EPSG:25833,392000,5808000,393000,5809000
3dm_33_392_5809_1_be.las,Sued.zip,https://gdi.berlin.de/data/a_als/atom/Sued.zip,EPSG:25833,392000,5809000,393000,5810000
3dm_33_392_5810_1_be.las,Sued.zip,https://gdi.berlin.de/data/a_als/atom/Sued.zip,EPSG:25833,392000,5810000,393000,5811000
3dm_33_392_5811_1_be.las,Sued.zip,https://gdi.berlin.de/data/a_als/atom/Sued.zip,EPSG:25833,392000,5811000,393000,5812000
3dm_33_392_5812_1_be.las,Sued.zip,https://gdi.berlin.de/data/a_als/atom/Sued.zip,EPSG:25833,392000,5812000,393000,5813000
3dm_33_392_5813_1_be.las,Sued.zip,https://gdi.berlin.de/data/a_als/atom/Sued.zip,EPSG:25833,392000,5813000,393000,5814000
3dm_33_392_5814_1_be.las,Sued.zip,https://gdi.berlin.de/data/a_als/atom/Sued.zip,EPSG:25833,392000,5814000,393000,5815000
3dm_33_392_5815_1_be.las,Sued.zip,https://gdi.berlin.de/data/a_als/atom/Sued.zip,EPSG:25833,392000,5815000,393000,5816000
3dm_33_393_5804_1_be.las,Sued.zip,https://gdi.berlin.de/data/a_als/atom/Sued.zip,EPSG:25833,393000,5804000,394000,5805000
3dm_33_393_5805_1_be.las,Sued.zip,https://gdi.berlin.de/data/a_als/atom/Sued.zip,EPSG:25833,393000,5805000,394000,5806000
3dm_33_393_5806_1_be.las,Sued.zip,https://gdi.berlin.de/data/a_als/atom/Sued.zip,EPSG:25833,393000,5806000,394000,5807000
3dm_33_393_5807_1_be.las,Sued.zip,https://gdi.berlin.de/data/a_als/atom/Sued.zip,EPSG:25833,393000,5807000,394000,5808000
3dm_33_393_5808_1_be.las,Sued.zip,https://gdi.berlin.de/data/a_als/atom/Sued.zip,EPSG:25833,393000,5808000,394000,5809000
3dm_33_393_5809_1_be.las,Sued.zip,https://gdi.berlin.de/data/a_als/atom/Sued.zip,EPSG:25833,393000,5809000,394000,5810000
3dm_33_393_5810_1_be.las,Sued.zip,https://gdi.berlin.de/data/a_als/atom/Sued.zip,EPSG:25833,393000,5810000,394000,5811000
3dm_33_393_5811_1_be.las,Sued.zip,https://gdi.berlin.de/data/a_als/atom/Sued.zip,EPSG:25833,393000,5811000,394000,5812000
3dm_33_393_5812_1_be.las,Sued.zip,https://gdi.berlin.de/data/a_als/atom/Sued.zip,EPSG:25833,393000,5812000,394000,5813000
3dm_33_393_5813_1_be.las,Sued.zip,https://gdi.berlin.de/data/a_als/atom/Sued.zip,EPSG:25833,393000,5813000,394000,5814000
3dm_33_393_5814_1_be.las,Sued.zip,https://gdi.berlin.de/data/a_als/atom/Sued.zip,EPSG:25833,393000,5814000,394000,5815000
3dm_33_393_5815_1_be.las,Sued.zip,https://gdi.berlin.de/data/a_als/atom/Sued.zip,EPSG:25833,393000,5815000,394000,5816000
3dm_33_394_5808_1_be.las,Sued.zip,https://gdi.berlin.de/data/a_als/atom/Sued.zip,EPSG:25833,394000,5808000,395000,5809000
3dm_33_394_5809_1_be.las,Sued.zip,https://gdi.berlin.de/data/a_als/atom/Sued.zip,EPSG:25833,394000,5809000,395000,5810000
3dm_33_394_5810_1_be.las,Sued.zip,https://gdi.berlin.de/data/a_als/atom/Sued.zip,EPSG:25833,394000,5810000,395000,5811000
3dm_33_394_5811_1_be.las,Sued.zip,https://gdi.berlin.de/data/a_als/atom/Sued.zip,EPSG:25833,394000,5811000,395000,5812000
3dm_33_394_5812_1_be.las,Sued.zip,https://gdi.berlin.de/data/a_als/atom/Sued.zip,EPSG:25833,394000,5812000,395000,5813000
3dm_33_394_5813_1_be.las,Sued.zip,https://gdi.berlin.de/data/a_als/atom/Sued.zip,EPSG:25833,394000,5813000,395000,5814000
3dm_33_394_5814_1_be.las,Sued.zip,https://gdi.berlin.de/data/a_als/atom/Sued.zip,EPSG:25833,394000,5814000,395000,5815000
3dm_33_394_5815_1_be.las,Sued.zip,https://gdi.berlin.de/data/a_als/atom/Sued.zip,EPSG:25833,394000,5815000,395000,5816000
3dm_33_395_5807_1_be.las,Sued.zip,https://gdi.berlin.de/data/a_als/atom/Sued.zip,EPSG:25833,395000,5807000,396000,5808000
3dm_33_395_5808_1_be.las,Sued.zip,https://gdi.berlin.de/data/a_als/atom/Sued.zip,EPSG:25833,395000,5808000,396000,5809000
3dm_33_395_5809_1_be.las,Sued.zip,https://gdi.berlin.de/data/a_als/atom/Sued.zip,EPSG:25833,395000,5809000,396000,5810000
3dm_33_395_5810_1_be.las,Sued.zip,https://gdi.berlin.de/data/a_als/atom/Sued.zip,EPSG:25833,395000,5810000,396000,5811000
3dm_33_395_5811_1_be.las,Sued.zip,https://gdi.berlin.de/data/a_als/atom/Sued.zip,EPSG:25833,395000,5811000,396000,5812000
3dm_33_395_5812_1_be.las,Sued.zip,https://gdi.berlin.de/data/a_als/atom/Sued.zip,EPSG:25833,395000,5812000,396000,5813000
3dm_33_395_5813_1_be.las,Sued.zip,https://gdi.berlin.de/data/a_als/atom/Sued.zip,EPSG:25833,395000,5813000,396000,5814000
3dm_33_395_5814_1_be.las,Sued.zip,https://gdi.berlin.de/data/a_als/atom/Sued.zip,EPSG:25833,395000,5814000,396000,5815000
3dm_33_395_5815_1_be.las,Sued.zip,https://gdi.berlin.de/data/a_als/atom/Sued.zip,EPSG:25833,395000,5815000,396000,5816000
3dm_33_396_5805_1_be.las,Sued.zip,https://gdi.berlin.de/data/a_als/atom/Sued.zip,EPSG:25833,396000,5805000,397000,5806000
3dm_33_396_5806_1_be.las,Sued.zip,https://gdi.berlin.de/data/a_als/atom/Sued.zip,EPSG:25833,396000,5806000,397000,5807000
3dm_33_396_5807_1_be.las,Sued.zip,https://gdi.berlin.de/data/a_als/atom/Sued.zip,EPSG:25833,396000,5807000,397000,5808000
3dm_33_396_5808_1_be.las,Sued.zip,https://gdi.berlin.de/data/a_als/atom/Sued.zip,EPSG:25833,396000,5808000,397000,5809000
3dm_33_396_5809_1_be.las,Sued.zip,https://gdi.berlin.de/data/a_als/atom/Sued.zip,EPSG:25833,396000,5809000,397000,5810000
3dm_33_396_5810_1_be.las,Sued.zip,https://gdi.berlin.de/data/a_als/atom/Sued.zip,EPSG:25833,396000,5810000,397000,5811000
3dm_33_396_5811_1_be.las,Sued.zip,https://gdi.berlin.de/data/a_als/atom/Sued.zip,EPSG:25833,396000,5811000,397000,5812000
3dm_33_396_5812_1_be.las,Sued.zip,https://gdi.berlin.de/data/a_als/atom/Sued.zip,EPSG:25833,396000,5812000,397000,5813000
3dm_33_396_5813_1_be.las,Sued.zip,https://gdi.berlin.de/data/a_als/atom/Sued.zip,EPSG:25833,396000,5813000,397000,5814000
3dm_33_396_5814_1_be.las,Sued.zip,https://gdi.berlin.de/data/a_als/atom/Sued.zip,EPSG:25833,396000,5814000,397000,5815000
3dm_33_396_5815_1_be.las,Sued.zip,https://gdi.berlin.de/data/a_als/atom/Sued.zip,EPSG:25833,396000,5815000,397000,5816000
3dm_33_397_5806_1_be.las,Sued.zip,https://gdi.berlin.de/data/a_als/atom/Sued.zip,EPSG:25833,397000,5806000,398000,5807000
3dm_33_397_5807_1_be.las,Sued.zip,https://gdi.berlin.de/data/a_als/atom/Sued.zip,EPSG:25833,397000,5807000,398000,5808000
3dm_33_397_5808_1_be.las,Sued.zip,https://gdi.berlin.de/data/a_als/atom/Sued.zip,EPSG:25833,397000,5808000,398000,5809000
3dm_33_397_5809_1_be.las,Sued.zip,https://gdi.berlin.de/data/a_als/atom/Sued.zip,EPSG:25833,397000,5809000,398000,5810000
3dm_33_397_5810_1_be.las,Sued.zip,https://gdi.berlin.de/data/a_als/atom/Sued.zip,EPSG:25833,397000,5810000,398000,5811000
3dm_33_397_5811_1_be.las,Sued.zip,https://gdi.berlin.de/data/a_als/atom/Sued.zip,EPSG:25833,397000,5811000,398000,5812000
3dm_33_397_5812_1_be.las,Sued.zip,https://gdi.berlin.de/data/a_als/atom/Sued.zip,EPSG:25833,397000,5812000,398000,5813000
3dm_33_397_5813_1_be.las,Sued.zip,https://gdi.berlin.de/data/a_als/atom/Sued.zip,EPSG:25833,397000,5813000,398000,5814000
3dm_33_397_5814_1_be.las,Sued.zip,https://gdi.berlin.de/data/a_als/atom/Sued.zip,EPSG:25833,397000,5814000,398000,5815000
3dm_33_397_5815_1_be.las,Sued.zip,https://gdi.berlin.de/data/a_als/atom/Sued.zip,EPSG:25833,397000,5815000,398000,5816000
3dm_33_398_5806_1_be.las,Sued.zip,https://gdi.berlin.de/data/a_als/atom/Sued.zip,EPSG:25833,398000,5806000,399000,5807000
3dm_33_398_5807_1_be.las,Sued.zip,https://gdi.berlin.de/data/a_als/atom/Sued.zip,EPSG:25833,398000,5807000,399000,5808000
3dm_33_398_5808_1_be.las,Sued.zip,https://gdi.berlin.de/data/a_als/atom/Sued.zip,EPSG:25833,398000,5808000,399000,5809000
3dm_33_398_5809_1_be.las,Sued.zip,https://gdi.berlin.de/data/a_als/atom/Sued.zip,EPSG:25833,398000,5809000,399000,5810000
3dm_33_398_5810_1_be.las,Sued.zip,https://gdi.berlin.de/data/a_als/atom/Sued.zip,EPSG:25833,398000,5810000,399000,5811000
3dm_33_398_5811_1_be.las,Sued.zip,https://gdi.berlin.de/data/a_als/atom/Sued.zip,EPSG:25833,398000,5811000,399000,5812000
3dm_33_398_5812_1_be.las,Sued.zip,https://gdi.berlin.de/data/a_als/atom/Sued.zip,EPSG:25833,398000,5812000,399000,5813000
3dm_33_398_5813_1_be.las,Sued.zip,https://gdi.berlin.de/data/a_als/atom/Sued.zip,EPSG:25833,398000,5813000,399000,5814000
3dm_33_398_5814_1_be.las,Sued.zip,https://gdi.berlin.de/data/a_als/atom/Sued.zip,EPSG:25833,398000,5814000,399000,5815000
3dm_33_398_5815_1_be.las,Sued.zip,https://gdi.berlin.de/data/a_als/atom/Sued.zip,EPSG:25833,398000,5815000,399000,5816000
3dm_33_399_5805_1_be.las,Sued.zip,https://gdi.berlin.de/data/a_als/atom/Sued.zip,EPSG:25833,399000,5805000,400000,5806000
3dm_33_399_5806_1_be.las,Sued.zip,https://gdi.berlin.de/data/a_als/atom/Sued.zip,EPSG:25833,399000,5806000,400000,5807000
3dm_33_399_5807_1_be.las,Sued.zip,https://gdi.berlin.de/data/a_als/atom/Sued.zip,EPSG:25833,399000,5807000,400000,5808000
3dm_33_399_5808_1_be.las,Sued.zip,https://gdi.berlin.de/data/a_als/atom/Sued.zip,EPSG:25833,399000,5808000,400000,5809000
3dm_33_399_5809_1_be.las,Sued.zip,https://gdi.berlin.de/data/a_als/atom/Sued.zip,EPSG:25833,399000,5809000,400000,5810000
3dm_33_399_5810_1_be.las,Sued.zip,https://gdi.berlin.de/data/a_als/atom/Sued.zip,EPSG:25833,399000,5810000,400000,5811000
3dm_33_399_5811_1_be.las,Sued.zip,https://gdi.berlin.de/data/a_als/atom/Sued.zip,EPSG:25833,399000,5811000,400000,5812000
3dm_33_399_5812_1_be.las,Sued.zip,https://gdi.berlin.de/data/a_als/atom/Sued.zip,EPSG:25833,399000,5812000,400000,5813000
3dm_33_399_5813_1_be.las,Sued.zip,https://gdi.berlin.de/data/a_als/atom/Sued.zip,EPSG:25833,399000,5813000,400000,5814000
3dm_33_399_5814_1_be.las,Sued.zip,https://gdi.berlin.de/data/a_als/atom/Sued.zip,EPSG:25833,399000,5814000,400000,5815000
3dm_33_399_5815_1_be.las,Sued.zip,https://gdi.berlin.de/data/a_als/atom/Sued.zip,EPSG:25833,399000,5815000,400000,5816000
3dm_33_400_5805_1_be.las,Suedost.zip,https://gdi.berlin.de/data/a_als/atom/Suedost.zip,EPSG:25833,400000,5805000,401000,5806000
3dm_33_400_5806_1_be.las,Suedost.zip,https://gdi.berlin.de/data/a_als/atom/Suedost.zip,EPSG:25833,400000,5806000,401000,5807000
3dm_33_400_5807_1_be.las,Suedost.zip,https://gdi.berlin.de/data/a_als/atom/Suedost.zip,EPSG:25833,400000,5807000,401000,5808000
3dm_33_400_5808_1_be.las,Suedost.zip,https://gdi.berlin.de/data/a_als/atom/Suedost.zip,EPSG:25833,400000,5808000,401000,5809000
3dm_33_400_5809_1_be.las,Suedost.zip,https://gdi.berlin.de/data/a_als/atom/Suedost.zip,EPSG:25833,400000,5809000,401000,5810000
3dm_33_400_5810_1_be.las,Suedost.zip,https://gdi.berlin.de/data/a_als/atom/Suedost.zip,EPSG:25833,400000,5810000,401000,5811000
3dm_33_400_5811_1_be.las,Suedost.zip,https://gdi.berlin.de/data/a_als/atom/Suedost.zip,EPSG:25833,400000,5811000,401000,5812000
3dm_33_400_5812_1_be.las,Suedost.zip,https://gdi.berlin.de/data/a_als/atom/Suedost.zip,EPSG:25833,400000,5812000,401000,5813000
3dm_33_400_5813_1_be.las,Suedost.zip,https://gdi.berlin.de/data/a_als/atom/Suedost.zip,EPSG:25833,400000,5813000,401000,5814000
3dm_33_400_5814_1_be.las,Suedost.zip,https://gdi.berlin.de/data/a_als/atom/Suedost.zip,EPSG:25833,400000,5814000,401000,5815000
3dm_33_400_5815_1_be.las,Suedost.zip,https://gdi.berlin.de/data/a_als/atom/Suedost.zip,EPSG:25833,400000,5815000,401000,5816000
3dm_33_401_5804_1_be.las,Suedost.zip,https://gdi.berlin.de/data/a_als/atom/Suedost.zip,EPSG:25833,401000,5804000,402000,5805000
3dm_33_401_5805_1_be.las,Suedost.zip,https://gdi.berlin.de/data/a_als/atom/Suedost.zip,EPSG:25833,401000,5805000,402000,5806000
3dm_33_401_5806_1_be.las,Suedost.zip,https://gdi.berlin.de/data/a_als/atom/Suedost.zip,EPSG:25833,401000,5806000,402000,5807000
3dm_33_401_5807_1_be.las,Suedost.zip,https://gdi.berlin.de/data/a_als/atom/Suedost.zip,EPSG:25833,401000,5807000,402000,5808000
3dm_33_401_5808_1_be.las,Suedost.zip,https://gdi.berlin.de/data/a_als/atom/Suedost.zip,EPSG:25833,401000,5808000,402000,5809000
3dm_33_401_5809_1_be.las,Suedost.zip,https://gdi.berlin.de/data/a_als/atom/Suedost.zip,EPSG:25833,401000,5809000,402000,5810000
3dm_33_401_5810_1_be.las,Suedost.zip,https://gdi.berlin.de/data/a_als/atom/Suedost.zip,EPSG:25833,401000,5810000,402000,5811000
3dm_33_401_5811_1_be.las,Suedost.zip,https://gdi.berlin.de/data/a_als/atom/Suedost.zip,EPSG:25833,401000,5811000,402000,5812000
3dm_33_401_5812_1_be.las,Suedost.zip,https://gdi.berlin.de/data/a_als/atom/Suedost.zip,EPSG:25833,401000,5812000,402000,5813000
3dm_33_401_5813_1_be.las,Suedost.zip,https://gdi.berlin.de/data/a_als/atom/Suedost.zip,EPSG:25833,401000,5813000,402000,5814000
3dm_33_401_5814_1_be.las,Suedost.zip,https://gdi.berlin.de/data/a_als/atom/Suedost.zip,EPSG:25833,401000,5814000,402000,5815000
3dm_33_401_5815_1_be.las,Suedost.zip,https://gdi.berlin.de/data/a_als/atom/Suedost.zip,EPSG:25833,401000,5815000,402000,5816000
3dm_33_402_5804_1_be.las,Suedost.zip,https://gdi.berlin.de/data/a_als/atom/Suedost.zip,EPSG:25833,402000,5804000,403000,5805000
3dm_33_402_5805_1_be.las,Suedost.zip,https://gdi.berlin.de/data/a_als/atom/Suedost.zip,EPSG:25833,402000,5805000,403000,5806000
3dm_33_402_5806_1_be.las,Suedost.zip,https://gdi.berlin.de/data/a_als/atom/Suedost.zip,EPSG:25833,402000,5806000,403000,5807000
3dm_33_402_5807_1_be.las,Suedost.zip,https://gdi.berlin.de/data/a_als/atom/Suedost.zip,EPSG:25833,402000,5807000,403000,5808000
3dm_33_402_5808_1_be.las,Suedost.zip,https://gdi.berlin.de/data/a_als/atom/Suedost.zip,EPSG:25833,402000,5808000,403000,5809000
3dm_33_402_5809_1_be.las,Suedost.zip,https://gdi.berlin.de/data/a_als/atom/Suedost.zip,EPSG:25833,402000,5809000,403000,5810000
3dm_33_402_5810_1_be.las,Suedost.zip,https://gdi.berlin.de/data/a_als/atom/Suedost.zip,EPSG:25833,402000,5810000,403000,5811000
3dm_33_402_5811_1_be.las,Suedost.zip,https://gdi.berlin.de/data/a_als/atom/Suedost.zip,EPSG:25833,402000,5811000,403000,5812000
3dm_33_402_5812_1_be.las,Suedost.zip,https://gdi.berlin.de/data/a_als/atom/Suedost.zip,EPSG:25833,402000,5812000,403000,5813000
3dm_33_402_5813_1_be.las,Suedost.zip,https://gdi.berlin.de/data/a_als/atom/Suedost.zip,EPSG:25833,402000,5813000,403000,5814000
3dm_33_402_5814_1_be.las,Suedost.zip,https://gdi.berlin.de/data/a_als/atom/Suedost.zip,EPSG:25833,402000,5814000,403000,5815000
3dm_33_402_5815_1_be.las,Suedost.zip,https://gdi.berlin.de/data/a_als/atom/Suedost.zip,EPSG:25833,402000,5815000,403000,5816000
3dm_33_403_5805_1_be.las,Suedost.zip,https://gdi.berlin.de/data/a_als/atom/Suedost.zip,EPSG:25833,403000,5805000,404000,5806000
3dm_33_403_5806_1_be.las,Suedost.zip,https://gdi.berlin.de/data/a_als/atom/Suedost.zip,EPSG:25833,403000,5806000,404000,5807000
3dm_33_403_5807_1_be.las,Suedost.zip,https://gdi.berlin.de/data/a_als/atom/Suedost.zip,EPSG:25833,403000,5807000,404000,5808000
3dm_33_403_5808_1_be.las,Suedost.zip,https://gdi.berlin.de/data/a_als/atom/Suedost.zip,EPSG:25833,403000,5808000,404000,5809000
3dm_33_403_5809_1_be.las,Suedost.zip,https://gdi.berlin.de/data/a_als/atom/Suedost.zip,EPSG:25833,403000,5809000,404000,5810000
3dm_33_403_5810_1_be.las,Suedost.zip,https://gdi.berlin.de/data/a_als/atom/Suedost.zip,EPSG:25833,403000,5810000,404000,5811000
3dm_33_403_5811_1_be.las,Suedost.zip,https://gdi.berlin.de/data/a_als/atom/Suedost.zip,EPSG:25833,403000,5811000,404000,5812000
3dm_33_403_5812_1_be.las,Suedost.zip,https://gdi.berlin.de/data/a_als/atom/Suedost.zip,EPSG:25833,403000,5812000,404000,5813000
3dm_33_403_5813_1_be.las,Suedost.zip,https://gdi.berlin.de/data/a_als/atom/Suedost.zip,EPSG:25833,403000,5813000,404000,5814000
3dm_33_403_5814_1_be.las,Suedost.zip,https://gdi.berlin.de/data/a_als/atom/Suedost.zip,EPSG:25833,403000,5814000,404000,5815000
3dm_33_403_5815_1_be.las,Suedost.zip,https://gdi.berlin.de/data/a_als/atom/Suedost.zip,EPSG:25833,403000,5815000,404000,5816000
3dm_33_404_5803_1_be.las,Suedost.zip,https://gdi.berlin.de/data/a_als/atom/Suedost.zip,EPSG:25833,404000,5803000,405000,5804000
3dm_33_404_5804_1_be.las,Suedost.zip,https://gdi.berlin.de/data/a_als/atom/Suedost.zip,EPSG:25833,404000,5804000,405000,5805000
3dm_33_404_5805_1_be.las,Suedost.zip,https://gdi.berlin.de/data/a_als/atom/Suedost.zip,EPSG:25833,404000,5805000,405000,5806000
3dm_33_404_5806_1_be.las,Suedost.zip,https://gdi.berlin.de/data/a_als/atom/Suedost.zip,EPSG:25833,404000,5806000,405000,5807000
3dm_33_404_5807_1_be.las,Suedost.zip,https://gdi.berlin.de/data/a_als/atom/Suedost.zip,EPSG:25833,404000,5807000,405000,5808000
3dm_33_404_5808_1_be.las,Suedost.zip,https://gdi.berlin.de/data/a_als/atom/Suedost.zip,EPSG:25833,404000,5808000,405000,5809000
3dm_33_404_5809_1_be.las,Suedost.zip,https://gdi.berlin.de/data/a_als/atom/Suedost.zip,EPSG:25833,404000,5809000,405000,5810000
3dm_33_404_5810_1_be.las,Suedost.zip,https://gdi.berlin.de/data/a_als/atom/Suedost.zip,EPSG:25833,404000,5810000,405000,5811000
3dm_33_404_5811_1_be.las,Suedost.zip,https://gdi.berlin.de/data/a_als/atom/Suedost.zip,EPSG:25833,404000,5811000,405000,5812000
3dm_33_404_5812_1_be.las,Suedost.zip,https://gdi.berlin.de/data/a_als/atom/Suedost.zip,EPSG:25833,404000,5812000,405000,5813000
3dm_33_404_5813_1_be.las,Suedost.zip,https://gdi.berlin.de/data/a_als/atom/Suedost.zip,EPSG:25833,404000,5813000,405000,5814000
3dm_33_404_5814_1_be.las,Suedost.zip,https://gdi.berlin.de/data/a_als/atom/Suedost.zip,EPSG:25833,404000,5814000,405000,5815000
3dm_33_404_5815_1_be.las,Suedost.zip,https://gdi.berlin.de/data/a_als/atom/Suedost.zip,EPSG:25833,404000,5815000,405000,5816000
3dm_33_405_5803_1_be.las,Suedost.zip,https://gdi.berlin.de/data/a_als/atom/Suedost.zip,EPSG:25833,405000,5803000,406000,5804000
3dm_33_405_5804_1_be.las,Suedost.zip,https://gdi.berlin.de/data/a_als/atom/Suedost.zip,EPSG:25833,405000,5804000,406000,5805000
3dm_33_405_5805_1_be.las,Suedost.zip,https://gdi.berlin.de/data/a_als/atom/Suedost.zip,EPSG:25833,405000,5805000,406000,5806000
3dm_33_405_5806_1_be.las,Suedost.zip,https://gdi.berlin.de/data/a_als/atom/Suedost.zip,EPSG:25833,405000,5806000,406000,5807000
3dm_33_405_5807_1_be.las,Suedost.zip,https://gdi.berlin.de/data/a_als/atom/Suedost.zip,EPSG:25833,405000,5807000,406000,5808000
3dm_33_405_5808_1_be.las,Suedost.zip,https://gdi.berlin.de/data/a_als/atom/Suedost.zip,EPSG:25833,405000,5808000,406000,5809000
3dm_33_405_5809_1_be.las,Suedost.zip,https://gdi.berlin.de/data/a_als/atom/Suedost.zip,EPSG:25833,405000,5809000,406000,5810000
3dm_33_405_5810_1_be.las,Suedost.zip,https://gdi.berlin.de/data/a_als/atom/Suedost.zip,EPSG:25833,405000,5810000,406000,5811000
3dm_33_405_5811_1_be.las,Suedost.zip,https://gdi.berlin.de/data/a_als/atom/Suedost.zip,EPSG:25833,405000,5811000,406000,5812000
3dm_33_405_5812_1_be.las,Suedost.zip,https://gdi.berlin.de/data/a_als/atom/Suedost.zip,EPSG:25833,405000,5812000,406000,5813000
3dm_33_405_5813_1_be.las,Suedost.zip,https://gdi.berlin.de/data/a_als/atom/Suedost.zip,EPSG:25833,405000,5813000,406000,5814000
3dm_33_405_5814_1_be.las,Suedost.zip,https://gdi.berlin.de/data/a_als/atom/Suedost.zip,EPSG:25833,405000,5814000,406000,5815000
3dm_33_405_5815_1_be.las,Suedost.zip,https://gdi.berlin.de/data/a_als/atom/Suedost.zip,EPSG:25833,405000,5815000,406000,5816000
3dm_33_406_5800_1_be.las,Suedost.zip,https://gdi.berlin.de/data/a_als/atom/Suedost.zip,EPSG:25833,406000,5800000,407000,5801000
3dm_33_406_5801_1_be.las,Suedost.zip,https://gdi.berlin.de/data/a_als/atom/Suedost.zip,EPSG:25833,406000,5801000,407000,5802000
3dm_33_406_5803_1_be.las,Suedost.zip,https://gdi.berlin.de/data/a_als/atom/Suedost.zip,EPSG:25833,406000,5803000,407000,5804000
3dm_33_406_5804_1_be.las,Suedost.zip,https://gdi.berlin.de/data/a_als/atom/Suedost.zip,EPSG:25833,406000,5804000,407000,5805000
3dm_33_406_5805_1_be.las,Suedost.zip,https://gdi.berlin.de/data/a_als/atom/Suedost.zip,EPSG:25833,406000,5805000,407000,5806000
3dm_33_406_5806_1_be.las,Suedost.zip,https://gdi.berlin.de/data/a_als/atom/Suedost.zip,EPSG:25833,406000,5806000,407000,5807000
3dm_33_406_5807_1_be.las,Suedost.zip,https://gdi.berlin.de/data/a_als/atom/Suedost.zip,EPSG:25833,406000,5807000,407000,5808000
3dm_33_406_5808_1_be.las,Suedost.zip,https://gdi.berlin.de/data/a_als/atom/Suedost.zip,EPSG:25833,406000,5808000,407000,5809000
3dm_33_406_5809_1_be.las,Suedost.zip,https://gdi.berlin.de/data/a_als/atom/Suedost.zip,EPSG:25833,406000,5809000,407000,5810000
3dm_33_406_5810_1_be.las,Suedost.zip,https://gdi.berlin.de/data/a_als/atom/Suedost.zip,EPSG:25833,406000,5810000,407000,5811000
3dm_33_406_5811_1_be.las,Suedost.zip,https://gdi.berlin.de/data/a_als/atom/Suedost.zip,EPSG:25833,406000,5811000,407000,5812000
3dm_33_406_5812_1_be.las,Suedost.zip,https://gdi.berlin.de/data/a_als/atom/Suedost.zip,EPSG:25833,406000,5812000,407000,5813000
3dm_33_406_5813_1_be.las,Suedost.zip,https://gdi.berlin.de/data/a_als/atom/Suedost.zip,EPSG:25833,406000,5813000,407000,5814000
3dm_33_406_5814_1_be.las,Suedost.zip,https://gdi.berlin.de/data/a_als/atom/Suedost.zip,EPSG:25833,406000,5814000,407000,5815000
3dm_33_406_5815_1_be.las,Suedost.zip,https://gdi.berlin.de/data/a_als/atom/Suedost.zip,EPSG:25833,406000,5815000,407000,5816000
3dm_33_407_5799_1_be.las,Suedost.zip,https://gdi.berlin.de/data/a_als/atom/Suedost.zip,EPSG:25833,407000,5799000,408000,5800000
3dm_33_407_5800_1_be.las,Suedost.zip,https://gdi.berlin.de/data/a_als/atom/Suedost.zip,EPSG:25833,407000,5800000,408000,5801000
3dm_33_407_5801_1_be.las,Suedost.zip,https://gdi.berlin.de/data/a_als/atom/Suedost.zip,EPSG:25833,407000,5801000,408000,5802000
3dm_33_407_5802_1_be.las,Suedost.zip,https://gdi.berlin.de/data/a_als/atom/Suedost.zip,EPSG:25833,407000,5802000,408000,5803000
3dm_33_407_5803_1_be.las,Suedost.zip,https://gdi.berlin.de/data/a_als/atom/Suedost.zip,EPSG:25833,407000,5803000,408000,5804000
3dm_33_407_5804_1_be.las,Suedost.zip,https://gdi.berlin.de/data/a_als/atom/Suedost.zip,EPSG:25833,407000,5804000,408000,5805000
3dm_33_407_5805_1_be.las,Suedost.zip,https://gdi.berlin.de/data/a_als/atom/Suedost.zip,EPSG:25833,407000,5805000,408000,5806000
3dm_33_407_5806_1_be.las,Suedost.zip,https://gdi.berlin.de/data/a_als/atom/Suedost.zip,EPSG:25833,407000,5806000,408000,5807000
3dm_33_407_5807_1_be.las,Suedost.zip,https://gdi.berlin.de/data/a_als/atom/Suedost.zip,EPSG:25833,407000,5807000,408000,5808000
3dm_33_407_5808_1_be.las,Suedost.zip,https://gdi.berlin.de/data/a_als/atom/Suedost.zip,EPSG:25833,407000,5808000,408000,5809000
3dm_33_407_5809_1_be.las,Suedost.zip,https://gdi.berlin.de/data/a_als/atom/Suedost.zip,EPSG:25833,407000,5809000,408000,5810000
3dm_33_407_5810_1_be.las,Suedost.zip,https://gdi.berlin.de/data/a_als/atom/Suedost.zip,EPSG:25833,407000,5810000,408000,5811000
3dm_33_407_5811_1_be.las,Suedost.zip,https://gdi.berlin.de/data/a_als/atom/Suedost.zip,EPSG:25833,407000,5811000,408000,5812000
3dm_33_407_5812_1_be.las,Suedost.zip,https://gdi.berlin.de/data/a_als/atom/Suedost.zip,EPSG:25833,407000,5812000,408000,5813000
3dm_33_407_5813_1_be.las,Suedost.zip,https://gdi.berlin.de/data/a_als/atom/Suedost.zip,EPSG:25833,407000,5813000,408000,5814000
3dm_33_407_5814_1_be.las,Suedost.zip,https://gdi.berlin.de/data/a_als/atom/Suedost.zip,EPSG:25833,407000,5814000,408000,5815000
3dm_33_407_5815_1_be.las,Suedost.zip,https://gdi.berlin.de/data/a_als/atom/Suedost.zip,EPSG:25833,407000,5815000,408000,5816000
3dm_33_408_5799_1_be.las,Suedost.zip,https://gdi.berlin.de/data/a_als/atom/Suedost.zip,EPSG:25833,408000,5799000,409000,5800000
3dm_33_408_5800_1_be.las,Suedost.zip,https://gdi.berlin.de/data/a_als/atom/Suedost.zip,EPSG:25833,408000,5800000,409000,5801000
3dm_33_408_5801_1_be.las,Suedost.zip,https://gdi.berlin.de/data/a_als/atom/Suedost.zip,EPSG:25833,408000,5801000,409000,5802000
3dm_33_408_5802_1_be.las,Suedost.zip,https://gdi.berlin.de/data/a_als/atom/Suedost.zip,EPSG:25833,408000,5802000,409000,5803000
3dm_33_408_5803_1_be.las,Suedost.zip,https://gdi.berlin.de/data/a_als/atom/Suedost.zip,EPSG:25833,408000,5803000,409000,5804000
3dm_33_408_5804_1_be.las,Suedost.zip,https://gdi.berlin.de/data/a_als/atom/Suedost.zip,EPSG:25833,408000,5804000,409000,5805000
3dm_33_408_5805_1_be.las,Suedost.zip,https://gdi.berlin.de/data/a_als/atom/Suedost.zip,EPSG:25833,408000,5805000,409000,5806000
3dm_33_408_5806_1_be.las,Suedost.zip,https://gdi.berlin.de/data/a_als/atom/Suedost.zip,EPSG:25833,408000,5806000,409000,5807000
3dm_33_408_5807_1_be.las,Suedost.zip,https://gdi.berlin.de/data/a_als/atom/Suedost.zip,EPSG:25833,408000,5807000,409000,5808000
3dm_33_408_5808_1_be.las,Suedost.zip,https://gdi.berlin.de/data/a_als/atom/Suedost.zip,EPSG:25833,408000,5808000,409000,5809000
3dm_33_408_5809_1_be.las,Suedost.zip,https://gdi.berlin.de/data/a_als/atom/Suedost.zip,EPSG:25833,408000,5809000,409000,5810000
3dm_33_408_5810_1_be.las,Suedost.zip,https://gdi.berlin.de/data/a_als/atom/Suedost.zip,EPSG:25833,408000,5810000,409000,5811000
3dm_33_408_5811_1_be.las,Suedost.zip,https://gdi.berlin.de/data/a_als/atom/Suedost.zip,EPSG:25833,408000,5811000,409000,5812000
3dm_33_408_5812_1_be.las,Suedost.zip,https://gdi.berlin.de/data/a_als/atom/Suedost.zip,EPSG:25833,408000,5812000,409000,5813000
3dm_33_408_5813_1_be.las,Suedost.zip,https://gdi.berlin.de/data/a_als/atom/Suedost.zip,EPSG:25833,408000,5813000,409000,5814000
3dm_33_408_5814_1_be.las,Suedost.zip,https://gdi.berlin.de/data/a_als/atom/Suedost.zip,EPSG:25833,408000,5814000,409000,5815000
3dm_33_408_5815_1_be.las,Suedost.zip,https://gdi.berlin.de/data/a_als/atom/Suedost.zip,EPSG:25833,408000,5815000,409000,5816000
3dm_33_409_5801_1_be.las,Suedost.zip,https://gdi.berlin.de/data/a_als/atom/Suedost.zip,EPSG:25833,409000,5801000,410000,5802000
3dm_33_409_5802_1_be.las,Suedost.zip,https://gdi.berlin.de/data/a_als/atom/Suedost.zip,EPSG:25833,409000,5802000,410000,5803000
3dm_33_409_5803_1_be.las,Suedost.zip,https://gdi.berlin.de/data/a_als/atom/Suedost.zip,EPSG:25833,409000,5803000,410000,5804000
3dm_33_409_5804_1_be.las,Suedost.zip,https://gdi.berlin.de/data/a_als/atom/Suedost.zip,EPSG:25833,409000,5804000,410000,5805000
3dm_33_409_5805_1_be.las,Suedost.zip,https://gdi.berlin.de/data/a_als/atom/Suedost.zip,EPSG:25833,409000,5805000,410000,5806000
3dm_33_409_5806_1_be.las,Suedost.zip,https://gdi.berlin.de/data/a_als/atom/Suedost.zip,EPSG:25833,409000,5806000,410000,5807000
3dm_33_409_5807_1_be.las,Suedost.zip,https://gdi.berlin.de/data/a_als/atom/Suedost.zip,EPSG:25833,409000,5807000,410000,5808000
3dm_33_409_5808_1_be.las,Suedost.zip,https://gdi.berlin.de/data/a_als/atom/Suedost.zip,EPSG:25833,409000,5808000,410000,5809000
3dm_33_409_5809_1_be.las,Suedost.zip,https://gdi.berlin.de/data/a_als/atom/Suedost.zip,EPSG:25833,409000,5809000,410000,5810000
3dm_33_409_5810_1_be.las,Suedost.zip,https://gdi.berlin.de/data/a_als/atom/Suedost.zip,EPSG:25833,409000,5810000,410000,5811000
3dm_33_409_5811_1_be.las,Suedost.zip,https://gdi.berlin.de/data/a_als/atom/Suedost.zip,EPSG:25833,409000,5811000,410000,5812000
3dm_33_409_5812_1_be.las,Suedost.zip,https://gdi.berlin.de/data/a_als/atom/Suedost.zip,EPSG:25833,409000,5812000,410000,5813000
3dm_33_409_5813_1_be.las,Suedost.zip,https://gdi.berlin.de/data/a_als/atom/Suedost.zip,EPSG:25833,409000,5813000,410000,5814000
3dm_33_409_5814_1_be.las,Suedost.zip,https://gdi.berlin.de/data/a_als/atom/Suedost.zip,EPSG:25833,409000,5814000,410000,5815000
3dm_33_410_5802_1_be.las,Suedost.zip,https://gdi.berlin.de/data/a_als/atom/Suedost.zip,EPSG:25833,410000,5802000,411000,5803000
3dm_33_410_5803_1_be.las,Suedost.zip,https://gdi.berlin.de/data/a_als/atom/Suedost.zip,EPSG:25833,410000,5803000,411000,5804000
3dm_33_410_5804_1_be.las,Suedost.zip,https://gdi.berlin.de/data/a_als/atom/Suedost.zip,EPSG:25833,410000,5804000,411000,5805000
3dm_33_410_5805_1_be.las,Suedost.zip,https://gdi.berlin.de/data/a_als/atom/Suedost.zip,EPSG:25833,410000,5805000,411000,5806000
3dm_33_410_5806_1_be.las,Suedost.zip,https://gdi.berlin.de/data/a_als/atom/Suedost.zip,EPSG:25833,410000,5806000,411000,5807000
3dm_33_410_5807_1_be.las,Suedost.zip,https://gdi.berlin.de/data/a_als/atom/Suedost.zip,EPSG:25833,410000,5807000,411000,5808000
3dm_33_410_5808_1_be.las,Suedost.zip,https://gdi.berlin.de/data/a_als/atom/Suedost.zip,EPSG:25833,410000,5808000,411000,5809000
3dm_33_410_5809_1_be.las,Suedost.zip,https://gdi.berlin.de/data/a_als/atom/Suedost.zip,EPSG:25833,410000,5809000,411000,5810000
3dm_33_410_5810_1_be.las,Suedost.zip,https://gdi.berlin.de/data/a_als/atom/Suedost.zip,EPSG:25833,410000,5810000,411000,5811000
3dm_33_410_5811_1_be.las,Suedost.zip,https://gdi.berlin.de/data/a_als/atom/Suedost.zip,EPSG:25833,410000,5811000,411000,5812000
3dm_33_410_5812_1_be.las,Suedost.zip,https://gdi.berlin.de/data/a_als/atom/Suedost.zip,EPSG:25833,410000,5812000,411000,5813000
3dm_33_410_5813_1_be.las,Suedost.zip,https://gdi.berlin.de/data/a_als/atom/Suedost.zip,EPSG:25833,410000,5813000,411000,5814000
3dm_33_410_5814_1_be.las,Suedost.zip,https://gdi.berlin.de/data/a_als/atom/Suedost.zip,EPSG:25833,410000,5814000,411000,5815000
3dm_33_411_5802_1_be.las,Suedost.zip,https://gdi.berlin.de/data/a_als/atom/Suedost.zip,EPSG:25833,411000,5802000,412000,5803000
3dm_33_411_5803_1_be.las,Suedost.zip,https://gdi.berlin.de/data/a_als/atom/Suedost.zip,EPSG:25833,411000,5803000,412000,5804000
3dm_33_411_5804_1_be.las,Suedost.zip,https://gdi.berlin.de/data/a_als/atom/Suedost.zip,EPSG:25833,411000,5804000,412000,5805000
3dm_33_411_5805_1_be.las,Suedost.zip,https://gdi.berlin.de/data/a_als/atom/Suedost.zip,EPSG:25833,411000,5805000,412000,5806000
3dm_33_411_5806_1_be.las,Suedost.zip,https://gdi.berlin.de/data/a_als/atom/Suedost.zip,EPSG:25833,411000,5806000,412000,5807000
3dm_33_411_5807_1_be.las,Suedost.zip,https://gdi.berlin.de/data/a_als/atom/Suedost.zip,EPSG:25833,411000,5807000,412000,5808000
3dm_33_411_5808_1_be.las,Suedost.zip,https://gdi.berlin.de/data/a_als/atom/Suedost.zip,EPSG:25833,411000,5808000,412000,5809000
3dm_33_411_5809_1_be.las,Suedost.zip,https://gdi.berlin.de/data/a_als/atom/Suedost.zip,EPSG:25833,411000,5809000,412000,5810000
3dm_33_411_5810_1_be.las,Suedost.zip,https://gdi.berlin.de/data/a_als/atom/Suedost.zip,EPSG:25833,411000,5810000,412000,5811000
3dm_33_411_5811_1_be.las,Suedost.zip,https://gdi.berlin.de/data/a_als/atom/Suedost.zip,EPSG:25833,411000,5811000,412000,5812000
3dm_33_411_5812_1_be.las,Suedost.zip,https://gdi.berlin.de/data/a_als/atom/Suedost.zip,EPSG:25833,411000,5812000,412000,5813000
3dm_33_411_5813_1_be.las,Suedost.zip,https://gdi.berlin.de/data/a_als/atom/Suedost.zip,EPSG:25833,411000,5813000,412000,5814000
3dm_33_411_5814_1_be.las,Suedost.zip,https://gdi.berlin.de/data/a_als/atom/Suedost.zip,EPSG:25833,411000,5814000,412000,5815000
3dm_33_412_5805_1_be.las,Suedost.zip,https://gdi.berlin.de/data/a_als/atom/Suedost.zip,EPSG:25833,412000,5805000,413000,5806000
3dm_33_412_5806_1_be.las,Suedost.zip,https://gdi.berlin.de/data/a_als/atom/Suedost.zip,EPSG:25833,412000,5806000,413000,5807000
3dm_33_412_5807_1_be.las,Suedost.zip,https://gdi.berlin.de/data/a_als/atom/Suedost.zip,EPSG:25833,412000,5807000,413000,5808000
3dm_33_412_5808_1_be.las,Suedost.zip,https://gdi.berlin.de/data/a_als/atom/Suedost.zip,EPSG:25833,412000,5808000,413000,5809000
3dm_33_412_5809_1_be.las,Suedost.zip,https://gdi.berlin.de/data/a_als/atom/Suedost.zip,EPSG:25833,412000,5809000,413000,5810000
3dm_33_412_5810_1_be.las,Suedost.zip,https://gdi.berlin.de/data/a_als/atom/Suedost.zip,EPSG:25833,412000,5810000,413000,5811000
3dm_33_412_5811_1_be.las,Suedost.zip,https://gdi.berlin.de/data/a_als/atom/Suedost.zip,EPSG:25833,412000,5811000,413000,5812000
3dm_33_412_5812_1_be.las,Suedost.zip,https://gdi.berlin.de/data/a_als/atom/Suedost.zip,EPSG:25833,412000,5812000,413000,5813000
3dm_33_412_5813_1_be.las,Suedost.zip,https://gdi.berlin.de/data/a_als/atom/Suedost.zip,EPSG:25833,412000,5813000,413000,5814000
3dm_33_412_5814_1_be.las,Suedost.zip,https://gdi.berlin.de/data/a_als/atom/Suedost.zip,EPSG:25833,412000,5814000,413000,5815000
3dm_33_413_5805_1_be.las,Suedost.zip,https://gdi.berlin.de/data/a_als/atom/Suedost.zip,EPSG:25833,413000,5805000,414000,5806000
3dm_33_413_5806_1_be.las,Suedost.zip,https://gdi.berlin.de/data/a_als/atom/Suedost.zip,EPSG:25833,413000,5806000,414000,5807000
3dm_33_413_5807_1_be.las,Suedost.zip,https://gdi.berlin.de/data/a_als/atom/Suedost.zip,EPSG:25833,413000,5807000,414000,5808000
3dm_33_413_5808_1_be.las,Suedost.zip,https://gdi.berlin.de/data/a_als/atom/Suedost.zip,EPSG:25833,413000,5808000,414000,5809000
3dm_33_413_5809_1_be.las,Suedost.zip,https://gdi.berlin.de/data/a_als/atom/Suedost.zip,EPSG:25833,413000,5809000,414000,5810000
3dm_33_413_5810_1_be.las,Suedost.zip,https://gdi.berlin.de/data/a_als/atom/Suedost.zip,EPSG:25833,413000,5810000,414000,5811000
3dm_33_413_5811_1_be.las,Suedost.zip,https://gdi.berlin.de/data/a_als/atom/Suedost.zip,EPSG:25833,413000,5811000,414000,5812000
3dm_33_413_5812_1_be.las,Suedost.zip,https://gdi.berlin.de/data/a_als/atom/Suedost.zip,EPSG:25833,413000,5812000,414000,5813000
3dm_33_413_5813_1_be.las,Suedost.zip,https://gdi.berlin.de/data/a_als/atom/Suedost.zip,EPSG:25833,413000,5813000,414000,5814000
3dm_33_414_5806_1_be.las,Suedost.zip,https://gdi.berlin.de/data/a_als/atom/Suedost.zip,EPSG:25833,414000,5806000,415000,5807000
3dm_33_414_5807_1_be.las,Suedost.zip,https://gdi.berlin.de/data/a_als/atom/Suedost.zip,EPSG:25833,414000,5807000,415000,5808000
3dm_33_414_5808_1_be.las,Suedost.zip,https://gdi.berlin.de/data/a_als/atom/Suedost.zip,EPSG:25833,414000,5808000,415000,5809000
3dm_33_414_5809_1_be.las,Suedost.zip,https://gdi.berlin.de/data/a_als/atom/Suedost.zip,EPSG:25833,414000,5809000,415000,5810000
3dm_33_414_5810_1_be.las,Suedost.zip,https://gdi.berlin.de/data/a_als/atom/Suedost.zip,EPSG:25833,414000,5810000,415000,5811000
3dm_33_414_5811_1_be.las,Suedost.zip,https://gdi.berlin.de/data/a_als/atom/Suedost.zip,EPSG:25833,414000,5811000,415000,5812000
3dm_33_414_5812_1_be.las,Suedost.zip,https://gdi.berlin.de/data/a_als/atom/Suedost.zip,EPSG:25833,414000,5812000,415000,5813000
3dm_33_415_5810_1_be.las,Suedost.zip,https://gdi.berlin.de/data/a_als/atom/Suedost.zip,EPSG:25833,415000,5810000,416000,5811000
3dm_33_415_5811_1_be.las,Suedost.zip,https://gdi.berlin.de/data/a_als/atom/Suedost.zip,EPSG:25833,415000,5811000,416000,5812000
3dm_33_416_5810_1_be.las,Suedost.zip,https://gdi.berlin.de/data/a_als/atom/Suedost.zip,EPSG:25833,416000,5810000,417000,5811000
3dm_33_369_5808_1_be.las,Suedwest.zip,https://gdi.berlin.de/data/a_als/atom/Suedwest.zip,EPSG:25833,369000,5808000,370000,5809000
3dm_33_369_5809_1_be.las,Suedwest.zip,https://gdi.berlin.de/data/a_als/atom/Suedwest.zip,EPSG:25833,369000,5809000,370000,5810000
3dm_33_370_5808_1_be.las,Suedwest.zip,https://gdi.berlin.de/data/a_als/atom/Suedwest.zip,EPSG:25833,370000,5808000,371000,5809000
3dm_33_370_5809_1_be.las,Suedwest.zip,https://gdi.berlin.de/data/a_als/atom/Suedwest.zip,EPSG:25833,370000,5809000,371000,5810000
3dm_33_370_5810_1_be.las,Suedwest.zip,https://gdi.berlin.de/data/a_als/atom/Suedwest.zip,EPSG:25833,370000,5810000,371000,5811000
3dm_33_371_5806_1_be.las,Suedwest.zip,https://gdi.berlin.de/data/a_als/atom/Suedwest.zip,EPSG:25833,371000,5806000,372000,5807000
3dm_33_371_5807_1_be.las,Suedwest.zip,https://gdi.berlin.de/data/a_als/atom/Suedwest.zip,EPSG:25833,371000,5807000,372000,5808000
3dm_33_371_5808_1_be.las,Suedwest.zip,https://gdi.berlin.de/data/a_als/atom/Suedwest.zip,EPSG:25833,371000,5808000,372000,5809000
3dm_33_371_5809_1_be.las,Suedwest.zip,https://gdi.berlin.de/data/a_als/atom/Suedwest.zip,EPSG:25833,371000,5809000,372000,5810000
3dm_33_371_5810_1_be.las,Suedwest.zip,https://gdi.berlin.de/data/a_als/atom/Suedwest.zip,EPSG:25833,371000,5810000,372000,5811000
3dm_33_371_5811_1_be.las,Suedwest.zip,https://gdi.berlin.de/data/a_als/atom/Suedwest.zip,EPSG:25833,371000,5811000,372000,5812000
3dm_33_371_5812_1_be.las,Suedwest.zip,https://gdi.berlin.de/data/a_als/atom/Suedwest.zip,EPSG:25833,371000,5812000,372000,5813000
3dm_33_371_5813_1_be.las,Suedwest.zip,https://gdi.berlin.de/data/a_als/atom/Suedwest.zip,EPSG:25833,371000,5813000,372000,5814000
3dm_33_371_5814_1_be.las,Suedwest.zip,https://gdi.berlin.de/data/a_als/atom/Suedwest.zip,EPSG:25833,371000,5814000,372000,5815000
3dm_33_371_5815_1_be.las,Suedwest.zip,https://gdi.berlin.de/data/a_als/atom/Suedwest.zip,EPSG:25833,371000,5815000,372000,5816000
3dm_33_372_5805_1_be.las,Suedwest.zip,https://gdi.berlin.de/data/a_als/atom/Suedwest.zip,EPSG:25833,372000,5805000,373000,5806000
3dm_33_372_5806_1_be.las,Suedwest.zip,https://gdi.berlin.de/data/a_als/atom/Suedwest.zip,EPSG:25833,372000,5806000,373000,5807000
3dm_33_372_5807_1_be.las,Suedwest.zip,https://gdi.berlin.de/data/a_als/atom/Suedwest.zip,EPSG:25833,372000,5807000,373000,5808000
3dm_33_372_5808_1_be.las,Suedwest.zip,https://gdi.berlin.de/data/a_als/atom/Suedwest.zip,EPSG:25833,372000,5808000,373000,5809000
3dm_33_372_5809_1_be.las,Suedwest.zip,https://gdi.berlin.de/data/a_als/atom/Suedwest.zip,EPSG:25833,372000,5809000,373000,5810000
3dm_33_372_5810_1_be.las,Suedwest.zip,https://gdi.berlin.de/data/a_als/atom/Suedwest.zip,EPSG:25833,372000,5810000,373000,5811000
3dm_33_372_5811_1_be.las,Suedwest.zip,https://gdi.berlin.de/data/a_als/atom/Suedwest.zip,EPSG:25833,372000,5811000,373000,5812000
3dm_33_372_5812_1_be.las,Suedwest.zip,https://gdi.berlin.de/data/a_als/atom/Suedwest.zip,EPSG:25833,372000,5812000,373000,5813000
3dm_33_372_5813_1_be.las,Suedwest.zip,https://gdi.berlin.de/data/a_als/atom/Suedwest.zip,EPSG:25833,372000,5813000,373000,5814000
3dm_33_372_5814_1_be.las,Suedwest.zip,https://gdi.berlin.de/data/a_als/atom/Suedwest.zip,EPSG:25833,372000,5814000,373000,5815000
3dm_33_372_5815_1_be.las,Suedwest.zip,https://gdi.berlin.de/data/a_als/atom/Suedwest.zip,EPSG:25833,372000,5815000,373000,5816000
3dm_33_373_5805_1_be.las,Suedwest.zip,https://gdi.berlin.de/data/a_als/atom/Suedwest.zip,EPSG:25833,373000,5805000,374000,5806000
3dm_33_373_5806_1_be.las,Suedwest.zip,https://gdi.berlin.de/data/a_als/atom/Suedwest.zip,EPSG:25833,373000,5806000,374000,5807000
3dm_33_373_5807_1_be.las,Suedwest.zip,https://gdi.berlin.de/data/a_als/atom/Suedwest.zip,EPSG:25833,373000,5807000,374000,5808000
3dm_33_373_5808_1_be.las,Suedwest.zip,https://gdi.berlin.de/data/a_als/atom/Suedwest.zip,EPSG:25833,373000,5808000,374000,5809000
3dm_33_373_5809_1_be.las,Suedwest.zip,https://gdi.berlin.de/data/a_als/atom/Suedwest.zip,EPSG:25833,373000,5809000,374000,5810000
3dm_33_373_5810_1_be.las,Suedwest.zip,https://gdi.berlin.de/data/a_als/atom/Suedwest.zip,EPSG:25833,373000,5810000,374000,5811000
3dm_33_373_5811_1_be.las,Suedwest.zip,https://gdi.berlin.de/data/a_als/atom/Suedwest.zip,EPSG:25833,373000,5811000,374000,5812000
3dm_33_373_5812_1_be.las,Suedwest.zip,https://gdi.berlin.de/data/a_als/atom/Suedwest.zip,EPSG:25833,373000,5812000,374000,5813000
3dm_33_373_5813_1_be.las,Suedwest.zip,https://gdi.berlin.de/data/a_als/atom/Suedwest.zip,EPSG:25833,373000,5813000,374000,5814000
3dm_33_373_5814_1_be.las,Suedwest.zip,https://gdi.berlin.de/data/a_als/atom/Suedwest.zip,EPSG:25833,373000,5814000,374000,5815000
3dm_33_373_5815_1_be.las,Suedwest.zip,https://gdi.berlin.de/data/a_als/atom/Suedwest.zip,EPSG:25833,373000,5815000,374000,5816000
3dm_33_374_5806_1_be.las,Suedwest.zip,https://gdi.berlin.de/data/a_als/atom/Suedwest.zip,EPSG:25833,374000,5806000,375000,5807000
3dm_33_374_5807_1_be.las,Suedwest.zip,https://gdi.berlin.de/data/a_als/atom/Suedwest.zip,EPSG:25833,374000,5807000,375000,5808000
3dm_33_374_5808_1_be.las,Suedwest.zip,https://gdi.berlin.de/data/a_als/atom/Suedwest.zip,EPSG:25833,374000,5808000,375000,5809000
3dm_33_374_5809_1_be.las,Suedwest.zip,https://gdi.berlin.de/data/a_als/atom/Suedwest.zip,EPSG:25833,374000,5809000,375000,5810000
3dm_33_374_5810_1_be.las,Suedwest.zip,https://gdi.berlin.de/data/a_als/atom/Suedwest.zip,EPSG:25833,374000,5810000,375000,5811000
3dm_33_374_5811_1_be.las,Suedwest.zip,https://gdi.berlin.de/data/a_als/atom/Suedwest.zip,EPSG:25833,374000,5811000,375000,5812000
3dm_33_374_5812_1_be.las,Suedwest.zip,https://gdi.berlin.de/data/a_als/atom/Suedwest.zip,EPSG:25833,374000,5812000,375000,5813000
3dm_33_374_5813_1_be.las,Suedwest.zip,https://gdi.berlin.de/data/a_als/atom/Suedwest.zip,EPSG:25833,374000,5813000,375000,5814000
3dm_33_374_5814_1_be.las,Suedwest.zip,https://gdi.berlin.de/data/a_als/atom/Suedwest.zip,EPSG:25833,374000,5814000,375000,5815000
3dm_33_374_5815_1_be.las,Suedwest.zip,https://gdi.berlin.de/data/a_als/atom/Suedwest.zip,EPSG:25833,374000,5815000,375000,5816000
3dm_33_375_5806_1_be.las,Suedwest.zip,https://gdi.berlin.de/data/a_als/atom/Suedwest.zip,EPSG:25833,375000,5806000,376000,5807000
3dm_33_375_5807_1_be.las,Suedwest.zip,https://gdi.berlin.de/data/a_als/atom/Suedwest.zip,EPSG:25833,375000,5807000,376000,5808000
3dm_33_375_5808_1_be.las,Suedwest.zip,https://gdi.berlin.de/data/a_als/atom/Suedwest.zip,EPSG:25833,375000,5808000,376000,5809000
3dm_33_375_5809_1_be.las,Suedwest.zip,https://gdi.berlin.de/data/a_als/atom/Suedwest.zip,EPSG:25833,375000,5809000,376000,5810000
3dm_33_375_5810_1_be.las,Suedwest.zip,https://gdi.berlin.de/data/a_als/atom/Suedwest.zip,EPSG:25833,375000,5810000,376000,5811000
3dm_33_375_5811_1_be.las,Suedwest.zip,https://gdi.berlin.de/data/a_als/atom/Suedwest.zip,EPSG:25833,375000,5811000,376000,5812000
3dm_33_375_5812_1_be.las,Suedwest.zip,https://gdi.berlin.de/data/a_als/atom/Suedwest.zip,EPSG:25833,375000,5812000,376000,5813000
3dm_33_375_5813_1_be.las,Suedwest.zip,https://gdi.berlin.de/data/a_als/atom/Suedwest.zip,EPSG:25833,375000,5813000,376000,5814000
3dm_33_375_5814_1_be.las,Suedwest.zip,https://gdi.berlin.de/data/a_als/atom/Suedwest.zip,EPSG:25833,375000,5814000,376000,5815000
3dm_33_375_5815_1_be.las,Suedwest.zip,https://gdi.berlin.de/data/a_als/atom/Suedwest.zip,EPSG:25833,375000,5815000,376000,5816000
3dm_33_376_5807_1_be.las,Suedwest.zip,https://gdi.berlin.de/data/a_als/atom/Suedwest.zip,EPSG:25833,376000,5807000,377000,5808000
3dm_33_376_5808_1_be.las,Suedwest.zip,https://gdi.berlin.de/data/a_als/atom/Suedwest.zip,EPSG:25833,376000,5808000,377000,5809000
3dm_33_376_5809_1_be.las,Suedwest.zip,https://gdi.berlin.de/data/a_als/atom/Suedwest.zip,EPSG:25833,376000,5809000,377000,5810000
3dm_33_376_5810_1_be.las,Suedwest.zip,https://gdi.berlin.de/data/a_als/atom/Suedwest.zip,EPSG:25833,376000,5810000,377000,5811000
3dm_33_376_5811_1_be.las,Suedwest.zip,https://gdi.berlin.de/data/a_als/atom/Suedwest.zip,EPSG:25833,376000,5811000,377000,5812000
3dm_33_376_5812_1_be.las,Suedwest.zip,https://gdi.berlin.de/data/a_als/atom/Suedwest.zip,EPSG:25833,376000,5812000,377000,5813000
3dm_33_376_5813_1_be.las,Suedwest.zip,https://gdi.berlin.de/data/a_als/atom/Suedwest.zip,EPSG:25833,376000,5813000,377000,5814000
3dm_33_376_5814_1_be.las,Suedwest.zip,https://gdi.berlin.de/data/a_als/atom/Suedwest.zip,EPSG:25833,376000,5814000,377000,5815000
3dm_33_376_5815_1_be.las,Suedwest.zip,https://gdi.berlin.de/data/a_als/atom/Suedwest.zip,EPSG:25833,376000,5815000,377000,5816000
3dm_33_377_5808_1_be.las,Suedwest.zip,https://gdi.berlin.de/data/a_als/atom/Suedwest.zip,EPSG:25833,377000,5808000,378000,5809000
3dm_33_377_5809_1_be.las,Suedwest.zip,https://gdi.berlin.de/data/a_als/atom/Suedwest.zip,EPSG:25833,377000,5809000,378000,5810000
3dm_33_377_5810_1_be.las,Suedwest.zip,https://gdi.berlin.de/data/a_als/atom/Suedwest.zip,EPSG:25833,377000,5810000,378000,5811000
3dm_33_377_5811_1_be.las,Suedwest.zip,https://gdi.berlin.de/data/a_als/atom/Suedwest.zip,EPSG:25833,377000,5811000,378000,5812000
3dm_33_377_5812_1_be.las,Suedwest.zip,https://gdi.berlin.de/data/a_als/atom/Suedwest.zip,EPSG:25833,377000,5812000,378000,5813000
3dm_33_377_5813_1_be.las,Suedwest.zip,https://gdi.berlin.de/data/a_als/atom/Suedwest.zip,EPSG:25833,377000,5813000,378000,5814000
3dm_33_377_5814_1_be.las,Suedwest.zip,https://gdi.berlin.de/data/a_als/atom/Suedwest.zip,EPSG:25833,377000,5814000,378000,5815000
3dm_33_377_5815_1_be.las,Suedwest.zip,https://gdi.berlin.de/data/a_als/atom/Suedwest.zip,EPSG:25833,377000,5815000,378000,5816000
3dm_33_378_5808_1_be.las,Suedwest.zip,https://gdi.berlin.de/data/a_als/atom/Suedwest.zip,EPSG:25833,378000,5808000,379000,5809000
3dm_33_378_5809_1_be.las,Suedwest.zip,https://gdi.berlin.de/data/a_als/atom/Suedwest.zip,EPSG:25833,378000,5809000,379000,5810000
3dm_33_378_5810_1_be.las,Suedwest.zip,https://gdi.berlin.de/data/a_als/atom/Suedwest.zip,EPSG:25833,378000,5810000,379000,5811000
3dm_33_378_5811_1_be.las,Suedwest.zip,https://gdi.berlin.de/data/a_als/atom/Suedwest.zip,EPSG:25833,378000,5811000,379000,5812000
3dm_33_378_5812_1_be.las,Suedwest.zip,https://gdi.berlin.de/data/a_als/atom/Suedwest.zip,EPSG:25833,378000,5812000,379000,5813000
3dm_33_378_5813_1_be.las,Suedwest.zip,https://gdi.berlin.de/data/a_als/atom/Suedwest.zip,EPSG:25833,378000,5813000,379000,5814000
3dm_33_378_5814_1_be.las,Suedwest.zip,https://gdi.berlin.de/data/a_als/atom/Suedwest.zip,EPSG:25833,378000,5814000,379000,5815000
3dm_33_378_5815_1_be.las,Suedwest.zip,https://gdi.berlin.de/data/a_als/atom/Suedwest.zip,EPSG:25833,378000,5815000,379000,5816000
3dm_33_379_5808_1_be.las,Suedwest.zip,https://gdi.berlin.de/data/a_als/atom/Suedwest.zip,EPSG:25833,379000,5808000,380000,5809000
3dm_33_379_5809_1_be.las,Suedwest.zip,https://gdi.berlin.de/data/a_als/atom/Suedwest.zip,EPSG:25833,379000,5809000,380000,5810000
3dm_33_379_5810_1_be.las,Suedwest.zip,https://gdi.berlin.de/data/a_als/atom/Suedwest.zip,EPSG:25833,379000,5810000,380000,5811000
3dm_33_379_5811_1_be.las,Suedwest.zip,https://gdi.berlin.de/data/a_als/atom/Suedwest.zip,EPSG:25833,379000,5811000,380000,5812000
3dm_33_379_5812_1_be.las,Suedwest.zip,https://gdi.berlin.de/data/a_als/atom/Suedwest.zip,EPSG:25833,379000,5812000,380000,5813000
3dm_33_379_5813_1_be.las,Suedwest.zip,https://gdi.berlin.de/data/a_als/atom/Suedwest.zip,EPSG:25833,379000,5813000,380000,5814000
3dm_33_379_5814_1_be.las,Suedwest.zip,https://gdi.berlin.de/data/a_als/atom/Suedwest.zip,EPSG:25833,379000,5814000,380000,5815000
3dm_33_379_5815_1_be.las,Suedwest.zip,https://gdi.berlin.de/data/a_als/atom/Suedwest.zip,EPSG:25833,379000,5815000,380000,5816000
3dm_33_380_5807_1_be.las,Suedwest.zip,https://gdi.berlin.de/data/a_als/atom/Suedwest.zip,EPSG:25833,380000,5807000,381000,5808000
3dm_33_380_5808_1_be.las,Suedwest.zip,https://gdi.berlin.de/data/a_als/atom/Suedwest.zip,EPSG:25833,380000,5808000,381000,5809000
3dm_33_380_5809_1_be.las,Suedwest.zip,https://gdi.berlin.de/data/a_als/atom/Suedwest.zip,EPSG:25833,380000,5809000,381000,5810000
3dm_33_380_5810_1_be.las,Suedwest.zip,https://gdi.berlin.de/data/a_als/atom/Suedwest.zip,EPSG:25833,380000,5810000,381000,5811000
3dm_33_380_5811_1_be.las,Suedwest.zip,https://gdi.berlin.de/data/a_als/atom/Suedwest.zip,EPSG:25833,380000,5811000,381000,5812000
3dm_33_380_5812_1_be.las,Suedwest.zip,https://gdi.berlin.de/data/a_als/atom/Suedwest.zip,EPSG:25833,380000,5812000,381000,5813000
3dm_33_380_5813_1_be.las,Suedwest.zip,https://gdi.berlin.de/data/a_als/atom/Suedwest.zip,EPSG:25833,380000,5813000,381000,5814000
3dm_33_380_5814_1_be.las,Suedwest.zip,https://gdi.berlin.de/data/a_als/atom/Suedwest.zip,EPSG:25833,380000,5814000,381000,5815000
3dm_33_380_5815_1_be.las,Suedwest.zip,https://gdi.berlin.de/data/a_als/atom/Suedwest.zip,EPSG:25833,380000,5815000,381000,5816000
3dm_33_381_5807_1_be.las,Suedwest.zip,https://gdi.berlin.de/data/a_als/atom/Suedwest.zip,EPSG:25833,381000,5807000,382000,5808000
3dm_33_381_5808_1_be.las,Suedwest.zip,https://gdi.berlin.de/data/a_als/atom/Suedwest.zip,EPSG:25833,381000,5808000,382000,5809000
3dm_33_381_5809_1_be.las,Suedwest.zip,https://gdi.berlin.de/data/a_als/atom/Suedwest.zip,EPSG:25833,381000,5809000,382000,5810000
3dm_33_381_5810_1_be.las,Suedwest.zip,https://gdi.berlin.de/data/a_als/atom/Suedwest.zip,EPSG:25833,381000,5810000,382000,5811000
3dm_33_381_5811_1_be.las,Suedwest.zip,https://gdi.berlin.de/data/a_als/atom/Suedwest.zip,EPSG:25833,381000,5811000,382000,5812000
3dm_33_381_5812_1_be.las,Suedwest.zip,https://gdi.berlin.de/data/a_als/atom/Suedwest.zip,EPSG:25833,381000,5812000,382000,5813000
3dm_33_381_5813_1_be.las,Suedwest.zip,https://gdi.berlin.de/data/a_als/atom/Suedwest.zip,EPSG:25833,381000,5813000,382000,5814000
3dm_33_381_5814_1_be.las,Suedwest.zip,https://gdi.berlin.de/data/a_als/atom/Suedwest.zip,EPSG:25833,381000,5814000,382000,5815000
3dm_33_381_5815_1_be.las,Suedwest.zip,https://gdi.berlin.de/data/a_als/atom/Suedwest.zip,EPSG:25833,381000,5815000,382000,5816000
3dm_33_382_5807_1_be.las,Suedwest.zip,https://gdi.berlin.de/data/a_als/atom/Suedwest.zip,EPSG:25833,382000,5807000,383000,5808000
3dm_33_382_5808_1_be.las,Suedwest.zip,https://gdi.berlin.de/data/a_als/atom/Suedwest.zip,EPSG:25833,382000,5808000,383000,5809000
3dm_33_382_5809_1_be.las,Suedwest.zip,https://gdi.berlin.de/data/a_als/atom/Suedwest.zip,EPSG:25833,382000,5809000,383000,5810000
3dm_33_382_5810_1_be.las,Suedwest.zip,https://gdi.berlin.de/data/a_als/atom/Suedwest.zip,EPSG:25833,382000,5810000,383000,5811000
3dm_33_382_5811_1_be.las,Suedwest.zip,https://gdi.berlin.de/data/a_als/atom/Suedwest.zip,EPSG:25833,382000,5811000,383000,5812000
3dm_33_382_5812_1_be.las,Suedwest.zip,https://gdi.berlin.de/data/a_als/atom/Suedwest.zip,EPSG:25833,382000,5812000,383000,5813000
3dm_33_382_5813_1_be.las,Suedwest.zip,https://gdi.berlin.de/data/a_als/atom/Suedwest.zip,EPSG:25833,382000,5813000,383000,5814000
3dm_33_382_5814_1_be.las,Suedwest.zip,https://gdi.berlin.de/data/a_als/atom/Suedwest.zip,EPSG:25833,382000,5814000,383000,5815000
3dm_33_382_5815_1_be.las,Suedwest.zip,https://gdi.berlin.de/data/a_als/atom/Suedwest.zip,EPSG:25833,382000,5815000,383000,5816000
3dm_33_383_5807_1_be.las,Suedwest.zip,https://gdi.berlin.de/data/a_als/atom/Suedwest.zip,EPSG:25833,383000,5807000,384000,5808000
3dm_33_383_5808_1_be.las,Suedwest.zip,https://gdi.berlin.de/data/a_als/atom/Suedwest.zip,EPSG:25833,383000,5808000,384000,5809000
3dm_33_383_5809_1_be.las,Suedwest.zip,https://gdi.berlin.de/data/a_als/atom/Suedwest.zip,EPSG:25833,383000,5809000,384000,5810000
3dm_33_383_5810_1_be.las,Suedwest.zip,https://gdi.berlin.de/data/a_als/atom/Suedwest.zip,EPSG:25833,383000,5810000,384000,5811000
3dm_33_383_5811_1_be.las,Suedwest.zip,https://gdi.berlin.de/data/a_als/atom/Suedwest.zip,EPSG:25833,383000,5811000,384000,5812000
3dm_33_383_5812_1_be.las,Suedwest.zip,https://gdi.berlin.de/data/a_als/atom/Suedwest.zip,EPSG:25833,383000,5812000,384000,5813000
3dm_33_383_5813_1_be.las,Suedwest.zip,https://gdi.berlin.de/data/a_als/atom/Suedwest.zip,EPSG:25833,383000,5813000,384000,5814000
3dm_33_383_5814_1_be.las,Suedwest.zip,https://gdi.berlin.de/data/a_als/atom/Suedwest.zip,EPSG:25833,383000,5814000,384000,5815000
3dm_33_383_5815_1_be.las,Suedwest.zip,https://gdi.berlin.de/data/a_als/atom/Suedwest.zip,EPSG:25833,383000,5815000,384000,5816000
3dm_33_372_5816_1_be.las,West.zip,https://gdi.berlin.de/data/a_als/atom/West.zip,EPSG:25833,372000,5816000,373000,5817000
3dm_33_372_5819_1_be.las,West.zip,https://gdi.berlin.de/data/a_als/atom/West.zip,EPSG:25833,372000,5819000,373000,5820000
3dm_33_372_5820_1_be.las,West.zip,https://gdi.berlin.de/data/a_als/atom/West.zip,EPSG:25833,372000,5820000,373000,5821000
3dm_33_372_5821_1_be.las,West.zip,https://gdi.berlin.de/data/a_als/atom/West.zip,EPSG:25833,372000,5821000,373000,5822000
3dm_33_372_5822_1_be.las,West.zip,https://gdi.berlin.de/data/a_als/atom/West.zip,EPSG:25833,372000,5822000,373000,5823000
3dm_33_372_5823_1_be.las,West.zip,https://gdi.berlin.de/data/a_als/atom/West.zip,EPSG:25833,372000,5823000,373000,5824000
3dm_33_372_5824_1_be.las,West.zip,https://gdi.berlin.de/data/a_als/atom/West.zip,EPSG:25833,372000,5824000,373000,5825000
3dm_33_373_5816_1_be.las,West.zip,https://gdi.berlin.de/data/a_als/atom/West.zip,EPSG:25833,373000,5816000,374000,5817000
3dm_33_373_5817_1_be.las,West.zip,https://gdi.berlin.de/data/a_als/atom/West.zip,EPSG:25833,373000,5817000,374000,5818000
3dm_33_373_5820_1_be.las,West.zip,https://gdi.berlin.de/data/a_als/atom/West.zip,EPSG:25833,373000,5820000,374000,5821000
3dm_33_373_5821_1_be.las,West.zip,https://gdi.berlin.de/data/a_als/atom/West.zip,EPSG:25833,373000,5821000,374000,5822000
3dm_33_373_5822_1_be.las,West.zip,https://gdi.berlin.de/data/a_als/atom/West.zip,EPSG:25833,373000,5822000,374000,5823000
3dm_33_373_5823_1_be.las,West.zip,https://gdi.berlin.de/data/a_als/atom/West.zip,EPSG:25833,373000,5823000,374000,5824000
3dm_33_373_5824_1_be.las,West.zip,https://gdi.berlin.de/data/a_als/atom/West.zip,EPSG:25833,373000,5824000,374000,5825000
3dm_33_374_5816_1_be.las,West.zip,https://gdi.berlin.de/data/a_als/atom/West.zip,EPSG:25833,374000,5816000,375000,5817000
3dm_33_374_5817_1_be.las,West.zip,https://gdi.berlin.de/data/a_als/atom/West.zip,EPSG:25833,374000,5817000,375000,5818000
3dm_33_374_5818_1_be.las,West.zip,https://gdi.berlin.de/data/a_als/atom/West.zip,EPSG:25833,374000,5818000,375000,5819000
3dm_33_374_5819_1_be.las,West.zip,https://gdi.berlin.de/data/a_als/atom/West.zip,EPSG:25833,374000,5819000,375000,5820000
3dm_33_374_5820_1_be.las,West.zip,https://gdi.berlin.de/data/a_als/atom/West.zip,EPSG:25833,374000,5820000,375000,5821000
3dm_33_374_5821_1_be.las,West.zip,https://gdi.berlin.de/data/a_als/atom/West.zip,EPSG:25833,374000,5821000,375000,5822000
3dm_33_374_5822_1_be.las,West.zip,https://gdi.berlin.de/data/a_als/atom/West.zip,EPSG:25833,374000,5822000,375000,5823000
3dm_33_374_5823_1_be.las,West.zip,https://gdi.berlin.de/data/a_als/atom/West.zip,EPSG:25833,374000,5823000,375000,5824000
3dm_33_374_5824_1_be.las,West.zip,https://gdi.berlin.de/data/a_als/atom/West.zip,EPSG:25833,374000,5824000,375000,5825000
3dm_33_374_5825_1_be.las,West.zip,https://gdi.berlin.de/data/a_als/atom/West.zip,EPSG:25833,374000,5825000,375000,5826000
3dm_33_375_5816_1_be.las,West.zip,https://gdi.berlin.de/data/a_als/atom/West.zip,EPSG:25833,375000,5816000,376000,5817000
3dm_33_375_5817_1_be.las,West.zip,https://gdi.berlin.de/data/a_als/atom/West.zip,EPSG:25833,375000,5817000,376000,5818000
3dm_33_375_5818_1_be.las,West.zip,https://gdi.berlin.de/data/a_als/atom/West.zip,EPSG:25833,375000,5818000,376000,5819000
3dm_33_375_5819_1_be.las,West.zip,https://gdi.berlin.de/data/a_als/atom/West.zip,EPSG:25833,375000,5819000,376000,5820000
3dm_33_375_5820_1_be.las,West.zip,https://gdi.berlin.de/data/a_als/atom/West.zip,EPSG:25833,375000,5820000,376000,5821000
3dm_33_375_5821_1_be.las,West.zip,https://gdi.berlin.de/data/a_als/atom/West.zip,EPSG:25833,375000,5821000,376000,5822000
3dm_33_375_5822_1_be.las,West.zip,https://gdi.berlin.de/data/a_als/atom/West.zip,EPSG:25833,375000,5822000,376000,5823000
3dm_33_375_5823_1_be.las,West.zip,https://gdi.berlin.de/data/a_als/atom/West.zip,EPSG:25833,375000,5823000,376000,5824000
3dm_33_375_5824_1_be.las,West.zip,https://gdi.berlin.de/data/a_als/atom/West.zip,EPSG:25833,375000,5824000,376000,5825000
3dm_33_375_5825_1_be.las,West.zip,https://gdi.berlin.de/data/a_als/atom/West.zip,EPSG:25833,375000,5825000,376000,5826000
3dm_33_376_5816_1_be.las,West.zip,https://gdi.berlin.de/data/a_als/atom/West.zip,EPSG:25833,376000,5816000,377000,5817000
3dm_33_376_5817_1_be.las,West.zip,https://gdi.berlin.de/data/a_als/atom/West.zip,EPSG:25833,376000,5817000,377000,5818000
3dm_33_376_5818_1_be.las,West.zip,https://gdi.berlin.de/data/a_als/atom/West.zip,EPSG:25833,376000,5818000,377000,5819000
3dm_33_376_5819_1_be.las,West.zip,https://gdi.berlin.de/data/a_als/atom/West.zip,EPSG:25833,376000,5819000,377000,5820000
3dm_33_376_5820_1_be.las,West.zip,https://gdi.berlin.de/data/a_als/atom/West.zip,EPSG:25833,376000,5820000,377000,5821000
3dm_33_376_5821_1_be.las,West.zip,https://gdi.berlin.de/data/a_als/atom/West.zip,EPSG:25833,376000,5821000,377000,5822000
3dm_33_376_5822_1_be.las,West.zip,https://gdi.berlin.de/data/a_als/atom/West.zip,EPSG:25833,376000,5822000,377000,5823000
3dm_33_376_5823_1_be.las,West.zip,https://gdi.berlin.de/data/a_als/atom/West.zip,EPSG:25833,376000,5823000,377000,5824000
3dm_33_376_5824_1_be.las,West.zip,https://gdi.berlin.de/data/a_als/atom/West.zip,EPSG:25833,376000,5824000,377000,5825000
3dm_33_376_5825_1_be.las,West.zip,https://gdi.berlin.de/data/a_als/atom/West.zip,EPSG:25833,376000,5825000,377000,5826000
3dm_33_377_5816_1_be.las,West.zip,https://gdi.berlin.de/data/a_als/atom/West.zip,EPSG:25833,377000,5816000,378000,5817000
3dm_33_377_5817_1_be.las,West.zip,https://gdi.berlin.de/data/a_als/atom/West.zip,EPSG:25833,377000,5817000,378000,5818000
3dm_33_377_5818_1_be.las,West.zip,https://gdi.berlin.de/data/a_als/atom/West.zip,EPSG:25833,377000,5818000,378000,5819000
3dm_33_377_5819_1_be.las,West.zip,https://gdi.berlin.de/data/a_als/atom/West.zip,EPSG:25833,377000,5819000,378000,5820000
3dm_33_377_5820_1_be.las,West.zip,https://gdi.berlin.de/data/a_als/atom/West.zip,EPSG:25833,377000,5820000,378000,5821000
3dm_33_377_5821_1_be.las,West.zip,https://gdi.berlin.de/data/a_als/atom/West.zip,EPSG:25833,377000,5821000,378000,5822000
3dm_33_377_5822_1_be.las,West.zip,https://gdi.berlin.de/data/a_als/atom/West.zip,EPSG:25833,377000,5822000,378000,5823000
3dm_33_377_5823_1_be.las,West.zip,https://gdi.berlin.de/data/a_als/atom/West.zip,EPSG:25833,377000,5823000,378000,5824000
3dm_33_377_5824_1_be.las,West.zip,https://gdi.berlin.de/data/a_als/atom/West.zip,EPSG:25833,377000,5824000,378000,5825000
3dm_33_377_5825_1_be.las,West.zip,https://gdi.berlin.de/data/a_als/atom/West.zip,EPSG:25833,377000,5825000,378000,5826000
3dm_33_378_5816_1_be.las,West.zip,https://gdi.berlin.de/data/a_als/atom/West.zip,EPSG:25833,378000,5816000,379000,5817000
3dm_33_378_5817_1_be.las,West.zip,https://gdi.berlin.de/data/a_als/atom/West.zip,EPSG:25833,378000,5817000,379000,5818000
3dm_33_378_5818_1_be.las,West.zip,https://gdi.berlin.de/data/a_als/atom/West.zip,EPSG:25833,378000,5818000,379000,5819000
3dm_33_378_5819_1_be.las,West.zip,https://gdi.berlin.de/data/a_als/atom/West.zip,EPSG:25833,378000,5819000,379000,5820000
3dm_33_378_5820_1_be.las,West.zip,https://gdi.berlin.de/data/a_als/atom/West.zip,EPSG:25833,378000,5820000,379000,5821000
3dm_33_378_5821_1_be.las,West.zip,https://gdi.berlin.de/data/a_als/atom/West.zip,EPSG:25833,378000,5821000,379000,5822000
3dm_33_378_5822_1_be.las,West.zip,https://gdi.berlin.de/data/a_als/atom/West.zip,EPSG:25833,378000,5822000,379000,5823000
3dm_33_378_5823_1_be.las,West.zip,https://gdi.berlin.de/data/a_als/atom/West.zip,EPSG:25833,378000,5823000,379000,5824000
3dm_33_378_5824_1_be.las,West.zip,https://gdi.berlin.de/data/a_als/atom/West.zip,EPSG:25833,378000,5824000,379000,5825000
3dm_33_378_5825_1_be.las,West.zip,https://gdi.berlin.de/data/a_als/atom/West.zip,EPSG:25833,378000,5825000,379000,5826000
3dm_33_379_5816_1_be.las,West.zip,https://gdi.berlin.de/data/a_als/atom/West.zip,EPSG:25833,379000,5816000,380000,5817000
3dm_33_379_5817_1_be.las,West.zip,https://gdi.berlin.de/data/a_als/atom/West.zip,EPSG:25833,379000,5817000,380000,5818000
3dm_33_379_5818_1_be.las,West.zip,https://gdi.berlin.de/data/a_als/atom/West.zip,EPSG:25833,379000,5818000,380000,5819000
3dm_33_379_5819_1_be.las,West.zip,https://gdi.berlin.de/data/a_als/atom/West.zip,EPSG:25833,379000,5819000,380000,5820000
3dm_33_379_5820_1_be.las,West.zip,https://gdi.berlin.de/data/a_als/atom/West.zip,EPSG:25833,379000,5820000,380000,5821000
3dm_33_379_5821_1_be.las,West.zip,https://gdi.berlin.de/data/a_als/atom/West.zip,EPSG:25833,379000,5821000,380000,5822000
3dm_33_379_5822_1_be.las,West.zip,https://gdi.berlin.de/data/a_als/atom/West.zip,EPSG:25833,379000,5822000,380000,5823000
3dm_33_379_5823_1_be.las,West.zip,https://gdi.berlin.de/data/a_als/atom/West.zip,EPSG:25833,379000,5823000,380000,5824000
3dm_33_379_5824_1_be.las,West.zip,https://gdi.berlin.de/data/a_als/atom/West.zip,EPSG:25833,379000,5824000,380000,5825000
3dm_33_379_5825_1_be.las,West.zip,https://gdi.berlin.de/data/a_als/atom/West.zip,EPSG:25833,379000,5825000,380000,5826000
3dm_33_380_5816_1_be.las,West.zip,https://gdi.berlin.de/data/a_als/atom/West.zip,EPSG:25833,380000,5816000,381000,5817000
3dm_33_380_5817_1_be.las,West.zip,https://gdi.berlin.de/data/a_als/atom/West.zip,EPSG:25833,380000,5817000,381000,5818000
3dm_33_380_5818_1_be.las,West.zip,https://gdi.berlin.de/data/a_als/atom/West.zip,EPSG:25833,380000,5818000,381000,5819000
3dm_33_380_5819_1_be.las,West.zip,https://gdi.berlin.de/data/a_als/atom/West.zip,EPSG:25833,380000,5819000,381000,5820000
3dm_33_380_5820_1_be.las,West.zip,https://gdi.berlin.de/data/a_als/atom/West.zip,EPSG:25833,380000,5820000,381000,5821000
3dm_33_380_5821_1_be.las,West.zip,https://gdi.berlin.de/data/a_als/atom/West.zip,EPSG:25833,380000,5821000,381000,5822000
3dm_33_380_5822_1_be.las,West.zip,https://gdi.berlin.de/data/a_als/atom/West.zip,EPSG:25833,380000,5822000,381000,5823000
3dm_33_380_5823_1_be.las,West.zip,https://gdi.berlin.de/data/a_als/atom/West.zip,EPSG:25833,380000,5823000,381000,5824000
3dm_33_380_5824_1_be.las,West.zip,https://gdi.berlin.de/data/a_als/atom/West.zip,EPSG:25833,380000,5824000,381000,5825000
3dm_33_380_5825_1_be.las,West.zip,https://gdi.berlin.de/data/a_als/atom/West.zip,EPSG:25833,380000,5825000,381000,5826000
3dm_33_381_5816_1_be.las,West.zip,https://gdi.berlin.de/data/a_als/atom/West.zip,EPSG:25833,381000,5816000,382000,5817000
3dm_33_381_5817_1_be.las,West.zip,https://gdi.berlin.de/data/a_als/atom/West.zip,EPSG:25833,381000,5817000,382000,5818000
3dm_33_381_5818_1_be.las,West.zip,https://gdi.berlin.de/data/a_als/atom/West.zip,EPSG:25833,381000,5818000,382000,5819000
3dm_33_381_5819_1_be.las,West.zip,https://gdi.berlin.de/data/a_als/atom/West.zip,EPSG:25833,381000,5819000,382000,5820000
3dm_33_381_5820_1_be.las,West.zip,https://gdi.berlin.de/data/a_als/atom/West.zip,EPSG:25833,381000,5820000,382000,5821000
3dm_33_381_5821_1_be.las,West.zip,https://gdi.berlin.de/data/a_als/atom/West.zip,EPSG:25833,381000,5821000,382000,5822000
3dm_33_381_5822_1_be.las,West.zip,https://gdi.berlin.de/data/a_als/atom/West.zip,EPSG:25833,381000,5822000,382000,5823000
3dm_33_381_5823_1_be.las,West.zip,https://gdi.berlin.de/data/a_als/atom/West.zip,EPSG:25833,381000,5823000,382000,5824000
3dm_33_381_5824_1_be.las,West.zip,https://gdi.berlin.de/data/a_als/atom/West.zip,EPSG:25833,381000,5824000,382000,5825000
3dm_33_381_5825_1_be.las,West.zip,https://gdi.berlin.de/data/a_als/atom/West.zip,EPSG:25833,381000,5825000,382000,5826000
3dm_33_382_5816_1_be.las,West.zip,https://gdi.berlin.de/data/a_als/atom/West.zip,EPSG:25833,382000,5816000,383000,5817000
3dm_33_382_5817_1_be.las,West.zip,https://gdi.berlin.de/data/a_als/atom/West.zip,EPSG:25833,382000,5817000,383000,5818000
3dm_33_382_5818_1_be.las,West.zip,https://gdi.berlin.de/data/a_als/atom/West.zip,EPSG:25833,382000,5818000,383000,5819000
3dm_33_382_5819_1_be.las,West.zip,https://gdi.berlin.de/data/a_als/atom/West.zip,EPSG:25833,382000,5819000,383000,5820000
3dm_33_382_5820_1_be.las,West.zip,https://gdi.berlin.de/data/a_als/atom/West.zip,EPSG:25833,382000,5820000,383000,5821000
3dm_33_382_5821_1_be.las,West.zip,https://gdi.berlin.de/data/a_als/atom/West.zip,EPSG:25833,382000,5821000,383000,5822000
3dm_33_382_5822_1_be.las,West.zip,https://gdi.berlin.de/data/a_als/atom/West.zip,EPSG:25833,382000,5822000,383000,5823000
3dm_33_382_5823_1_be.las,West.zip,https://gdi.berlin.de/data/a_als/atom/West.zip,EPSG:25833,382000,5823000,383000,5824000
3dm_33_382_5824_1_be.las,West.zip,https://gdi.berlin.de/data/a_als/atom/West.zip,EPSG:25833,382000,5824000,383000,5825000
3dm_33_382_5825_1_be.las,West.zip,https://gdi.berlin.de/data/a_als/atom/West.zip,EPSG:25833,382000,5825000,383000,5826000
3dm_33_383_5816_1_be.las,West.zip,https://gdi.berlin.de/data/a_als/atom/West.zip,EPSG:25833,383000,5816000,384000,5817000
3dm_33_383_5817_1_be.las,West.zip,https://gdi.berlin.de/data/a_als/atom/West.zip,EPSG:25833,383000,5817000,384000,5818000
3dm_33_383_5818_1_be.las,West.zip,https://gdi.berlin.de/data/a_als/atom/West.zip,EPSG:25833,383000,5818000,384000,5819000
3dm_33_383_5819_1_be.las,West.zip,https://gdi.berlin.de/data/a_als/atom/West.zip,EPSG:25833,383000,5819000,384000,5820000
3dm_33_383_5820_1_be.las,West.zip,https://gdi.berlin.de/data/a_als/atom/West.zip,EPSG:25833,383000,5820000,384000,5821000
3dm_33_383_5821_1_be.las,West.zip,https://gdi.berlin.de/data/a_als/atom/West.zip,EPSG:25833,383000,5821000,384000,5822000
3dm_33_383_5822_1_be.las,West.zip,https://gdi.berlin.de/data/a_als/atom/West.zip,EPSG:25833,383000,5822000,384000,5823000
3dm_33_383_5823_1_be.las,West.zip,https://gdi.berlin.de/data/a_als/atom/West.zip,EPSG:25833,383000,5823000,384000,5824000
3dm_33_383_5824_1_be.las,West.zip,https://gdi.berlin.de/data/a_als/atom/West.zip,EPSG:25833,383000,5824000,384000,5825000
3dm_33_383_5825_1_be.las,West.zip,https://gdi.berlin.de/data/a_als/atom/West.zip,EPSG:25833,383000,5825000,384000,5826000
