{
"type": "FeatureCollection",
"name": "SELECT",
"xy_coordinate_resolution": 1e-05,
"features": [
{ "type": "Feature", "properties": { "id": "DE-BB", "name": "Brandenburg" }, "geometry": { "type": "Polygon", "coordinates": [ [ [ 14.60796, 52.59646 ], [ 14.54994, 52.63619 ], [ 14.4901, 52.65064 ], [ 14.46137, 52.67456 ], [ 14.43191, 52.68609 ], [ 14.3977, 52.72712 ], [ 14.3822, 52.73815 ], [ 14.27596, 52.78572 ], [ 14.24867, 52.79458 ], [ 14.21601, 52.81799 ], [ 14.19596, 52.82337 ], [ 14.15276, 52.82833 ], [ 14.1354, 52.8366 ], [ 14.12392, 52.85065 ], [ 14.15048, 52.86463 ], [ 14.16082, 52.87675 ], [ 14.16495, 52.89566 ], [ 14.14449, 52.95992 ], [ 14.19286, 52.98165 ], [ 14.25373, 53.00087 ], [ 14.31265, 53.02922 ], [ 14.34334, 53.04862 ], [ 14.35678, 53.06668 ], [ 14.38954, 53.13167 ], [ 14.37786, 53.17655 ], [ 14.38065, 53.18986 ], [ 14.38778, 53.20208 ], [ 14.41558, 53.22099 ], [ 14.44163, 53.25184 ], [ 14.40329, 53.27879 ], [ 14.39801, 53.31522 ], [ 14.39126, 53.33402 ], [ 14.32351, 53.30891 ], [ 14.29551, 53.28714 ], [ 14.26907, 53.27936 ], [ 14.26284, 53.26536 ], [ 14.24884, 53.25913 ], [ 14.18294, 53.26295 ], [ 14.1032, 53.27251 ], [ 14.10413, 53.29199 ], [ 14.18817, 53.32603 ], [ 14.22395, 53.36025 ], [ 14.23951, 53.38203 ], [ 14.24418, 53.4007 ], [ 14.24262, 53.42714 ], [ 14.21929, 53.43025 ], [ 14.17729, 53.4287 ], [ 14.14151, 53.43959 ], [ 14.11662, 53.43647 ], [ 14.09639, 53.41936 ], [ 14.05013, 53.42764 ], [ 13.99061, 53.43025 ], [ 13.92061, 53.42714 ], [ 13.90505, 53.44114 ], [ 13.89975, 53.45472 ], [ 13.87083, 53.48625 ], [ 13.86928, 53.50803 ], [ 13.82261, 53.51892 ], [ 13.79772, 53.54226 ], [ 13.78061, 53.54381 ], [ 13.7788, 53.52525 ], [ 13.80394, 53.49714 ], [ 13.80861, 53.4847 ], [ 13.77905, 53.47692 ], [ 13.74483, 53.47848 ], [ 13.70905, 53.47536 ], [ 13.64838, 53.44425 ], [ 13.62971, 53.42403 ], [ 13.60711, 53.41142 ], [ 13.57155, 53.41051 ], [ 13.55295, 53.4046 ], [ 13.53895, 53.39666 ], [ 13.53135, 53.38542 ], [ 13.52592, 53.36656 ], [ 13.49352, 53.31933 ], [ 13.46898, 53.30233 ], [ 13.45843, 53.30016 ], [ 13.40583, 53.27468 ], [ 13.38815, 53.27093 ], [ 13.36986, 53.27375 ], [ 13.3295, 53.28672 ], [ 13.30852, 53.28931 ], [ 13.28232, 53.28778 ], [ 13.2662, 53.2829 ], [ 13.2494, 53.27117 ], [ 13.23654, 53.25313 ], [ 13.23049, 53.23319 ], [ 13.20243, 53.23316 ], [ 13.19013, 53.23654 ], [ 13.16812, 53.25659 ], [ 13.15401, 53.25928 ], [ 13.1459, 53.2576 ], [ 13.11303, 53.24076 ], [ 13.10187, 53.22288 ], [ 13.04135, 53.19489 ], [ 13.00099, 53.16766 ], [ 12.97536, 53.165 ], [ 12.94591, 53.17417 ], [ 12.94405, 53.17758 ], [ 12.95924, 53.18898 ], [ 12.95319, 53.19531 ], [ 12.93289, 53.19091 ], [ 12.90601, 53.19076 ], [ 12.86643, 53.18536 ], [ 12.82349, 53.19805 ], [ 12.75336, 53.19365 ], [ 12.74215, 53.20135 ], [ 12.73967, 53.22456 ], [ 12.73099, 53.22797 ], [ 12.70618, 53.22874 ], [ 12.66427, 53.23572 ], [ 12.6373, 53.25225 ], [ 12.6236, 53.25623 ], [ 12.51219, 53.27269 ], [ 12.48149, 53.26791 ], [ 12.43013, 53.26848 ], [ 12.41519, 53.28099 ], [ 12.38667, 53.2907 ], [ 12.33917, 53.31625 ], [ 12.29649, 53.33134 ], [ 12.22637, 53.34287 ], [ 12.20358, 53.36641 ], [ 12.19195, 53.36928 ], [ 12.17903, 53.3671 ], [ 12.14833, 53.35447 ], [ 12.12286, 53.36695 ], [ 12.06374, 53.35612 ], [ 12.04921, 53.34003 ], [ 12.02277, 53.32914 ], [ 12.02121, 53.31514 ], [ 12.01188, 53.29958 ], [ 11.99632, 53.29803 ], [ 11.95899, 53.2778 ], [ 11.94008, 53.28269 ], [ 11.88432, 53.26847 ], [ 11.86098, 53.25136 ], [ 11.83362, 53.25551 ], [ 11.81595, 53.25011 ], [ 11.8361, 53.24047 ], [ 11.83921, 53.22647 ], [ 11.78632, 53.22802 ], [ 11.74431, 53.21558 ], [ 11.73187, 53.23269 ], [ 11.7002, 53.24838 ], [ 11.68841, 53.25091 ], [ 11.6541, 53.24967 ], [ 11.59963, 53.23732 ], [ 11.53571, 53.20502 ], [ 11.52951, 53.19518 ], [ 11.53214, 53.18766 ], [ 11.54517, 53.17701 ], [ 11.55524, 53.14606 ], [ 11.54831, 53.13002 ], [ 11.52808, 53.12069 ], [ 11.50164, 53.11913 ], [ 11.44719, 53.1378 ], [ 11.41453, 53.1378 ], [ 11.39897, 53.13313 ], [ 11.3943, 53.10824 ], [ 11.3523, 53.11602 ], [ 11.2963, 53.11913 ], [ 11.27409, 53.11754 ], [ 11.29092, 53.09852 ], [ 11.32761, 53.07242 ], [ 11.34415, 53.06632 ], [ 11.36564, 53.064 ], [ 11.38425, 53.06712 ], [ 11.41685, 53.08089 ], [ 11.43794, 53.08384 ], [ 11.46093, 53.07942 ], [ 11.4907, 53.06074 ], [ 11.5323, 53.05464 ], [ 11.58134, 53.04286 ], [ 11.62568, 53.0503 ], [ 11.63581, 53.04625 ], [ 11.63627, 53.03712 ], [ 11.63054, 53.02759 ], [ 11.62227, 53.0224 ], [ 11.63596, 53.01811 ], [ 11.66909, 53.01728 ], [ 11.68061, 53.01217 ], [ 11.6942, 52.98395 ], [ 11.71167, 52.98204 ], [ 11.76288, 52.99511 ], [ 11.79327, 52.96715 ], [ 11.80727, 52.96033 ], [ 11.83859, 52.95946 ], [ 11.85078, 52.95511 ], [ 11.84541, 52.94354 ], [ 11.83187, 52.92824 ], [ 11.89672, 52.90173 ], [ 11.92473, 52.89827 ], [ 11.9655, 52.88522 ], [ 11.98261, 52.88305 ], [ 11.99765, 52.8868 ], [ 12.09294, 52.89166 ], [ 12.10069, 52.88964 ], [ 12.1103, 52.88111 ], [ 12.11123, 52.86664 ], [ 12.13634, 52.86582 ], [ 12.175, 52.87248 ], [ 12.20327, 52.86592 ], [ 12.20838, 52.86173 ], [ 12.23319, 52.81631 ], [ 12.23396, 52.80977 ], [ 12.22962, 52.79874 ], [ 12.19505, 52.77923 ], [ 12.1966, 52.76815 ], [ 12.20652, 52.75838 ], [ 12.20869, 52.75192 ], [ 12.19009, 52.73606 ], [ 12.19329, 52.72815 ], [ 12.20373, 52.7174 ], [ 12.21024, 52.70257 ], [ 12.22807, 52.69017 ], [ 12.22575, 52.6726 ], [ 12.21582, 52.65338 ], [ 12.20466, 52.64118 ], [ 12.1857, 52.63586 ], [ 12.16198, 52.63609 ], [ 12.15081, 52.58 ], [ 12.12332, 52.55299 ], [ 12.12999, 52.54961 ], [ 12.16167, 52.54896 ], [ 12.1626, 52.54677 ], [ 12.14632, 52.53183 ], [ 12.14771, 52.523 ], [ 12.15593, 52.51592 ], [ 12.16864, 52.51375 ], [ 12.19298, 52.51897 ], [ 12.20063, 52.52483 ], [ 12.2059, 52.53914 ], [ 12.21179, 52.54222 ], [ 12.22993, 52.53695 ], [ 12.25603, 52.51416 ], [ 12.29106, 52.51809 ], [ 12.29509, 52.51612 ], [ 12.28827, 52.5062 ], [ 12.28672, 52.48421 ], [ 12.2661, 52.45649 ], [ 12.24766, 52.44471 ], [ 12.25742, 52.42688 ], [ 12.24931, 52.40827 ], [ 12.23195, 52.38647 ], [ 12.23365, 52.37921 ], [ 12.22947, 52.36833 ], [ 12.2352, 52.35003 ], [ 12.2214, 52.33293 ], [ 12.20668, 52.30689 ], [ 12.209, 52.27901 ], [ 12.21985, 52.27061 ], [ 12.23334, 52.26787 ], [ 12.24807, 52.25242 ], [ 12.24497, 52.2472 ], [ 12.22202, 52.23237 ], [ 12.209, 52.2072 ], [ 12.1997, 52.1965 ], [ 12.20761, 52.17818 ], [ 12.2197, 52.16374 ], [ 12.24611, 52.14764 ], [ 12.25634, 52.13082 ], [ 12.28052, 52.12217 ], [ 12.29913, 52.10969 ], [ 12.36134, 52.0577 ], [ 12.36512, 52.04008 ], [ 12.42082, 52.01161 ], [ 12.44981, 52.01083 ], [ 12.45958, 52.01977 ], [ 12.46656, 52.02153 ], [ 12.47731, 52.01708 ], [ 12.49746, 52.0005 ], [ 12.54433, 51.97789 ], [ 12.56154, 51.97171 ], [ 12.60763, 51.96541 ], [ 12.62159, 51.97393 ], [ 12.64644, 51.98246 ], [ 12.65481, 51.99445 ], [ 12.66675, 51.99445 ], [ 12.79475, 51.94624 ], [ 12.84411, 51.94169 ], [ 12.85914, 51.93512 ], [ 12.87191, 51.91288 ], [ 12.87687, 51.91081 ], [ 12.93071, 51.90923 ], [ 12.96203, 51.90371 ], [ 12.99154, 51.88156 ], [ 13.04771, 51.85715 ], [ 13.06616, 51.85265 ], [ 13.13225, 51.85756 ], [ 13.13938, 51.85663 ], [ 13.16083, 51.84438 ], [ 13.17912, 51.86138 ], [ 13.21793, 51.86056 ], [ 13.23685, 51.85549 ], [ 13.22816, 51.84301 ], [ 13.19385, 51.81906 ], [ 13.15788, 51.78211 ], [ 13.15897, 51.74108 ], [ 13.1816, 51.70855 ], [ 13.17835, 51.69659 ], [ 13.15044, 51.67287 ], [ 13.08228, 51.6384 ], [ 13.06166, 51.61509 ], [ 13.07314, 51.61235 ], [ 13.10109, 51.59091 ], [ 13.11489, 51.58502 ], [ 13.12264, 51.5831 ], [ 13.13737, 51.58662 ], [ 13.1661, 51.57331 ], [ 13.17153, 51.56621 ], [ 13.16533, 51.5453 ], [ 13.17509, 51.53654 ], [ 13.19602, 51.52864 ], [ 13.19964, 51.52435 ], [ 13.20848, 51.50383 ], [ 13.21049, 51.49086 ], [ 13.18905, 51.47619 ], [ 13.19199, 51.46988 ], [ 13.19809, 51.46668 ], [ 13.19995, 51.45805 ], [ 13.19819, 51.4328 ], [ 13.19091, 51.4197 ], [ 13.17385, 51.40684 ], [ 13.17773, 51.39348 ], [ 13.18765, 51.38524 ], [ 13.20346, 51.39766 ], [ 13.21452, 51.3966 ], [ 13.21938, 51.40294 ], [ 13.23917, 51.39867 ], [ 13.25219, 51.38524 ], [ 13.36314, 51.40834 ], [ 13.38738, 51.4197 ], [ 13.41079, 51.42141 ], [ 13.45766, 51.40699 ], [ 13.47952, 51.39335 ], [ 13.50515, 51.3825 ], [ 13.52174, 51.36694 ], [ 13.53388, 51.36374 ], [ 13.55512, 51.36627 ], [ 13.61439, 51.35532 ], [ 13.76648, 51.34798 ], [ 13.93841, 51.36136 ], [ 13.96057, 51.35705 ], [ 13.97034, 51.35919 ], [ 14.04393, 51.42808 ], [ 14.05928, 51.45074 ], [ 14.06114, 51.46637 ], [ 14.06703, 51.47386 ], [ 14.10615, 51.5059 ], [ 14.15875, 51.52688 ], [ 14.22097, 51.53629 ], [ 14.26893, 51.53236 ], [ 14.30474, 51.52409 ], [ 14.33859, 51.50993 ], [ 14.37724, 51.51551 ], [ 14.50927, 51.55685 ], [ 14.55258, 51.5645 ], [ 14.57351, 51.56507 ], [ 14.59537, 51.56249 ], [ 14.66337, 51.54207 ], [ 14.70677, 51.54083 ], [ 14.70456, 51.54799 ], [ 14.71272, 51.56742 ], [ 14.73215, 51.58662 ], [ 14.74394, 51.60664 ], [ 14.74228, 51.63297 ], [ 14.73246, 51.65835 ], [ 14.71955, 51.67563 ], [ 14.67097, 51.70077 ], [ 14.64844, 51.71721 ], [ 14.6381, 51.74263 ], [ 14.63418, 51.76901 ], [ 14.62033, 51.78054 ], [ 14.60224, 51.78831 ], [ 14.58581, 51.80389 ], [ 14.58281, 51.82508 ], [ 14.59594, 51.84242 ], [ 14.6533, 51.87862 ], [ 14.67169, 51.89389 ], [ 14.68709, 51.9119 ], [ 14.69557, 51.93146 ], [ 14.69908, 51.99251 ], [ 14.72606, 52.02644 ], [ 14.73536, 52.05403 ], [ 14.7614, 52.07667 ], [ 14.69639, 52.10669 ], [ 14.68637, 52.12103 ], [ 14.69247, 52.14697 ], [ 14.70322, 52.16516 ], [ 14.70704, 52.17945 ], [ 14.69257, 52.19338 ], [ 14.69257, 52.19958 ], [ 14.7121, 52.21544 ], [ 14.71241, 52.23591 ], [ 14.69691, 52.25348 ], [ 14.64048, 52.26505 ], [ 14.60658, 52.27575 ], [ 14.58415, 52.29123 ], [ 14.59015, 52.30942 ], [ 14.56917, 52.33851 ], [ 14.5454, 52.38215 ], [ 14.53981, 52.42187 ], [ 14.59159, 52.4498 ], [ 14.61578, 52.47328 ], [ 14.63232, 52.49675 ], [ 14.62766, 52.50742 ], [ 14.60906, 52.5178 ], [ 14.61681, 52.54103 ], [ 14.64482, 52.57692 ], [ 14.60796, 52.59646 ] ], [ [ 13.62633, 52.48703 ], [ 13.66452, 52.48977 ], [ 13.67754, 52.48553 ], [ 13.6963, 52.4708 ], [ 13.7362, 52.4598 ], [ 13.75092, 52.45029 ], [ 13.74953, 52.44486 ], [ 13.73976, 52.43949 ], [ 13.73852, 52.42665 ], [ 13.73434, 52.41964 ], [ 13.71232, 52.40791 ], [ 13.70452, 52.39789 ], [ 13.70689, 52.38316 ], [ 13.70348, 52.37195 ], [ 13.667, 52.35965 ], [ 13.65398, 52.34234 ], [ 13.64447, 52.34203 ], [ 13.64261, 52.34479 ], [ 13.63734, 52.37598 ], [ 13.62649, 52.3844 ], [ 13.6099, 52.38378 ], [ 13.58473, 52.3889 ], [ 13.52809, 52.40492 ], [ 13.51445, 52.40368 ], [ 13.50313, 52.39815 ], [ 13.48438, 52.39866 ], [ 13.4758, 52.40365 ], [ 13.46805, 52.4137 ], [ 13.45812, 52.41675 ], [ 13.43363, 52.4123 ], [ 13.42495, 52.40734 ], [ 13.42753, 52.3907 ], [ 13.42567, 52.38109 ], [ 13.39405, 52.38122 ], [ 13.37575, 52.38657 ], [ 13.34578, 52.4074 ], [ 13.30919, 52.40109 ], [ 13.3048, 52.40228 ], [ 13.29426, 52.4151 ], [ 13.25219, 52.40476 ], [ 13.22677, 52.41592 ], [ 13.21406, 52.41706 ], [ 13.17261, 52.40517 ], [ 13.15649, 52.39685 ], [ 13.11799, 52.40202 ], [ 13.09164, 52.41525 ], [ 13.10543, 52.42832 ], [ 13.10745, 52.43453 ], [ 13.11675, 52.44047 ], [ 13.10915, 52.4554 ], [ 13.11442, 52.4738 ], [ 13.1568, 52.50103 ], [ 13.15664, 52.50695 ], [ 13.14093, 52.52429 ], [ 13.14843, 52.57571 ], [ 13.14486, 52.58516 ], [ 13.1523, 52.59793 ], [ 13.15742, 52.6003 ], [ 13.20755, 52.58676 ], [ 13.21685, 52.58744 ], [ 13.20925, 52.60382 ], [ 13.22072, 52.62599 ], [ 13.26155, 52.63307 ], [ 13.27255, 52.63916 ], [ 13.28248, 52.65397 ], [ 13.28914, 52.65712 ], [ 13.30279, 52.65619 ], [ 13.29968, 52.65131 ], [ 13.30372, 52.64454 ], [ 13.3031, 52.63529 ], [ 13.31023, 52.62966 ], [ 13.32656, 52.62521 ], [ 13.36423, 52.62361 ], [ 13.37978, 52.62627 ], [ 13.38877, 52.63689 ], [ 13.41203, 52.64872 ], [ 13.4313, 52.64095 ], [ 13.43844, 52.64159 ], [ 13.4451, 52.64971 ], [ 13.46851, 52.66332 ], [ 13.47378, 52.66356 ], [ 13.50127, 52.64351 ], [ 13.49926, 52.61942 ], [ 13.50329, 52.61017 ], [ 13.56907, 52.56341 ], [ 13.6116, 52.54524 ], [ 13.64757, 52.53927 ], [ 13.6485, 52.53163 ], [ 13.62509, 52.49809 ], [ 13.62339, 52.49065 ], [ 13.62633, 52.48703 ] ] ] } },
{ "type": "Feature", "properties": { "id": "DE-BE", "name": "Berlin" }, "geometry": { "type": "Polygon", "coordinates": [ [ [ 13.47378, 52.66356 ], [ 13.46851, 52.66332 ], [ 13.4451, 52.64971 ], [ 13.43844, 52.64159 ], [ 13.4313, 52.64095 ], [ 13.41203, 52.64872 ], [ 13.38877, 52.63689 ], [ 13.37978, 52.62627 ], [ 13.36423, 52.62361 ], [ 13.32656, 52.62521 ], [ 13.31023, 52.62966 ], [ 13.3031, 52.63529 ], [ 13.30372, 52.64454 ], [ 13.29968, 52.65131 ], [ 13.30279, 52.65619 ], [ 13.28914, 52.65712 ], [ 13.28248, 52.65397 ], [ 13.27255, 52.63916 ], [ 13.26155, 52.63307 ], [ 13.22072, 52.62599 ], [ 13.20925, 52.60382 ], [ 13.21685, 52.58744 ], [ 13.20755, 52.58676 ], [ 13.15478, 52.59955 ], [ 13.14486, 52.58516 ], [ 13.14843, 52.57571 ], [ 13.14093, 52.52429 ], [ 13.15664, 52.50695 ], [ 13.1568, 52.50103 ], [ 13.11442, 52.4738 ], [ 13.10915, 52.4554 ], [ 13.11675, 52.44047 ], [ 13.10745, 52.43453 ], [ 13.10543, 52.42832 ], [ 13.09365, 52.41871 ], [ 13.0921, 52.4137 ], [ 13.11799, 52.40202 ], [ 13.15649, 52.39685 ], [ 13.17261, 52.40517 ], [ 13.21406, 52.41706 ], [ 13.22677, 52.41592 ], [ 13.25219, 52.40476 ], [ 13.29426, 52.4151 ], [ 13.3048, 52.40228 ], [ 13.30919, 52.40109 ], [ 13.34578, 52.4074 ], [ 13.37575, 52.38657 ], [ 13.39405, 52.38122 ], [ 13.42567, 52.38109 ], [ 13.42753, 52.3907 ], [ 13.42495, 52.40734 ], [ 13.43363, 52.4123 ], [ 13.45812, 52.41675 ], [ 13.46805, 52.4137 ], [ 13.4758, 52.40365 ], [ 13.48438, 52.39866 ], [ 13.50313, 52.39815 ], [ 13.51445, 52.40368 ], [ 13.52809, 52.40492 ], [ 13.58473, 52.3889 ], [ 13.6099, 52.38378 ], [ 13.62649, 52.3844 ], [ 13.63734, 52.37598 ], [ 13.64447, 52.34203 ], [ 13.65398, 52.34234 ], [ 13.67119, 52.3621 ], [ 13.70142, 52.37001 ], [ 13.70669, 52.37804 ], [ 13.70452, 52.39789 ], [ 13.7086, 52.40461 ], [ 13.73434, 52.41964 ], [ 13.73852, 52.42665 ], [ 13.73976, 52.43949 ], [ 13.74953, 52.44486 ], [ 13.75092, 52.45029 ], [ 13.7362, 52.4598 ], [ 13.6963, 52.4708 ], [ 13.67754, 52.48553 ], [ 13.66452, 52.48977 ], [ 13.62633, 52.48703 ], [ 13.62339, 52.49065 ], [ 13.62509, 52.49809 ], [ 13.6485, 52.53163 ], [ 13.64757, 52.53927 ], [ 13.6116, 52.54524 ], [ 13.56907, 52.56341 ], [ 13.50329, 52.61017 ], [ 13.49926, 52.61942 ], [ 13.50127, 52.64351 ], [ 13.47378, 52.66356 ] ] ] } },
{ "type": "Feature", "properties": { "id": "DE-BW", "name": "Baden-Württemberg" }, "geometry": { "type": "Polygon", "coordinates": [ [ [ 9.55414, 47.53274 ], [ 9.61438, 47.58888 ], [ 9.65453, 47.59601 ], [ 9.6643, 47.6064 ], [ 9.68001, 47.61156 ], [ 9.71505, 47.60485 ], [ 9.76006, 47.62038 ], [ 9.83421, 47.6651 ], [ 9.86465, 47.67482 ], [ 9.90501, 47.66322 ], [ 9.92919, 47.65926 ], [ 9.95327, 47.65947 ], [ 10.00914, 47.67538 ], [ 10.03394, 47.68004 ], [ 10.0527, 47.67973 ], [ 10.06035, 47.67554 ], [ 10.0757, 47.6497 ], [ 10.08546, 47.65802 ], [ 10.09011, 47.67926 ], [ 10.12148, 47.67389 ], [ 10.12706, 47.6773 ], [ 10.13125, 47.69099 ], [ 10.12272, 47.71099 ], [ 10.11714, 47.76282 ], [ 10.11197, 47.76807 ], [ 10.10097, 47.76871 ], [ 10.07926, 47.79 ], [ 10.08748, 47.80075 ], [ 10.10949, 47.80246 ], [ 10.12009, 47.81352 ], [ 10.12954, 47.81651 ], [ 10.10391, 47.85992 ], [ 10.0881, 47.86238 ], [ 10.08608, 47.86586 ], [ 10.09709, 47.87537 ], [ 10.10205, 47.89349 ], [ 10.10624, 47.89775 ], [ 10.11027, 47.93395 ], [ 10.10949, 47.9378 ], [ 10.09554, 47.94824 ], [ 10.08531, 47.96596 ], [ 10.08779, 47.97309 ], [ 10.10066, 47.9796 ], [ 10.13016, 48.03492 ], [ 10.1376, 48.05691 ], [ 10.13931, 48.09443 ], [ 10.13621, 48.1073 ], [ 10.10934, 48.14802 ], [ 10.06996, 48.26897 ], [ 10.05409, 48.30486 ], [ 10.02231, 48.34069 ], [ 10.00304, 48.36893 ], [ 9.98955, 48.37017 ], [ 9.98056, 48.38134 ], [ 10.03658, 48.4334 ], [ 10.04386, 48.43658 ], [ 10.04076, 48.45001 ], [ 10.05053, 48.46224 ], [ 10.06407, 48.47123 ], [ 10.09817, 48.47601 ], [ 10.12117, 48.48722 ], [ 10.13001, 48.48784 ], [ 10.13807, 48.48306 ], [ 10.14241, 48.46929 ], [ 10.15342, 48.46583 ], [ 10.25057, 48.50515 ], [ 10.25429, 48.51802 ], [ 10.26824, 48.5283 ], [ 10.31945, 48.53265 ], [ 10.31263, 48.53595 ], [ 10.31139, 48.53978 ], [ 10.32286, 48.56197 ], [ 10.32379, 48.57946 ], [ 10.31325, 48.5959 ], [ 10.31108, 48.60491 ], [ 10.33356, 48.61721 ], [ 10.33294, 48.62329 ], [ 10.28705, 48.64693 ], [ 10.26948, 48.66948 ], [ 10.27181, 48.68313 ], [ 10.29387, 48.70302 ], [ 10.29806, 48.70349 ], [ 10.32007, 48.69005 ], [ 10.35113, 48.68876 ], [ 10.3719, 48.6645 ], [ 10.43102, 48.70509 ], [ 10.43939, 48.704 ], [ 10.44436, 48.6993 ], [ 10.438, 48.69537 ], [ 10.438, 48.68742 ], [ 10.43211, 48.67765 ], [ 10.43366, 48.67088 ], [ 10.43846, 48.66757 ], [ 10.4951, 48.69946 ], [ 10.47712, 48.72157 ], [ 10.47107, 48.73374 ], [ 10.4411, 48.74181 ], [ 10.43397, 48.74798 ], [ 10.43164, 48.75589 ], [ 10.43242, 48.76578 ], [ 10.4397, 48.7748 ], [ 10.43939, 48.79986 ], [ 10.45402, 48.81376 ], [ 10.45913, 48.83056 ], [ 10.44808, 48.84963 ], [ 10.45293, 48.86053 ], [ 10.45557, 48.89893 ], [ 10.44482, 48.90647 ], [ 10.46735, 48.915 ], [ 10.46751, 48.92115 ], [ 10.45882, 48.93939 ], [ 10.44575, 48.94885 ], [ 10.43986, 48.95949 ], [ 10.42281, 48.97262 ], [ 10.41505, 48.98285 ], [ 10.36725, 49.01081 ], [ 10.35997, 49.02838 ], [ 10.35423, 49.03339 ], [ 10.33945, 49.03354 ], [ 10.32007, 49.04114 ], [ 10.30038, 49.04212 ], [ 10.27444, 49.05018 ], [ 10.27832, 49.06641 ], [ 10.25925, 49.07884 ], [ 10.26142, 49.09106 ], [ 10.24576, 49.09468 ], [ 10.22964, 49.10297 ], [ 10.23398, 49.10631 ], [ 10.24886, 49.10672 ], [ 10.25398, 49.11044 ], [ 10.26406, 49.12682 ], [ 10.26576, 49.13824 ], [ 10.26328, 49.14759 ], [ 10.24173, 49.16046 ], [ 10.21874, 49.15509 ], [ 10.1806, 49.18589 ], [ 10.14768, 49.20348 ], [ 10.14691, 49.20539 ], [ 10.15729, 49.20772 ], [ 10.16132, 49.21214 ], [ 10.1452, 49.22935 ], [ 10.14427, 49.25002 ], [ 10.13001, 49.26025 ], [ 10.12675, 49.26759 ], [ 10.13063, 49.2727 ], [ 10.15001, 49.26599 ], [ 10.15915, 49.26893 ], [ 10.15977, 49.27534 ], [ 10.14675, 49.29911 ], [ 10.15404, 49.31668 ], [ 10.14954, 49.32076 ], [ 10.13156, 49.32609 ], [ 10.12179, 49.33487 ], [ 10.11916, 49.34164 ], [ 10.12179, 49.36954 ], [ 10.13962, 49.38355 ], [ 10.17156, 49.38205 ], [ 10.14039, 49.43287 ], [ 10.11244, 49.44215 ], [ 10.12443, 49.45595 ], [ 10.13202, 49.47238 ], [ 10.12055, 49.49207 ], [ 10.12892, 49.50556 ], [ 10.12753, 49.51145 ], [ 10.09864, 49.51946 ], [ 10.096, 49.52359 ], [ 10.10267, 49.53602 ], [ 10.08515, 49.54431 ], [ 10.05735, 49.52729 ], [ 10.06593, 49.51967 ], [ 10.06577, 49.50923 ], [ 10.02789, 49.48323 ], [ 10.01968, 49.48034 ], [ 9.94769, 49.47931 ], [ 9.93632, 49.48173 ], [ 9.93167, 49.51021 ], [ 9.93415, 49.52858 ], [ 9.92981, 49.55036 ], [ 9.91229, 49.56235 ], [ 9.91896, 49.57183 ], [ 9.91291, 49.57904 ], [ 9.90547, 49.57951 ], [ 9.88852, 49.56586 ], [ 9.87333, 49.56116 ], [ 9.86387, 49.54504 ], [ 9.84899, 49.54266 ], [ 9.83922, 49.54816 ], [ 9.84201, 49.55418 ], [ 9.85984, 49.56793 ], [ 9.85984, 49.58524 ], [ 9.87829, 49.60193 ], [ 9.88232, 49.61118 ], [ 9.87473, 49.62085 ], [ 9.83566, 49.64932 ], [ 9.83297, 49.68867 ], [ 9.79716, 49.7196 ], [ 9.79251, 49.72198 ], [ 9.76409, 49.71219 ], [ 9.7275, 49.6873 ], [ 9.72218, 49.69007 ], [ 9.71257, 49.70425 ], [ 9.70745, 49.72125 ], [ 9.70264, 49.72001 ], [ 9.69551, 49.71172 ], [ 9.68233, 49.70699 ], [ 9.67753, 49.69053 ], [ 9.67319, 49.68798 ], [ 9.65267, 49.68829 ], [ 9.6319, 49.69671 ], [ 9.63097, 49.70105 ], [ 9.63949, 49.71498 ], [ 9.63872, 49.72389 ], [ 9.64694, 49.72885 ], [ 9.64492, 49.74001 ], [ 9.65066, 49.75025 ], [ 9.6474, 49.76601 ], [ 9.65453, 49.77471 ], [ 9.64926, 49.78316 ], [ 9.60193, 49.77084 ], [ 9.57438, 49.78234 ], [ 9.55697, 49.778 ], [ 9.54482, 49.77872 ], [ 9.49098, 49.79526 ], [ 9.47253, 49.79559 ], [ 9.43682, 49.7921 ], [ 9.40059, 49.78352 ], [ 9.35186, 49.78575 ], [ 9.32835, 49.77836 ], [ 9.31233, 49.76567 ], [ 9.32029, 49.74968 ], [ 9.313, 49.73919 ], [ 9.31362, 49.73211 ], [ 9.32711, 49.72653 ], [ 9.36654, 49.72125 ], [ 9.37119, 49.71536 ], [ 9.36731, 49.70456 ], [ 9.36887, 49.69841 ], [ 9.38328, 49.70002 ], [ 9.39171, 49.715 ], [ 9.39713, 49.71815 ], [ 9.42426, 49.71118 ], [ 9.42721, 49.70818 ], [ 9.41527, 49.6633 ], [ 9.42287, 49.65123 ], [ 9.40442, 49.64007 ], [ 9.39481, 49.64048 ], [ 9.37662, 49.65046 ], [ 9.34809, 49.64219 ], [ 9.31564, 49.64046 ], [ 9.29378, 49.63328 ], [ 9.28634, 49.62661 ], [ 9.28959, 49.61054 ], [ 9.27564, 49.6009 ], [ 9.26861, 49.58669 ], [ 9.259, 49.57883 ], [ 9.1788, 49.57896 ], [ 9.12201, 49.57088 ], [ 9.11069, 49.57511 ], [ 9.09917, 49.56488 ], [ 9.0801, 49.57382 ], [ 9.07498, 49.57227 ], [ 9.07467, 49.56682 ], [ 9.09498, 49.55083 ], [ 9.11612, 49.52742 ], [ 9.12526, 49.5161 ], [ 9.12681, 49.50817 ], [ 9.11565, 49.50861 ], [ 9.10196, 49.51848 ], [ 9.07638, 49.51899 ], [ 9.06816, 49.51848 ], [ 9.04485, 49.50385 ], [ 9.03509, 49.50132 ], [ 9.01137, 49.50429 ], [ 8.95365, 49.50274 ], [ 8.92724, 49.48153 ], [ 8.94295, 49.46199 ], [ 8.94558, 49.4551 ], [ 8.94031, 49.44732 ], [ 8.91406, 49.43765 ], [ 8.90863, 49.44003 ], [ 8.90708, 49.4452 ], [ 8.90135, 49.44659 ], [ 8.89127, 49.4252 ], [ 8.86114, 49.40174 ], [ 8.84626, 49.39629 ], [ 8.81675, 49.4022 ], [ 8.81086, 49.4066 ], [ 8.81365, 49.4235 ], [ 8.82797, 49.42939 ], [ 8.83262, 49.43543 ], [ 8.82921, 49.46551 ], [ 8.85231, 49.48473 ], [ 8.8706, 49.4745 ], [ 8.87696, 49.47548 ], [ 8.89251, 49.49367 ], [ 8.8936, 49.50049 ], [ 8.8905, 49.50613 ], [ 8.82843, 49.50282 ], [ 8.82156, 49.50675 ], [ 8.81567, 49.51729 ], [ 8.80761, 49.52349 ], [ 8.76492, 49.5238 ], [ 8.7181, 49.54178 ], [ 8.70596, 49.55088 ], [ 8.69154, 49.57369 ], [ 8.68689, 49.58553 ], [ 8.69263, 49.59374 ], [ 8.6917, 49.6023 ], [ 8.681, 49.61206 ], [ 8.67573, 49.6225 ], [ 8.59889, 49.61 ], [ 8.59796, 49.60581 ], [ 8.61677, 49.55297 ], [ 8.61661, 49.54504 ], [ 8.60901, 49.53915 ], [ 8.56618, 49.52731 ], [ 8.49822, 49.57338 ], [ 8.47445, 49.58576 ], [ 8.44964, 49.58832 ], [ 8.41683, 49.57945 ], [ 8.40836, 49.55522 ], [ 8.42773, 49.53424 ], [ 8.45016, 49.49124 ], [ 8.4636, 49.47269 ], [ 8.4636, 49.46584 ], [ 8.44251, 49.459 ], [ 8.44251, 49.45218 ], [ 8.49388, 49.44262 ], [ 8.50458, 49.43109 ], [ 8.49031, 49.41122 ], [ 8.49776, 49.37647 ], [ 8.46184, 49.32348 ], [ 8.45988, 49.31503 ], [ 8.48344, 49.30955 ], [ 8.47988, 49.29699 ], [ 8.41084, 49.24366 ], [ 8.38732, 49.23198 ], [ 8.38066, 49.21485 ], [ 8.36159, 49.11961 ], [ 8.35714, 49.10956 ], [ 8.28361, 49.00995 ], [ 8.26258, 48.98846 ], [ 8.23023, 48.96554 ], [ 8.19989, 48.95825 ], [ 8.17932, 48.9427 ], [ 8.14811, 48.90373 ], [ 8.10274, 48.82131 ], [ 8.09034, 48.80751 ], [ 8.04755, 48.79103 ], [ 8.03876, 48.79077 ], [ 8.02729, 48.78002 ], [ 8.02295, 48.76509 ], [ 8.01727, 48.76183 ], [ 7.97014, 48.75728 ], [ 7.96487, 48.74834 ], [ 7.96363, 48.72927 ], [ 7.95918, 48.72137 ], [ 7.89593, 48.67651 ], [ 7.88063, 48.66773 ], [ 7.85242, 48.65868 ], [ 7.81025, 48.61502 ], [ 7.80178, 48.58236 ], [ 7.80167, 48.54758 ], [ 7.81346, 48.52634 ], [ 7.81346, 48.51947 ], [ 7.77646, 48.49818 ], [ 7.77129, 48.48911 ], [ 7.76922, 48.47007 ], [ 7.75072, 48.44441 ], [ 7.73832, 48.40661 ], [ 7.73718, 48.39348 ], [ 7.74038, 48.38144 ], [ 7.75196, 48.35534 ], [ 7.75072, 48.34137 ], [ 7.73697, 48.32666 ], [ 7.70245, 48.31119 ], [ 7.68716, 48.25292 ], [ 7.67662, 48.2384 ], [ 7.61336, 48.17921 ], [ 7.60675, 48.16698 ], [ 7.60479, 48.15257 ], [ 7.58567, 48.12972 ], [ 7.57264, 48.09497 ], [ 7.57574, 48.05371 ], [ 7.61895, 48.00265 ], [ 7.62112, 47.97144 ], [ 7.61161, 47.9594 ], [ 7.58494, 47.94041 ], [ 7.57957, 47.92705 ], [ 7.57895, 47.90633 ], [ 7.55786, 47.87853 ], [ 7.56417, 47.85041 ], [ 7.562, 47.83923 ], [ 7.54288, 47.82943 ], [ 7.52861, 47.79703 ], [ 7.52593, 47.78316 ], [ 7.53833, 47.74815 ], [ 7.53781, 47.73182 ], [ 7.51187, 47.70732 ], [ 7.51787, 47.67502 ], [ 7.52179, 47.67042 ], [ 7.53657, 47.66521 ], [ 7.55011, 47.65244 ], [ 7.57264, 47.622 ], [ 7.59032, 47.60795 ], [ 7.59249, 47.59841 ], [ 7.58603, 47.58462 ], [ 7.63703, 47.59498 ], [ 7.65967, 47.59658 ], [ 7.64654, 47.57154 ], [ 7.6359, 47.56459 ], [ 7.60975, 47.56475 ], [ 7.66142, 47.54625 ], [ 7.68344, 47.54426 ], [ 7.76674, 47.55596 ], [ 7.78555, 47.5632 ], [ 7.81966, 47.59534 ], [ 7.83371, 47.59048 ], [ 7.8982, 47.58785 ], [ 7.9043, 47.58356 ], [ 7.91216, 47.56056 ], [ 8.04228, 47.56056 ], [ 8.08724, 47.56738 ], [ 8.09695, 47.57185 ], [ 8.1139, 47.58785 ], [ 8.14377, 47.60007 ], [ 8.16206, 47.60376 ], [ 8.17901, 47.6158 ], [ 8.23296, 47.62195 ], [ 8.25105, 47.622 ], [ 8.28857, 47.6158 ], [ 8.30635, 47.59219 ], [ 8.35409, 47.58102 ], [ 8.41807, 47.58077 ], [ 8.44887, 47.58428 ], [ 8.46179, 47.60614 ], [ 8.49238, 47.61983 ], [ 8.52235, 47.6219 ], [ 8.53775, 47.61213 ], [ 8.5607, 47.5894 ], [ 8.57413, 47.59244 ], [ 8.58064, 47.60017 ], [ 8.5825, 47.62159 ], [ 8.57806, 47.63348 ], [ 8.58033, 47.63901 ], [ 8.59356, 47.64257 ], [ 8.59511, 47.63482 ], [ 8.60162, 47.6326 ], [ 8.60731, 47.65629 ], [ 8.56824, 47.66293 ], [ 8.51967, 47.65735 ], [ 8.47605, 47.6404 ], [ 8.45827, 47.63988 ], [ 8.41197, 47.66105 ], [ 8.3913, 47.66546 ], [ 8.39771, 47.67629 ], [ 8.39099, 47.69213 ], [ 8.39213, 47.69952 ], [ 8.40195, 47.70709 ], [ 8.43791, 47.72319 ], [ 8.44546, 47.74319 ], [ 8.46365, 47.76391 ], [ 8.4715, 47.76706 ], [ 8.53651, 47.77409 ], [ 8.5516, 47.77926 ], [ 8.5423, 47.79502 ], [ 8.55822, 47.80117 ], [ 8.58312, 47.80024 ], [ 8.60162, 47.7946 ], [ 8.60762, 47.76225 ], [ 8.61744, 47.75732 ], [ 8.62984, 47.7628 ], [ 8.63501, 47.7846 ], [ 8.6441, 47.79101 ], [ 8.65702, 47.78812 ], [ 8.68193, 47.75874 ], [ 8.71314, 47.75742 ], [ 8.71976, 47.74732 ], [ 8.70043, 47.7235 ], [ 8.71263, 47.70869 ], [ 8.71707, 47.69456 ], [ 8.76988, 47.69507 ], [ 8.76172, 47.70125 ], [ 8.77071, 47.72086 ], [ 8.79758, 47.72003 ], [ 8.83024, 47.70719 ], [ 8.85608, 47.69068 ], [ 8.83768, 47.68779 ], [ 8.83779, 47.68084 ], [ 8.85267, 47.67079 ], [ 8.88171, 47.65614 ], [ 8.90621, 47.6518 ], [ 8.94538, 47.6543 ], [ 8.98176, 47.66216 ], [ 8.99767, 47.67384 ], [ 9.01659, 47.6789 ], [ 9.1281, 47.67042 ], [ 9.1834, 47.67042 ], [ 9.19694, 47.65614 ], [ 9.23435, 47.65616 ], [ 9.27321, 47.65009 ], [ 9.55414, 47.53274 ] ] ] } },
{ "type": "Feature", "properties": { "id": "DE-BY", "name": "Bayern" }, "geometry": { "type": "Polygon", "coordinates": [ [ [ 12.10134, 50.31398 ], [ 12.09371, 50.32261 ], [ 12.06529, 50.32791 ], [ 12.04343, 50.32776 ], [ 11.98943, 50.34918 ], [ 11.98602, 50.35155 ], [ 11.98183, 50.37119 ], [ 11.98478, 50.38075 ], [ 11.98121, 50.38532 ], [ 11.96023, 50.39416 ], [ 11.94054, 50.41455 ], [ 11.93171, 50.41692 ], [ 11.9053, 50.41517 ], [ 11.82882, 50.39106 ], [ 11.8237, 50.39145 ], [ 11.82308, 50.40095 ], [ 11.80417, 50.40674 ], [ 11.79673, 50.41351 ], [ 11.78474, 50.41426 ], [ 11.76117, 50.41155 ], [ 11.75699, 50.40612 ], [ 11.73957, 50.40276 ], [ 11.62118, 50.3868 ], [ 11.59157, 50.39447 ], [ 11.56982, 50.3946 ], [ 11.55602, 50.3824 ], [ 11.52579, 50.37915 ], [ 11.48729, 50.39672 ], [ 11.48465, 50.39951 ], [ 11.48202, 50.4223 ], [ 11.47721, 50.42749 ], [ 11.45391, 50.42772 ], [ 11.42119, 50.44305 ], [ 11.41809, 50.45227 ], [ 11.42057, 50.4857 ], [ 11.43577, 50.49296 ], [ 11.43871, 50.4972 ], [ 11.42709, 50.51309 ], [ 11.4105, 50.5165 ], [ 11.34673, 50.51873 ], [ 11.33738, 50.51139 ], [ 11.32482, 50.50751 ], [ 11.31629, 50.49253 ], [ 11.29578, 50.48395 ], [ 11.24865, 50.47263 ], [ 11.2564, 50.45666 ], [ 11.25438, 50.44907 ], [ 11.2626, 50.42772 ], [ 11.25903, 50.40323 ], [ 11.26415, 50.39625 ], [ 11.26539, 50.38641 ], [ 11.27717, 50.37351 ], [ 11.28027, 50.35863 ], [ 11.2688, 50.35308 ], [ 11.27051, 50.34137 ], [ 11.25903, 50.32091 ], [ 11.26586, 50.30504 ], [ 11.25516, 50.28835 ], [ 11.25531, 50.27486 ], [ 11.24415, 50.27311 ], [ 11.22147, 50.2776 ], [ 11.20751, 50.2851 ], [ 11.20224, 50.28337 ], [ 11.19232, 50.27156 ], [ 11.14328, 50.30122 ], [ 11.13537, 50.30933 ], [ 11.15491, 50.32354 ], [ 11.15646, 50.32915 ], [ 11.13754, 50.35047 ], [ 11.12137, 50.35362 ], [ 11.11253, 50.36519 ], [ 11.09827, 50.36328 ], [ 11.08556, 50.35447 ], [ 11.04969, 50.34773 ], [ 11.04163, 50.34949 ], [ 11.02458, 50.36116 ], [ 10.99755, 50.36364 ], [ 10.99383, 50.3623 ], [ 10.98794, 50.3499 ], [ 10.97755, 50.35543 ], [ 10.94339, 50.38734 ], [ 10.92774, 50.38796 ], [ 10.89575, 50.38235 ], [ 10.88273, 50.39227 ], [ 10.87466, 50.39429 ], [ 10.85916, 50.38948 ], [ 10.83663, 50.39129 ], [ 10.80981, 50.38225 ], [ 10.78888, 50.38625 ], [ 10.77953, 50.38116 ], [ 10.75782, 50.35775 ], [ 10.73049, 50.36116 ], [ 10.72196, 50.35744 ], [ 10.71793, 50.35166 ], [ 10.71498, 50.32194 ], [ 10.72274, 50.31579 ], [ 10.74961, 50.30566 ], [ 10.76914, 50.29269 ], [ 10.7988, 50.29156 ], [ 10.81276, 50.27709 ], [ 10.84113, 50.27011 ], [ 10.84738, 50.25771 ], [ 10.84567, 50.24655 ], [ 10.8402, 50.24205 ], [ 10.82903, 50.24086 ], [ 10.79849, 50.24823 ], [ 10.75844, 50.24319 ], [ 10.73891, 50.24768 ], [ 10.73157, 50.24231 ], [ 10.72661, 50.21042 ], [ 10.72057, 50.20727 ], [ 10.68692, 50.22014 ], [ 10.66222, 50.22453 ], [ 10.61706, 50.2244 ], [ 10.60915, 50.23068 ], [ 10.60388, 50.23797 ], [ 10.60714, 50.25037 ], [ 10.5938, 50.27125 ], [ 10.60016, 50.29269 ], [ 10.59132, 50.32597 ], [ 10.56559, 50.33998 ], [ 10.55236, 50.35879 ], [ 10.53577, 50.35734 ], [ 10.52616, 50.35222 ], [ 10.49975, 50.35352 ], [ 10.49557, 50.35631 ], [ 10.49293, 50.36576 ], [ 10.46611, 50.38034 ], [ 10.44947, 50.39915 ], [ 10.42467, 50.39475 ], [ 10.4011, 50.39744 ], [ 10.39221, 50.40871 ], [ 10.40079, 50.41718 ], [ 10.3994, 50.42294 ], [ 10.37283, 50.43661 ], [ 10.35516, 50.45149 ], [ 10.34105, 50.45878 ], [ 10.33728, 50.4639 ], [ 10.33697, 50.4779 ], [ 10.32751, 50.48911 ], [ 10.2315, 50.51263 ], [ 10.21812, 50.53624 ], [ 10.19719, 50.54818 ], [ 10.13931, 50.54588 ], [ 10.13001, 50.54808 ], [ 10.12613, 50.56286 ], [ 10.10965, 50.55547 ], [ 10.05502, 50.5165 ], [ 10.04448, 50.49702 ], [ 10.0127, 50.4609 ], [ 10.00087, 50.44845 ], [ 9.98087, 50.43734 ], [ 9.91834, 50.41377 ], [ 9.85891, 50.39899 ], [ 9.83876, 50.39811 ], [ 9.82848, 50.4007 ], [ 9.80181, 50.41925 ], [ 9.77897, 50.41426 ], [ 9.76672, 50.40209 ], [ 9.74285, 50.34711 ], [ 9.74858, 50.30556 ], [ 9.72171, 50.29039 ], [ 9.68032, 50.27952 ], [ 9.6735, 50.27512 ], [ 9.66538, 50.26815 ], [ 9.65825, 50.25435 ], [ 9.6598, 50.24236 ], [ 9.66507, 50.23843 ], [ 9.6612, 50.23435 ], [ 9.61205, 50.22417 ], [ 9.59774, 50.22401 ], [ 9.58038, 50.22913 ], [ 9.55759, 50.2258 ], [ 9.5411, 50.23657 ], [ 9.52979, 50.23295 ], [ 9.50793, 50.23559 ], [ 9.50529, 50.22673 ], [ 9.50855, 50.20691 ], [ 9.49842, 50.1788 ], [ 9.50436, 50.17368 ], [ 9.52529, 50.17146 ], [ 9.52901, 50.16686 ], [ 9.5118, 50.14286 ], [ 9.51041, 50.13774 ], [ 9.51676, 50.11622 ], [ 9.50669, 50.1081 ], [ 9.44586, 50.09141 ], [ 9.40674, 50.09234 ], [ 9.3931, 50.10387 ], [ 9.38561, 50.1171 ], [ 9.37755, 50.12325 ], [ 9.32913, 50.13929 ], [ 9.23513, 50.14433 ], [ 9.19353, 50.13653 ], [ 9.1881, 50.11984 ], [ 9.17074, 50.10661 ], [ 9.14929, 50.09756 ], [ 9.1465, 50.09927 ], [ 9.15487, 50.11121 ], [ 9.11084, 50.12588 ], [ 9.05746, 50.11007 ], [ 9.02439, 50.10508 ], [ 9.01214, 50.09906 ], [ 9.00889, 50.09338 ], [ 9.00594, 50.06635 ], [ 8.98806, 50.06247 ], [ 8.97659, 50.05278 ], [ 8.99235, 50.04573 ], [ 9.01168, 50.0495 ], [ 9.02594, 50.04496 ], [ 9.03214, 50.02137 ], [ 9.04175, 50.01173 ], [ 9.04051, 50.00036 ], [ 9.05312, 49.98165 ], [ 9.04919, 49.98015 ], [ 9.02811, 49.98542 ], [ 9.02672, 49.90739 ], [ 9.0618, 49.83985 ], [ 9.06894, 49.83143 ], [ 9.07343, 49.83058 ], [ 9.08583, 49.84326 ], [ 9.09126, 49.84331 ], [ 9.09079, 49.815 ], [ 9.09917, 49.80027 ], [ 9.11286, 49.79376 ], [ 9.13286, 49.79551 ], [ 9.14092, 49.78735 ], [ 9.1358, 49.77766 ], [ 9.11968, 49.76192 ], [ 9.12294, 49.75386 ], [ 9.14898, 49.74358 ], [ 9.13286, 49.7173 ], [ 9.13162, 49.70872 ], [ 9.13503, 49.69795 ], [ 9.12294, 49.68991 ], [ 9.09948, 49.68642 ], [ 9.10025, 49.67294 ], [ 9.11131, 49.63981 ], [ 9.10599, 49.6332 ], [ 9.07266, 49.61087 ], [ 9.07669, 49.60328 ], [ 9.09638, 49.59108 ], [ 9.11069, 49.57511 ], [ 9.12201, 49.57088 ], [ 9.1788, 49.57896 ], [ 9.259, 49.57883 ], [ 9.26861, 49.58669 ], [ 9.27564, 49.6009 ], [ 9.28959, 49.61054 ], [ 9.28634, 49.62661 ], [ 9.29378, 49.63328 ], [ 9.31564, 49.64046 ], [ 9.34809, 49.64219 ], [ 9.37662, 49.65046 ], [ 9.39481, 49.64048 ], [ 9.40442, 49.64007 ], [ 9.42287, 49.65123 ], [ 9.41527, 49.6633 ], [ 9.42721, 49.70818 ], [ 9.42426, 49.71118 ], [ 9.39713, 49.71815 ], [ 9.39171, 49.715 ], [ 9.38328, 49.70002 ], [ 9.36887, 49.69841 ], [ 9.36731, 49.70456 ], [ 9.37119, 49.71536 ], [ 9.36654, 49.72125 ], [ 9.32711, 49.72653 ], [ 9.31362, 49.73211 ], [ 9.313, 49.73919 ], [ 9.32029, 49.74968 ], [ 9.31233, 49.76567 ], [ 9.32835, 49.77836 ], [ 9.33977, 49.78316 ], [ 9.35186, 49.78575 ], [ 9.40059, 49.78352 ], [ 9.43682, 49.7921 ], [ 9.47253, 49.79559 ], [ 9.49098, 49.79526 ], [ 9.54482, 49.77872 ], [ 9.55697, 49.778 ], [ 9.57438, 49.78234 ], [ 9.60193, 49.77084 ], [ 9.64926, 49.78316 ], [ 9.65453, 49.77471 ], [ 9.6474, 49.76601 ], [ 9.65066, 49.75025 ], [ 9.64492, 49.74001 ], [ 9.64694, 49.72885 ], [ 9.63872, 49.72389 ], [ 9.63949, 49.71498 ], [ 9.6305, 49.69903 ], [ 9.63608, 49.69402 ], [ 9.65267, 49.68829 ], [ 9.66678, 49.6872 ], [ 9.67753, 49.69053 ], [ 9.68233, 49.70699 ], [ 9.69551, 49.71172 ], [ 9.70497, 49.72125 ], [ 9.70977, 49.71978 ], [ 9.71257, 49.70425 ], [ 9.72218, 49.69007 ], [ 9.7275, 49.6873 ], [ 9.76409, 49.71219 ], [ 9.79452, 49.72131 ], [ 9.83297, 49.68867 ], [ 9.83566, 49.64932 ], [ 9.87473, 49.62085 ], [ 9.88232, 49.61118 ], [ 9.87829, 49.60193 ], [ 9.85984, 49.58524 ], [ 9.85984, 49.56793 ], [ 9.84201, 49.55418 ], [ 9.83922, 49.54816 ], [ 9.84899, 49.54266 ], [ 9.86387, 49.54504 ], [ 9.87333, 49.56116 ], [ 9.88852, 49.56586 ], [ 9.90547, 49.57951 ], [ 9.91291, 49.57904 ], [ 9.91896, 49.57183 ], [ 9.91229, 49.56235 ], [ 9.92981, 49.55036 ], [ 9.93415, 49.52858 ], [ 9.93167, 49.51021 ], [ 9.93632, 49.48173 ], [ 9.94769, 49.47931 ], [ 10.01968, 49.48034 ], [ 10.02789, 49.48323 ], [ 10.06577, 49.50923 ], [ 10.06593, 49.51967 ], [ 10.05735, 49.52729 ], [ 10.08515, 49.54431 ], [ 10.10267, 49.53602 ], [ 10.096, 49.52359 ], [ 10.09864, 49.51946 ], [ 10.12753, 49.51145 ], [ 10.12892, 49.50556 ], [ 10.12055, 49.49207 ], [ 10.13202, 49.47238 ], [ 10.12443, 49.45595 ], [ 10.11244, 49.44215 ], [ 10.14039, 49.43287 ], [ 10.17156, 49.38205 ], [ 10.13962, 49.38355 ], [ 10.12179, 49.36954 ], [ 10.11916, 49.34164 ], [ 10.12179, 49.33487 ], [ 10.13156, 49.32609 ], [ 10.14954, 49.32076 ], [ 10.15404, 49.31668 ], [ 10.14675, 49.29911 ], [ 10.15977, 49.27534 ], [ 10.15915, 49.26893 ], [ 10.15001, 49.26599 ], [ 10.13063, 49.2727 ], [ 10.12675, 49.26759 ], [ 10.13001, 49.26025 ], [ 10.14427, 49.25002 ], [ 10.1452, 49.22935 ], [ 10.16132, 49.21214 ], [ 10.15729, 49.20772 ], [ 10.14691, 49.20539 ], [ 10.14768, 49.20348 ], [ 10.1806, 49.18589 ], [ 10.21874, 49.15509 ], [ 10.24173, 49.16046 ], [ 10.26328, 49.14759 ], [ 10.26576, 49.13824 ], [ 10.26406, 49.12682 ], [ 10.25398, 49.11044 ], [ 10.24886, 49.10672 ], [ 10.23398, 49.10631 ], [ 10.22964, 49.10297 ], [ 10.24576, 49.09468 ], [ 10.26142, 49.09106 ], [ 10.25925, 49.07884 ], [ 10.27832, 49.06641 ], [ 10.27444, 49.05018 ], [ 10.30038, 49.04212 ], [ 10.31589, 49.04207 ], [ 10.33945, 49.03354 ], [ 10.35718, 49.03158 ], [ 10.36725, 49.01081 ], [ 10.3733, 49.00541 ], [ 10.41505, 48.98285 ], [ 10.42281, 48.97262 ], [ 10.43877, 48.96063 ], [ 10.44575, 48.94885 ], [ 10.45882, 48.93939 ], [ 10.46751, 48.92115 ], [ 10.46735, 48.915 ], [ 10.44482, 48.90647 ], [ 10.45557, 48.89893 ], [ 10.45293, 48.86053 ], [ 10.44808, 48.84963 ], [ 10.45913, 48.83056 ], [ 10.45402, 48.81376 ], [ 10.43939, 48.79986 ], [ 10.4397, 48.7748 ], [ 10.43242, 48.76578 ], [ 10.43164, 48.75589 ], [ 10.43397, 48.74798 ], [ 10.4411, 48.74181 ], [ 10.47107, 48.73374 ], [ 10.47712, 48.72157 ], [ 10.4951, 48.69946 ], [ 10.43846, 48.66757 ], [ 10.43366, 48.67088 ], [ 10.43211, 48.67765 ], [ 10.438, 48.68742 ], [ 10.438, 48.69537 ], [ 10.44436, 48.6993 ], [ 10.43939, 48.704 ], [ 10.43102, 48.70509 ], [ 10.3719, 48.6645 ], [ 10.35113, 48.68876 ], [ 10.32007, 48.69005 ], [ 10.29806, 48.70349 ], [ 10.29387, 48.70302 ], [ 10.27181, 48.68313 ], [ 10.26948, 48.66948 ], [ 10.28705, 48.64693 ], [ 10.33294, 48.62329 ], [ 10.33356, 48.61721 ], [ 10.31108, 48.60491 ], [ 10.31325, 48.5959 ], [ 10.32379, 48.57946 ], [ 10.32286, 48.56197 ], [ 10.31139, 48.53978 ], [ 10.31263, 48.53595 ], [ 10.31945, 48.53265 ], [ 10.26824, 48.5283 ], [ 10.25429, 48.51802 ], [ 10.25057, 48.50515 ], [ 10.15342, 48.46583 ], [ 10.14241, 48.46929 ], [ 10.13807, 48.48306 ], [ 10.13001, 48.48784 ], [ 10.12117, 48.48722 ], [ 10.09817, 48.47601 ], [ 10.06407, 48.47123 ], [ 10.05053, 48.46224 ], [ 10.04076, 48.45001 ], [ 10.04386, 48.43658 ], [ 10.03658, 48.4334 ], [ 9.98056, 48.38134 ], [ 9.98955, 48.37017 ], [ 10.00304, 48.36893 ], [ 10.02231, 48.34069 ], [ 10.05409, 48.30486 ], [ 10.06996, 48.26897 ], [ 10.10934, 48.14802 ], [ 10.13621, 48.1073 ], [ 10.13931, 48.09443 ], [ 10.1376, 48.05691 ], [ 10.13016, 48.03492 ], [ 10.10066, 47.9796 ], [ 10.08779, 47.97309 ], [ 10.08531, 47.96596 ], [ 10.09554, 47.94824 ], [ 10.10949, 47.9378 ], [ 10.11027, 47.93395 ], [ 10.10624, 47.89775 ], [ 10.10205, 47.89349 ], [ 10.09709, 47.87537 ], [ 10.08608, 47.86586 ], [ 10.0881, 47.86238 ], [ 10.10391, 47.85992 ], [ 10.12954, 47.81651 ], [ 10.12009, 47.81352 ], [ 10.10949, 47.80246 ], [ 10.08748, 47.80075 ], [ 10.07926, 47.79 ], [ 10.10097, 47.76871 ], [ 10.11197, 47.76807 ], [ 10.11714, 47.76282 ], [ 10.12272, 47.71099 ], [ 10.13125, 47.69099 ], [ 10.12706, 47.6773 ], [ 10.12148, 47.67389 ], [ 10.09011, 47.67926 ], [ 10.08546, 47.65802 ], [ 10.0757, 47.6497 ], [ 10.06035, 47.67554 ], [ 10.0527, 47.67973 ], [ 10.03394, 47.68004 ], [ 10.00914, 47.67538 ], [ 9.95327, 47.65947 ], [ 9.92919, 47.65926 ], [ 9.90501, 47.66322 ], [ 9.86465, 47.67482 ], [ 9.83421, 47.6651 ], [ 9.76006, 47.62038 ], [ 9.71505, 47.60485 ], [ 9.68001, 47.61156 ], [ 9.6643, 47.6064 ], [ 9.65453, 47.59601 ], [ 9.61438, 47.58888 ], [ 9.55414, 47.53274 ], [ 9.61262, 47.52188 ], [ 9.6767, 47.52263 ], [ 9.70399, 47.53142 ], [ 9.73086, 47.5649 ], [ 9.75267, 47.58206 ], [ 9.76713, 47.58728 ], [ 9.78212, 47.58841 ], [ 9.79628, 47.58495 ], [ 9.80796, 47.57632 ], [ 9.81127, 47.56449 ], [ 9.8093, 47.55232 ], [ 9.81313, 47.54175 ], [ 9.83349, 47.53462 ], [ 9.85891, 47.54134 ], [ 9.88899, 47.53379 ], [ 9.91875, 47.53219 ], [ 9.93384, 47.53421 ], [ 9.94594, 47.54077 ], [ 9.94873, 47.52423 ], [ 9.97167, 47.5064 ], [ 9.98077, 47.49294 ], [ 9.98263, 47.48103 ], [ 9.99358, 47.47659 ], [ 10.02262, 47.48796 ], [ 10.07182, 47.43912 ], [ 10.0806, 47.42739 ], [ 10.07595, 47.41687 ], [ 10.05322, 47.40486 ], [ 10.06417, 47.39618 ], [ 10.06779, 47.37504 ], [ 10.07316, 47.36548 ], [ 10.08288, 47.35907 ], [ 10.11037, 47.36739 ], [ 10.13083, 47.36267 ], [ 10.14696, 47.3738 ], [ 10.19088, 47.37923 ], [ 10.20928, 47.37248 ], [ 10.20855, 47.35447 ], [ 10.19047, 47.31747 ], [ 10.19326, 47.30492 ], [ 10.19078, 47.29825 ], [ 10.16866, 47.29042 ], [ 10.15543, 47.27288 ], [ 10.15988, 47.27112 ], [ 10.23935, 47.27774 ], [ 10.26116, 47.2835 ], [ 10.30591, 47.30218 ], [ 10.32545, 47.31432 ], [ 10.34343, 47.33076 ], [ 10.37165, 47.36739 ], [ 10.41164, 47.38104 ], [ 10.42828, 47.39605 ], [ 10.44286, 47.41628 ], [ 10.45195, 47.43876 ], [ 10.45174, 47.4602 ], [ 10.44761, 47.47258 ], [ 10.43366, 47.48785 ], [ 10.4196, 47.49305 ], [ 10.43097, 47.54216 ], [ 10.41567, 47.56438 ], [ 10.41423, 47.57301 ], [ 10.42921, 47.57702 ], [ 10.4536, 47.5811 ], [ 10.45712, 47.57924 ], [ 10.46156, 47.56991 ], [ 10.45174, 47.55482 ], [ 10.4535, 47.54625 ], [ 10.46694, 47.53772 ], [ 10.48254, 47.53286 ], [ 10.52512, 47.52847 ], [ 10.53691, 47.52986 ], [ 10.54962, 47.53679 ], [ 10.56988, 47.55594 ], [ 10.58373, 47.56247 ], [ 10.60791, 47.56227 ], [ 10.73989, 47.52847 ], [ 10.75219, 47.5154 ], [ 10.76077, 47.51364 ], [ 10.79033, 47.51607 ], [ 10.84479, 47.53131 ], [ 10.85864, 47.53067 ], [ 10.89223, 47.51488 ], [ 10.88386, 47.50801 ], [ 10.85162, 47.4931 ], [ 10.85844, 47.48516 ], [ 10.90991, 47.46899 ], [ 10.95983, 47.43251 ], [ 10.96313, 47.42124 ], [ 10.95528, 47.40961 ], [ 10.96551, 47.39607 ], [ 10.97946, 47.39055 ], [ 11.08375, 47.38951 ], [ 11.10328, 47.39357 ], [ 11.1686, 47.42426 ], [ 11.19382, 47.42894 ], [ 11.21521, 47.423 ], [ 11.21304, 47.39582 ], [ 11.23702, 47.39396 ], [ 11.25883, 47.40073 ], [ 11.30565, 47.4354 ], [ 11.32425, 47.43943 ], [ 11.36766, 47.44013 ], [ 11.38388, 47.44486 ], [ 11.39246, 47.45478 ], [ 11.38864, 47.46222 ], [ 11.36549, 47.46933 ], [ 11.41262, 47.50609 ], [ 11.43535, 47.50971 ], [ 11.48259, 47.50258 ], [ 11.52951, 47.50785 ], [ 11.55121, 47.51369 ], [ 11.5694, 47.52738 ], [ 11.58914, 47.57038 ], [ 11.62046, 47.58965 ], [ 11.68257, 47.58335 ], [ 11.76402, 47.58312 ], [ 11.82034, 47.57529 ], [ 11.83068, 47.57761 ], [ 11.8407, 47.59462 ], [ 11.85197, 47.59916 ], [ 11.93589, 47.61074 ], [ 12.1736, 47.60508 ], [ 12.20213, 47.62983 ], [ 12.20678, 47.64557 ], [ 12.20513, 47.67229 ], [ 12.20233, 47.67779 ], [ 12.18177, 47.69213 ], [ 12.1766, 47.70582 ], [ 12.19241, 47.71016 ], [ 12.22518, 47.72737 ], [ 12.24223, 47.73202 ], [ 12.23303, 47.70887 ], [ 12.22332, 47.6959 ], [ 12.22879, 47.68487 ], [ 12.23872, 47.6789 ], [ 12.27189, 47.68789 ], [ 12.2937, 47.69001 ], [ 12.35147, 47.68169 ], [ 12.4077, 47.69373 ], [ 12.42413, 47.69156 ], [ 12.4447, 47.65629 ], [ 12.48252, 47.63358 ], [ 12.49658, 47.6289 ], [ 12.53823, 47.63133 ], [ 12.55384, 47.63601 ], [ 12.59838, 47.66288 ], [ 12.6174, 47.66934 ], [ 12.65306, 47.67513 ], [ 12.68871, 47.67513 ], [ 12.74483, 47.66536 ], [ 12.76199, 47.66686 ], [ 12.75166, 47.64939 ], [ 12.76736, 47.63637 ], [ 12.79331, 47.62479 ], [ 12.81315, 47.61182 ], [ 12.78587, 47.60268 ], [ 12.77367, 47.5795 ], [ 12.77894, 47.55482 ], [ 12.80364, 47.54134 ], [ 12.82845, 47.53725 ], [ 12.8826, 47.49857 ], [ 12.94255, 47.47049 ], [ 12.96973, 47.47573 ], [ 12.99112, 47.46568 ], [ 13.00187, 47.46602 ], [ 13.03732, 47.49305 ], [ 13.03701, 47.50137 ], [ 13.02895, 47.51803 ], [ 13.02812, 47.54165 ], [ 13.04125, 47.5619 ], [ 13.03908, 47.56134 ], [ 13.03825, 47.58402 ], [ 13.04094, 47.58335 ], [ 13.05706, 47.59766 ], [ 13.07205, 47.62242 ], [ 13.07484, 47.64665 ], [ 13.07205, 47.65947 ], [ 13.06409, 47.67399 ], [ 13.04456, 47.69657 ], [ 13.01986, 47.71293 ], [ 13.00435, 47.71461 ], [ 12.96405, 47.70536 ], [ 12.90834, 47.71236 ], [ 12.89201, 47.72355 ], [ 12.91723, 47.75016 ], [ 12.92126, 47.76954 ], [ 12.92674, 47.77739 ], [ 12.99123, 47.84711 ], [ 12.96498, 47.87196 ], [ 12.93108, 47.92488 ], [ 12.88601, 47.95289 ], [ 12.86204, 47.96255 ], [ 12.85397, 47.97048 ], [ 12.8456, 47.99314 ], [ 12.83062, 48.01547 ], [ 12.76023, 48.06487 ], [ 12.74204, 48.08678 ], [ 12.73698, 48.09996 ], [ 12.73894, 48.11345 ], [ 12.74504, 48.12063 ], [ 12.76406, 48.12376 ], [ 12.78235, 48.14202 ], [ 12.82214, 48.16068 ], [ 12.86255, 48.19665 ], [ 12.87764, 48.20205 ], [ 12.93304, 48.20925 ], [ 12.9317, 48.21163 ], [ 12.97945, 48.23202 ], [ 13.03278, 48.26357 ], [ 13.13644, 48.29106 ], [ 13.27421, 48.3071 ], [ 13.3078, 48.31964 ], [ 13.40557, 48.37658 ], [ 13.41952, 48.39216 ], [ 13.42717, 48.41854 ], [ 13.43616, 48.43059 ], [ 13.43823, 48.47854 ], [ 13.45642, 48.50665 ], [ 13.45921, 48.51639 ], [ 13.45704, 48.52518 ], [ 13.44774, 48.53482 ], [ 13.44009, 48.56096 ], [ 13.45456, 48.57344 ], [ 13.48722, 48.58158 ], [ 13.5207, 48.58458 ], [ 13.62437, 48.56536 ], [ 13.65806, 48.55109 ], [ 13.67336, 48.53549 ], [ 13.71651, 48.52169 ], [ 13.72539, 48.54838 ], [ 13.73387, 48.55978 ], [ 13.75805, 48.56148 ], [ 13.77428, 48.56921 ], [ 13.79619, 48.59859 ], [ 13.80239, 48.61171 ], [ 13.80622, 48.64292 ], [ 13.80095, 48.67522 ], [ 13.80353, 48.68716 ], [ 13.81686, 48.69558 ], [ 13.79939, 48.70261 ], [ 13.78875, 48.71651 ], [ 13.78358, 48.71527 ], [ 13.78586, 48.72478 ], [ 13.81572, 48.76643 ], [ 13.79619, 48.77981 ], [ 13.74793, 48.84338 ], [ 13.72467, 48.8673 ], [ 13.71061, 48.87247 ], [ 13.67336, 48.87635 ], [ 13.65444, 48.88224 ], [ 13.63739, 48.89345 ], [ 13.62178, 48.90906 ], [ 13.61114, 48.92725 ], [ 13.60866, 48.94616 ], [ 13.59047, 48.94482 ], [ 13.53889, 48.96704 ], [ 13.51595, 48.97024 ], [ 13.5021, 48.96606 ], [ 13.48226, 48.93763 ], [ 13.4589, 48.94502 ], [ 13.39854, 48.97768 ], [ 13.38417, 48.99303 ], [ 13.38355, 49.02109 ], [ 13.37239, 49.03851 ], [ 13.32991, 49.06693 ], [ 13.29953, 49.09365 ], [ 13.28733, 49.10057 ], [ 13.26728, 49.10563 ], [ 13.20682, 49.10749 ], [ 13.1785, 49.11835 ], [ 13.14946, 49.15483 ], [ 13.05582, 49.23818 ], [ 13.04342, 49.24278 ], [ 13.01128, 49.26779 ], [ 12.99981, 49.29493 ], [ 12.98244, 49.29963 ], [ 12.93986, 49.32676 ], [ 12.88467, 49.33957 ], [ 12.87092, 49.33673 ], [ 12.87537, 49.32386 ], [ 12.85666, 49.32221 ], [ 12.79775, 49.32784 ], [ 12.77791, 49.33255 ], [ 12.76209, 49.34324 ], [ 12.72933, 49.39115 ], [ 12.70918, 49.40474 ], [ 12.66308, 49.4189 ], [ 12.64355, 49.42949 ], [ 12.63218, 49.44396 ], [ 12.62722, 49.46019 ], [ 12.62298, 49.50985 ], [ 12.61554, 49.51377 ], [ 12.59373, 49.51501 ], [ 12.58288, 49.5224 ], [ 12.56231, 49.55083 ], [ 12.55363, 49.58473 ], [ 12.5466, 49.59558 ], [ 12.53606, 49.60312 ], [ 12.51219, 49.61165 ], [ 12.50195, 49.61971 ], [ 12.50743, 49.63 ], [ 12.49689, 49.63387 ], [ 12.50537, 49.64612 ], [ 12.50464, 49.6594 ], [ 12.49637, 49.66999 ], [ 12.44924, 49.68503 ], [ 12.41958, 49.70022 ], [ 12.39891, 49.7195 ], [ 12.38362, 49.74286 ], [ 12.3954, 49.75789 ], [ 12.43674, 49.76926 ], [ 12.45266, 49.7797 ], [ 12.45638, 49.81712 ], [ 12.46247, 49.83122 ], [ 12.48252, 49.82724 ], [ 12.48986, 49.8427 ], [ 12.51291, 49.87024 ], [ 12.52097, 49.88553 ], [ 12.52407, 49.90497 ], [ 12.51787, 49.9122 ], [ 12.46268, 49.93127 ], [ 12.46382, 49.94212 ], [ 12.47074, 49.95561 ], [ 12.46816, 49.97023 ], [ 12.45131, 49.98057 ], [ 12.41452, 49.98305 ], [ 12.39922, 49.99276 ], [ 12.24688, 50.04496 ], [ 12.2414, 50.07064 ], [ 12.23251, 50.08051 ], [ 12.18787, 50.10283 ], [ 12.17918, 50.11798 ], [ 12.17856, 50.13296 ], [ 12.18559, 50.1557 ], [ 12.1827, 50.17074 ], [ 12.17505, 50.18262 ], [ 12.13929, 50.21104 ], [ 12.08989, 50.23084 ], [ 12.07955, 50.24272 ], [ 12.09206, 50.25481 ], [ 12.10911, 50.26381 ], [ 12.11097, 50.27662 ], [ 12.10725, 50.29088 ], [ 12.09919, 50.29977 ], [ 12.07614, 50.31517 ], [ 12.10134, 50.31398 ] ] ] } },
{ "type": "Feature", "properties": { "id": "DE-HB", "name": "Bremen" }, "geometry": { "type": "MultiPolygon", "coordinates": [ [ [ [ 8.5572, 53.51994 ], [ 8.573, 53.50185 ], [ 8.57827, 53.49924 ], [ 8.58834, 53.50017 ], [ 8.59951, 53.48973 ], [ 8.62359, 53.50221 ], [ 8.63909, 53.51666 ], [ 8.64188, 53.53932 ], [ 8.63521, 53.55988 ], [ 8.62359, 53.57709 ], [ 8.62018, 53.58761 ], [ 8.63087, 53.60396 ], [ 8.56245, 53.60626 ], [ 8.51304, 53.6171 ], [ 8.56577, 53.5467 ], [ 8.5572, 53.51994 ] ] ], [ [ [ 8.51868, 53.22611 ], [ 8.49605, 53.22404 ], [ 8.513, 53.19975 ], [ 8.55444, 53.1896 ], [ 8.57806, 53.17978 ], [ 8.61103, 53.18006 ], [ 8.61723, 53.17686 ], [ 8.63149, 53.15957 ], [ 8.63382, 53.13898 ], [ 8.63801, 53.1303 ], [ 8.65382, 53.11572 ], [ 8.70177, 53.08343 ], [ 8.70239, 53.05113 ], [ 8.70487, 53.04955 ], [ 8.7195, 53.04793 ], [ 8.7718, 53.05464 ], [ 8.82466, 53.03501 ], [ 8.84409, 53.0332 ], [ 8.86316, 53.03728 ], [ 8.86595, 53.03973 ], [ 8.86595, 53.04751 ], [ 8.91453, 53.02462 ], [ 8.95768, 53.0426 ], [ 8.97271, 53.05258 ], [ 8.97907, 53.08167 ], [ 8.98992, 53.09361 ], [ 8.98605, 53.10007 ], [ 8.96155, 53.11583 ], [ 8.95783, 53.12193 ], [ 8.97535, 53.13702 ], [ 8.93623, 53.1628 ], [ 8.92631, 53.15934 ], [ 8.91236, 53.13934 ], [ 8.89499, 53.13885 ], [ 8.86052, 53.14926 ], [ 8.82389, 53.16807 ], [ 8.77862, 53.17027 ], [ 8.75144, 53.18146 ], [ 8.74988, 53.18833 ], [ 8.74554, 53.19161 ], [ 8.71046, 53.19177 ], [ 8.6903, 53.18843 ], [ 8.67681, 53.19037 ], [ 8.61785, 53.20484 ], [ 8.5902, 53.21536 ], [ 8.56447, 53.21179 ], [ 8.51868, 53.22611 ] ] ] ] } },
{ "type": "Feature", "properties": { "id": "DE-HE", "name": "Hessen" }, "geometry": { "type": "Polygon", "coordinates": [ [ [ 9.94924, 51.3818 ], [ 9.90578, 51.40368 ], [ 9.90423, 51.41697 ], [ 9.9016, 51.41898 ], [ 9.89416, 51.4179 ], [ 9.88496, 51.41118 ], [ 9.86279, 51.4087 ], [ 9.86279, 51.40154 ], [ 9.8755, 51.38172 ], [ 9.86093, 51.37206 ], [ 9.84915, 51.3765 ], [ 9.83282, 51.39759 ], [ 9.80801, 51.40725 ], [ 9.79638, 51.40839 ], [ 9.80166, 51.3972 ], [ 9.79204, 51.39035 ], [ 9.76796, 51.38565 ], [ 9.71257, 51.3626 ], [ 9.71892, 51.35069 ], [ 9.75075, 51.33134 ], [ 9.77525, 51.34188 ], [ 9.78476, 51.3387 ], [ 9.77339, 51.32669 ], [ 9.77308, 51.31904 ], [ 9.76951, 51.31488 ], [ 9.72564, 51.29067 ], [ 9.71148, 51.29152 ], [ 9.68264, 51.31496 ], [ 9.66947, 51.31956 ], [ 9.65593, 51.3195 ], [ 9.56937, 51.34234 ], [ 9.54126, 51.35831 ], [ 9.53475, 51.36658 ], [ 9.57092, 51.36139 ], [ 9.57123, 51.36839 ], [ 9.56286, 51.38136 ], [ 9.57898, 51.39759 ], [ 9.63252, 51.40095 ], [ 9.63856, 51.4087 ], [ 9.63469, 51.43402 ], [ 9.63701, 51.4474 ], [ 9.63004, 51.45841 ], [ 9.63825, 51.4703 ], [ 9.62787, 51.47417 ], [ 9.6164, 51.48378 ], [ 9.59479, 51.5182 ], [ 9.61252, 51.52368 ], [ 9.61965, 51.55249 ], [ 9.63655, 51.54843 ], [ 9.64477, 51.55003 ], [ 9.63391, 51.566 ], [ 9.63779, 51.57215 ], [ 9.64399, 51.57192 ], [ 9.67133, 51.55928 ], [ 9.67737, 51.56078 ], [ 9.68606, 51.57194 ], [ 9.66647, 51.58497 ], [ 9.65438, 51.60817 ], [ 9.63097, 51.61721 ], [ 9.62089, 51.63111 ], [ 9.58534, 51.626 ], [ 9.56472, 51.63039 ], [ 9.54932, 51.64026 ], [ 9.52793, 51.62879 ], [ 9.50777, 51.6284 ], [ 9.49206, 51.63426 ], [ 9.49036, 51.6493 ], [ 9.48695, 51.65328 ], [ 9.46679, 51.65501 ], [ 9.4485, 51.64403 ], [ 9.44008, 51.64904 ], [ 9.41775, 51.62713 ], [ 9.34592, 51.6123 ], [ 9.33305, 51.60667 ], [ 9.35507, 51.59264 ], [ 9.336, 51.55396 ], [ 9.31099, 51.53561 ], [ 9.29626, 51.51758 ], [ 9.22427, 51.48704 ], [ 9.21244, 51.45696 ], [ 9.19337, 51.45639 ], [ 9.15379, 51.43828 ], [ 9.10867, 51.44291 ], [ 9.0849, 51.45707 ], [ 9.08661, 51.47345 ], [ 9.08459, 51.48301 ], [ 9.07855, 51.48849 ], [ 9.0154, 51.50916 ], [ 8.95814, 51.49722 ], [ 8.90615, 51.48091 ], [ 8.90088, 51.47621 ], [ 8.89809, 51.46673 ], [ 8.91267, 51.45024 ], [ 8.91701, 51.42146 ], [ 8.94124, 51.418 ], [ 8.94961, 51.41237 ], [ 8.94248, 51.39624 ], [ 8.93514, 51.39128 ], [ 8.8936, 51.38999 ], [ 8.85572, 51.37485 ], [ 8.80885, 51.38172 ], [ 8.77257, 51.37542 ], [ 8.72772, 51.37309 ], [ 8.68162, 51.36201 ], [ 8.67325, 51.35216 ], [ 8.65397, 51.34405 ], [ 8.64824, 51.33444 ], [ 8.59393, 51.29599 ], [ 8.57563, 51.2702 ], [ 8.59439, 51.25754 ], [ 8.60157, 51.24362 ], [ 8.61723, 51.24023 ], [ 8.62762, 51.24194 ], [ 8.63987, 51.25305 ], [ 8.68565, 51.25899 ], [ 8.71232, 51.27057 ], [ 8.72275, 51.26871 ], [ 8.72012, 51.25511 ], [ 8.73175, 51.24982 ], [ 8.75159, 51.19052 ], [ 8.75221, 51.17794 ], [ 8.75019, 51.17279 ], [ 8.69573, 51.1305 ], [ 8.70689, 51.11355 ], [ 8.70627, 51.10634 ], [ 8.66085, 51.08817 ], [ 8.62715, 51.0936 ], [ 8.52473, 51.09332 ], [ 8.52054, 51.08494 ], [ 8.53744, 51.06324 ], [ 8.53496, 51.05027 ], [ 8.54488, 51.02066 ], [ 8.52752, 51.00536 ], [ 8.50954, 50.9803 ], [ 8.49714, 50.97772 ], [ 8.49062, 50.97296 ], [ 8.46964, 50.94376 ], [ 8.46809, 50.92077 ], [ 8.46375, 50.91449 ], [ 8.44406, 50.91601 ], [ 8.42711, 50.90873 ], [ 8.39688, 50.88883 ], [ 8.39781, 50.87919 ], [ 8.39487, 50.87509 ], [ 8.36412, 50.8616 ], [ 8.3202, 50.86181 ], [ 8.31446, 50.86449 ], [ 8.3033, 50.87963 ], [ 8.28345, 50.87943 ], [ 8.21658, 50.83586 ], [ 8.19715, 50.82705 ], [ 8.18723, 50.81152 ], [ 8.13416, 50.78135 ], [ 8.13354, 50.77566 ], [ 8.14191, 50.7706 ], [ 8.143, 50.76372 ], [ 8.16739, 50.75158 ], [ 8.17498, 50.74388 ], [ 8.16692, 50.70786 ], [ 8.14393, 50.69778 ], [ 8.13447, 50.68404 ], [ 8.13044, 50.6674 ], [ 8.12005, 50.64988 ], [ 8.14052, 50.61753 ], [ 8.14393, 50.60265 ], [ 8.15059, 50.59381 ], [ 8.15964, 50.59081 ], [ 8.16382, 50.5858 ], [ 8.13726, 50.54157 ], [ 8.11463, 50.52878 ], [ 8.09334, 50.52751 ], [ 8.07039, 50.54436 ], [ 8.05287, 50.54601 ], [ 8.03592, 50.54157 ], [ 8.02104, 50.52844 ], [ 8.00445, 50.52074 ], [ 8.00027, 50.50883 ], [ 7.99934, 50.46591 ], [ 8.01918, 50.45491 ], [ 8.00042, 50.44033 ], [ 7.98755, 50.41186 ], [ 7.9751, 50.40514 ], [ 7.97339, 50.40026 ], [ 7.98006, 50.39579 ], [ 8.02569, 50.38827 ], [ 8.03205, 50.37672 ], [ 8.04946, 50.37129 ], [ 8.08, 50.33031 ], [ 8.10067, 50.31946 ], [ 8.10734, 50.31109 ], [ 8.12191, 50.28065 ], [ 8.12207, 50.27166 ], [ 8.1123, 50.26468 ], [ 8.09613, 50.26205 ], [ 8.04171, 50.26184 ], [ 8.03422, 50.25171 ], [ 8.0336, 50.24572 ], [ 8.04357, 50.23642 ], [ 8.02306, 50.21588 ], [ 8.01127, 50.21797 ], [ 7.99329, 50.22836 ], [ 7.98037, 50.21942 ], [ 7.92218, 50.20009 ], [ 7.91009, 50.18895 ], [ 7.89815, 50.17133 ], [ 7.89598, 50.16231 ], [ 7.89676, 50.15503 ], [ 7.9042, 50.14867 ], [ 7.93045, 50.13635 ], [ 7.92172, 50.1088 ], [ 7.91304, 50.10973 ], [ 7.89629, 50.12071 ], [ 7.85919, 50.1187 ], [ 7.84694, 50.10676 ], [ 7.84276, 50.08821 ], [ 7.83888, 50.08436 ], [ 7.77139, 50.05348 ], [ 7.78503, 50.04852 ], [ 7.84984, 50.01075 ], [ 7.85728, 50.00258 ], [ 7.86028, 49.99002 ], [ 7.87816, 49.97294 ], [ 7.91857, 49.97388 ], [ 7.96192, 49.9831 ], [ 8.00972, 49.99933 ], [ 8.04853, 50.01837 ], [ 8.1738, 50.04578 ], [ 8.20072, 50.0463 ], [ 8.22811, 50.03819 ], [ 8.33544, 49.95964 ], [ 8.35513, 49.92564 ], [ 8.34009, 49.89101 ], [ 8.34758, 49.87853 ], [ 8.37048, 49.8566 ], [ 8.38045, 49.84259 ], [ 8.3898, 49.81531 ], [ 8.40867, 49.79267 ], [ 8.42381, 49.7673 ], [ 8.46251, 49.77107 ], [ 8.47662, 49.76751 ], [ 8.47383, 49.75745 ], [ 8.4391, 49.72653 ], [ 8.40644, 49.72242 ], [ 8.37921, 49.7104 ], [ 8.36226, 49.69092 ], [ 8.36055, 49.66446 ], [ 8.40004, 49.61041 ], [ 8.41683, 49.57945 ], [ 8.44964, 49.58832 ], [ 8.47445, 49.58576 ], [ 8.49822, 49.57338 ], [ 8.56618, 49.52731 ], [ 8.60901, 49.53915 ], [ 8.61661, 49.54504 ], [ 8.61677, 49.55297 ], [ 8.59796, 49.60581 ], [ 8.59889, 49.61 ], [ 8.67573, 49.6225 ], [ 8.681, 49.61206 ], [ 8.6917, 49.6023 ], [ 8.69263, 49.59374 ], [ 8.68689, 49.58553 ], [ 8.69154, 49.57369 ], [ 8.70596, 49.55088 ], [ 8.7181, 49.54178 ], [ 8.76492, 49.5238 ], [ 8.80761, 49.52349 ], [ 8.81567, 49.51729 ], [ 8.82156, 49.50675 ], [ 8.82843, 49.50282 ], [ 8.8905, 49.50613 ], [ 8.8936, 49.50049 ], [ 8.89251, 49.49367 ], [ 8.87696, 49.47548 ], [ 8.8706, 49.4745 ], [ 8.85231, 49.48473 ], [ 8.83091, 49.46856 ], [ 8.82859, 49.45802 ], [ 8.83262, 49.43543 ], [ 8.82998, 49.4307 ], [ 8.81272, 49.42225 ], [ 8.8104, 49.40944 ], [ 8.81443, 49.40301 ], [ 8.84626, 49.39629 ], [ 8.85231, 49.39745 ], [ 8.89127, 49.4252 ], [ 8.90135, 49.44659 ], [ 8.90708, 49.4452 ], [ 8.90863, 49.44003 ], [ 8.91406, 49.43765 ], [ 8.94031, 49.44732 ], [ 8.94558, 49.4551 ], [ 8.94295, 49.46199 ], [ 8.92724, 49.48153 ], [ 8.95365, 49.50274 ], [ 9.01137, 49.50429 ], [ 9.03509, 49.50132 ], [ 9.04485, 49.50385 ], [ 9.06816, 49.51848 ], [ 9.07638, 49.51899 ], [ 9.10196, 49.51848 ], [ 9.11565, 49.50861 ], [ 9.12681, 49.50817 ], [ 9.12526, 49.5161 ], [ 9.09948, 49.54654 ], [ 9.07467, 49.56682 ], [ 9.07498, 49.57227 ], [ 9.0801, 49.57382 ], [ 9.09358, 49.5654 ], [ 9.1018, 49.56527 ], [ 9.11069, 49.57511 ], [ 9.09638, 49.59108 ], [ 9.07669, 49.60328 ], [ 9.07266, 49.61087 ], [ 9.10599, 49.6332 ], [ 9.11131, 49.63981 ], [ 9.10025, 49.67294 ], [ 9.09948, 49.68642 ], [ 9.12294, 49.68991 ], [ 9.13503, 49.69795 ], [ 9.13162, 49.70872 ], [ 9.13286, 49.7173 ], [ 9.14898, 49.74358 ], [ 9.12294, 49.75386 ], [ 9.11968, 49.76192 ], [ 9.1358, 49.77766 ], [ 9.14092, 49.78735 ], [ 9.13286, 49.79551 ], [ 9.11286, 49.79376 ], [ 9.09917, 49.80027 ], [ 9.09079, 49.815 ], [ 9.09126, 49.84331 ], [ 9.08583, 49.84326 ], [ 9.07343, 49.83058 ], [ 9.06894, 49.83143 ], [ 9.0618, 49.83985 ], [ 9.02672, 49.90739 ], [ 9.02811, 49.98542 ], [ 9.04919, 49.98015 ], [ 9.05312, 49.98165 ], [ 9.04051, 50.00036 ], [ 9.04175, 50.01173 ], [ 9.03214, 50.02137 ], [ 9.02594, 50.04496 ], [ 9.01168, 50.0495 ], [ 8.99235, 50.04573 ], [ 8.97659, 50.05278 ], [ 8.98806, 50.06247 ], [ 9.00594, 50.06635 ], [ 9.00889, 50.09338 ], [ 9.01214, 50.09906 ], [ 9.02439, 50.10508 ], [ 9.05746, 50.11007 ], [ 9.11084, 50.12588 ], [ 9.15487, 50.11121 ], [ 9.1465, 50.09927 ], [ 9.14929, 50.09756 ], [ 9.17074, 50.10661 ], [ 9.1881, 50.11984 ], [ 9.19353, 50.13653 ], [ 9.23513, 50.14433 ], [ 9.32913, 50.13929 ], [ 9.37755, 50.12325 ], [ 9.38561, 50.1171 ], [ 9.3931, 50.10387 ], [ 9.40674, 50.09234 ], [ 9.44586, 50.09141 ], [ 9.50669, 50.1081 ], [ 9.51676, 50.11622 ], [ 9.51041, 50.13774 ], [ 9.5118, 50.14286 ], [ 9.52901, 50.16686 ], [ 9.52529, 50.17146 ], [ 9.50436, 50.17368 ], [ 9.49842, 50.1788 ], [ 9.50855, 50.20691 ], [ 9.50529, 50.22673 ], [ 9.50793, 50.23559 ], [ 9.52979, 50.23295 ], [ 9.5411, 50.23657 ], [ 9.55759, 50.2258 ], [ 9.58038, 50.22913 ], [ 9.59774, 50.22401 ], [ 9.61205, 50.22417 ], [ 9.6612, 50.23435 ], [ 9.66507, 50.23843 ], [ 9.6598, 50.24236 ], [ 9.65825, 50.25435 ], [ 9.66538, 50.26815 ], [ 9.6735, 50.27512 ], [ 9.68032, 50.27952 ], [ 9.72171, 50.29039 ], [ 9.74858, 50.30556 ], [ 9.74285, 50.34711 ], [ 9.76672, 50.40209 ], [ 9.77897, 50.41426 ], [ 9.80181, 50.41925 ], [ 9.82848, 50.4007 ], [ 9.84744, 50.39796 ], [ 9.91834, 50.41377 ], [ 9.98087, 50.43734 ], [ 10.00087, 50.44845 ], [ 10.04448, 50.49702 ], [ 10.05502, 50.5165 ], [ 10.04743, 50.51697 ], [ 10.04448, 50.5219 ], [ 10.05689, 50.55443 ], [ 10.04836, 50.57001 ], [ 10.04929, 50.59412 ], [ 10.04588, 50.60549 ], [ 10.05859, 50.61683 ], [ 10.07244, 50.61784 ], [ 10.07601, 50.622 ], [ 10.07368, 50.64515 ], [ 10.06035, 50.66587 ], [ 10.05208, 50.66957 ], [ 10.00418, 50.67655 ], [ 9.95095, 50.66275 ], [ 9.94718, 50.65836 ], [ 9.94733, 50.65293 ], [ 9.96041, 50.63965 ], [ 9.9542, 50.63019 ], [ 9.94769, 50.62743 ], [ 9.934, 50.62805 ], [ 9.90547, 50.63756 ], [ 9.88263, 50.63402 ], [ 9.87767, 50.6436 ], [ 9.88124, 50.66711 ], [ 9.89307, 50.67988 ], [ 9.91322, 50.69267 ], [ 9.9126, 50.70455 ], [ 9.93338, 50.73282 ], [ 9.93555, 50.75099 ], [ 9.92067, 50.76378 ], [ 9.92609, 50.77323 ], [ 9.94625, 50.77659 ], [ 9.94222, 50.79643 ], [ 9.94971, 50.80995 ], [ 9.9494, 50.81519 ], [ 9.9725, 50.82429 ], [ 10.02309, 50.83331 ], [ 10.02603, 50.83703 ], [ 10.02681, 50.84682 ], [ 10.02324, 50.85436 ], [ 10.02603, 50.85876 ], [ 10.05596, 50.88263 ], [ 10.04417, 50.8925 ], [ 10.0327, 50.90875 ], [ 10.00852, 50.92051 ], [ 9.99467, 50.91906 ], [ 9.98087, 50.90764 ], [ 9.9742, 50.90614 ], [ 9.97033, 50.91421 ], [ 9.96971, 50.92909 ], [ 9.9556, 50.9248 ], [ 9.95126, 50.92973 ], [ 9.95188, 50.93591 ], [ 9.95591, 50.94185 ], [ 9.96273, 50.94312 ], [ 10.01332, 50.93705 ], [ 10.04138, 50.94092 ], [ 10.04603, 50.94904 ], [ 10.04309, 50.96164 ], [ 10.02634, 50.97601 ], [ 10.02355, 50.98211 ], [ 10.02619, 50.99572 ], [ 10.05115, 51.00702 ], [ 10.09337, 51.00851 ], [ 10.10438, 51.00585 ], [ 10.12117, 51.00903 ], [ 10.12272, 50.99932 ], [ 10.13326, 50.99456 ], [ 10.19114, 50.99663 ], [ 10.20866, 51.02087 ], [ 10.2054, 51.03172 ], [ 10.19316, 51.04484 ], [ 10.17207, 51.04691 ], [ 10.15993, 51.05298 ], [ 10.14241, 51.05523 ], [ 10.14101, 51.05869 ], [ 10.14737, 51.08117 ], [ 10.1652, 51.10251 ], [ 10.16907, 51.11548 ], [ 10.14039, 51.12158 ], [ 10.13419, 51.13083 ], [ 10.12598, 51.1361 ], [ 10.13435, 51.14106 ], [ 10.17362, 51.14484 ], [ 10.1854, 51.13512 ], [ 10.18556, 51.12701 ], [ 10.19874, 51.11634 ], [ 10.20277, 51.12021 ], [ 10.2085, 51.15114 ], [ 10.21408, 51.16127 ], [ 10.22917, 51.1729 ], [ 10.2329, 51.17987 ], [ 10.23026, 51.18432 ], [ 10.19703, 51.1947 ], [ 10.17285, 51.20607 ], [ 10.14846, 51.20695 ], [ 10.13326, 51.21295 ], [ 10.07725, 51.22488 ], [ 10.06934, 51.24364 ], [ 10.05363, 51.2517 ], [ 10.04851, 51.25775 ], [ 10.05378, 51.27101 ], [ 10.04913, 51.27656 ], [ 10.00242, 51.28597 ], [ 9.98397, 51.28578 ], [ 9.96475, 51.29992 ], [ 9.94702, 51.30395 ], [ 9.94284, 51.32658 ], [ 9.92981, 51.33966 ], [ 9.92346, 51.36028 ], [ 9.93043, 51.3717 ], [ 9.94924, 51.3818 ] ] ] } },
{ "type": "Feature", "properties": { "id": "DE-HH", "name": "Hamburg" }, "geometry": { "type": "Polygon", "coordinates": [ [ [ 9.76397, 53.54768 ], [ 9.76843, 53.50816 ], [ 9.77726, 53.50232 ], [ 9.78243, 53.49431 ], [ 9.79375, 53.48779 ], [ 9.80476, 53.46919 ], [ 9.81669, 53.45694 ], [ 9.86124, 53.43224 ], [ 9.87752, 53.44477 ], [ 9.89571, 53.44865 ], [ 9.90547, 53.44123 ], [ 9.90935, 53.41808 ], [ 9.91291, 53.4156 ], [ 9.94501, 53.42284 ], [ 9.96847, 53.41447 ], [ 9.98537, 53.41506 ], [ 10.02789, 53.42749 ], [ 10.03239, 53.44098 ], [ 10.08314, 53.4509 ], [ 10.1112, 53.4339 ], [ 10.1314, 53.43059 ], [ 10.15357, 53.41364 ], [ 10.16985, 53.40661 ], [ 10.18654, 53.40439 ], [ 10.24158, 53.40661 ], [ 10.26607, 53.42708 ], [ 10.27599, 53.4308 ], [ 10.32798, 53.43266 ], [ 10.32069, 53.45565 ], [ 10.31263, 53.45493 ], [ 10.27785, 53.47751 ], [ 10.24762, 53.48878 ], [ 10.21393, 53.51883 ], [ 10.18664, 53.52531 ], [ 10.18323, 53.52896 ], [ 10.18075, 53.54963 ], [ 10.17316, 53.57378 ], [ 10.21067, 53.58435 ], [ 10.21533, 53.6142 ], [ 10.22277, 53.63365 ], [ 10.21889, 53.64024 ], [ 10.20912, 53.64479 ], [ 10.2054, 53.66236 ], [ 10.16923, 53.67864 ], [ 10.16473, 53.68453 ], [ 10.17982, 53.70561 ], [ 10.19285, 53.7177 ], [ 10.19378, 53.72509 ], [ 10.18742, 53.72752 ], [ 10.17109, 53.7253 ], [ 10.14799, 53.71367 ], [ 10.08639, 53.71889 ], [ 10.07818, 53.7129 ], [ 10.06515, 53.68081 ], [ 10.06019, 53.67796 ], [ 10.05223, 53.67486 ], [ 10.03286, 53.67628 ], [ 10.01363, 53.673 ], [ 10.00371, 53.6668 ], [ 9.99405, 53.65143 ], [ 9.98428, 53.64688 ], [ 9.95281, 53.65037 ], [ 9.92733, 53.64567 ], [ 9.81607, 53.59311 ], [ 9.80615, 53.59905 ], [ 9.81003, 53.61786 ], [ 9.78817, 53.62758 ], [ 9.76843, 53.62918 ], [ 9.76502, 53.61887 ], [ 9.75277, 53.60789 ], [ 9.74081, 53.57257 ], [ 9.78207, 53.56973 ], [ 9.81959, 53.55663 ], [ 9.83204, 53.54361 ], [ 9.81902, 53.54035 ], [ 9.76397, 53.54768 ] ] ] } },
{ "type": "Feature", "properties": { "id": "DE-MV", "name": "Mecklenburg-Vorpommern" }, "geometry": { "type": "MultiPolygon", "coordinates": [ [ [ [ 14.2639, 53.69998 ], [ 14.24, 53.70075 ], [ 14.21274, 53.70808 ], [ 14.25953, 53.72797 ], [ 14.26743, 53.73542 ], [ 14.2645, 53.75161 ], [ 14.25017, 53.75996 ], [ 14.23414, 53.76179 ], [ 14.22657, 53.75869 ], [ 14.21469, 53.74486 ], [ 14.18653, 53.73981 ], [ 14.10613, 53.74335 ], [ 14.06886, 53.75528 ], [ 14.03745, 53.75528 ], [ 14.01734, 53.76952 ], [ 13.98422, 53.77399 ], [ 13.91066, 53.81049 ], [ 13.89991, 53.80915 ], [ 13.8838, 53.81769 ], [ 13.86915, 53.83031 ], [ 13.8628, 53.84125 ], [ 13.81707, 53.85293 ], [ 13.80812, 53.86514 ], [ 13.81853, 53.878 ], [ 13.89015, 53.91291 ], [ 13.90138, 53.92231 ], [ 13.90756, 53.93354 ], [ 13.90602, 53.94306 ], [ 13.86687, 53.95466 ], [ 13.84864, 53.95555 ], [ 13.84913, 53.9676 ], [ 13.83863, 53.98631 ], [ 13.79762, 53.99893 ], [ 13.75815, 54.03099 ], [ 13.7461, 54.03644 ], [ 13.7732, 54.04633 ], [ 13.78549, 54.06391 ], [ 13.79371, 54.0832 ], [ 13.80812, 54.09789 ], [ 13.80812, 54.10468 ], [ 13.72877, 54.14387 ], [ 13.69825, 54.15314 ], [ 13.69825, 54.15933 ], [ 13.71469, 54.16405 ], [ 13.71648, 54.16844 ], [ 13.71192, 54.17365 ], [ 13.68344, 54.16804 ], [ 13.63233, 54.14753 ], [ 13.60271, 54.13947 ], [ 13.47926, 54.12519 ], [ 13.47926, 54.11835 ], [ 13.50709, 54.09789 ], [ 13.50709, 54.09105 ], [ 13.48357, 54.09129 ], [ 13.4651, 54.09846 ], [ 13.45037, 54.11042 ], [ 13.41774, 54.15314 ], [ 13.4087, 54.15461 ], [ 13.39479, 54.14891 ], [ 13.38299, 54.15314 ], [ 13.39568, 54.16193 ], [ 13.40349, 54.17365 ], [ 13.3838, 54.17813 ], [ 13.34653, 54.16694 ], [ 13.32154, 54.16682 ], [ 13.34889, 54.18049 ], [ 13.32179, 54.19453 ], [ 13.28883, 54.23428 ], [ 13.26319, 54.2425 ], [ 13.22836, 54.24738 ], [ 13.17612, 54.26484 ], [ 13.1434, 54.26301 ], [ 13.17066, 54.26919 ], [ 13.17066, 54.2766 ], [ 13.12599, 54.2766 ], [ 13.11492, 54.28002 ], [ 13.10922, 54.31021 ], [ 13.08074, 54.33714 ], [ 13.07667, 54.35253 ], [ 13.09555, 54.37226 ], [ 13.08367, 54.37897 ], [ 13.04038, 54.39208 ], [ 13.02858, 54.40184 ], [ 13.02101, 54.41454 ], [ 13.02149, 54.42646 ], [ 13.03419, 54.43366 ], [ 13.0088, 54.43806 ], [ 12.96909, 54.42939 ], [ 12.92937, 54.41437 ], [ 12.90382, 54.3996 ], [ 12.87599, 54.36542 ], [ 12.85467, 54.35786 ], [ 12.81804, 54.35798 ], [ 12.79469, 54.37714 ], [ 12.78712, 54.39208 ], [ 12.76857, 54.38007 ], [ 12.75782, 54.37979 ], [ 12.7461, 54.38589 ], [ 12.73504, 54.37816 ], [ 12.72381, 54.38125 ], [ 12.7046, 54.3996 ], [ 12.69663, 54.38496 ], [ 12.68409, 54.37226 ], [ 12.69239, 54.39619 ], [ 12.70248, 54.40412 ], [ 12.71754, 54.4064 ], [ 12.71754, 54.4138 ], [ 12.68084, 54.41087 ], [ 12.67042, 54.4064 ], [ 12.67726, 54.39208 ], [ 12.62273, 54.37393 ], [ 12.59295, 54.36933 ], [ 12.57423, 54.3791 ], [ 12.57423, 54.37226 ], [ 12.55934, 54.37629 ], [ 12.54078, 54.37226 ], [ 12.54078, 54.36542 ], [ 12.56056, 54.35859 ], [ 12.49562, 54.34028 ], [ 12.47869, 54.33185 ], [ 12.47242, 54.31021 ], [ 12.45143, 54.30394 ], [ 12.42628, 54.28962 ], [ 12.41684, 54.28095 ], [ 12.41033, 54.26919 ], [ 12.44264, 54.25519 ], [ 12.45818, 54.25556 ], [ 12.43678, 54.24771 ], [ 12.41245, 54.25141 ], [ 12.36883, 54.26919 ], [ 12.38014, 54.27709 ], [ 12.37794, 54.28587 ], [ 12.36256, 54.31021 ], [ 12.37908, 54.31245 ], [ 12.39161, 54.32111 ], [ 12.39649, 54.33295 ], [ 12.3899, 54.34492 ], [ 12.39674, 54.35175 ], [ 12.424, 54.34492 ], [ 12.41847, 54.36066 ], [ 12.42498, 54.37592 ], [ 12.43849, 54.38752 ], [ 12.45476, 54.39208 ], [ 12.49098, 54.39008 ], [ 12.51075, 54.38426 ], [ 12.52703, 54.37226 ], [ 12.53598, 54.38373 ], [ 12.55405, 54.39081 ], [ 12.57553, 54.39199 ], [ 12.59474, 54.38589 ], [ 12.59588, 54.39151 ], [ 12.60222, 54.39208 ], [ 12.58766, 54.39403 ], [ 12.58351, 54.39785 ], [ 12.58172, 54.4064 ], [ 12.60222, 54.4138 ], [ 12.60841, 54.4064 ], [ 12.61451, 54.41975 ], [ 12.6242, 54.42292 ], [ 12.67042, 54.42007 ], [ 12.68678, 54.43163 ], [ 12.69459, 54.43366 ], [ 12.72096, 54.43159 ], [ 12.76368, 54.42219 ], [ 12.87078, 54.41682 ], [ 12.89633, 54.42007 ], [ 12.92115, 54.4335 ], [ 12.90838, 54.44465 ], [ 12.87965, 54.4488 ], [ 12.85662, 54.44111 ], [ 12.8191, 54.45173 ], [ 12.59148, 54.45173 ], [ 12.54835, 54.46206 ], [ 12.52703, 54.48212 ], [ 12.53386, 54.48212 ], [ 12.53386, 54.48827 ], [ 12.51344, 54.48225 ], [ 12.50196, 54.47358 ], [ 12.48609, 54.44733 ], [ 12.43832, 54.39582 ], [ 12.37818, 54.34492 ], [ 12.34213, 54.30394 ], [ 12.2894, 54.27509 ], [ 12.18686, 54.24335 ], [ 12.1631, 54.21992 ], [ 12.14283, 54.20917 ], [ 12.1089, 54.18301 ], [ 12.10133, 54.17365 ], [ 12.12086, 54.18 ], [ 12.14283, 54.18049 ], [ 12.13429, 54.16698 ], [ 12.10548, 54.15738 ], [ 12.09506, 54.1457 ], [ 12.10035, 54.13597 ], [ 12.10532, 54.11001 ], [ 12.115, 54.09789 ], [ 12.09164, 54.114 ], [ 12.08953, 54.13764 ], [ 12.09327, 54.16543 ], [ 12.08815, 54.19408 ], [ 12.05063, 54.17992 ], [ 11.81227, 54.14981 ], [ 11.72877, 54.15851 ], [ 11.68971, 54.15522 ], [ 11.65789, 54.14224 ], [ 11.62525, 54.10981 ], [ 11.62208, 54.09955 ], [ 11.62957, 54.09601 ], [ 11.62452, 54.08364 ], [ 11.6128, 54.0729 ], [ 11.59132, 54.06562 ], [ 11.5735, 54.03905 ], [ 11.55323, 54.03022 ], [ 11.51905, 54.03644 ], [ 11.51905, 54.03022 ], [ 11.52589, 54.03022 ], [ 11.52589, 54.02277 ], [ 11.49171, 54.00235 ], [ 11.49789, 53.98184 ], [ 11.47983, 53.97614 ], [ 11.47242, 53.96882 ], [ 11.47682, 53.9527 ], [ 11.45899, 53.91669 ], [ 11.45769, 53.90615 ], [ 11.43873, 53.90913 ], [ 11.4004, 53.93773 ], [ 11.39991, 53.94086 ], [ 11.35825, 53.94086 ], [ 11.35206, 53.94416 ], [ 11.34181, 53.95832 ], [ 11.33416, 53.96137 ], [ 11.29371, 53.94086 ], [ 11.25563, 53.94086 ], [ 11.24293, 53.94522 ], [ 11.24073, 53.95563 ], [ 11.24537, 53.97842 ], [ 11.23992, 53.98347 ], [ 11.20436, 53.98924 ], [ 11.19728, 53.99624 ], [ 11.19077, 54.01032 ], [ 11.18385, 54.01602 ], [ 11.17506, 54.01801 ], [ 11.05348, 54.00849 ], [ 11.00025, 53.9916 ], [ 10.96469, 53.98542 ], [ 10.92262, 53.96137 ], [ 10.90602, 53.96121 ], [ 10.90417, 53.93128 ], [ 10.91068, 53.92467 ], [ 10.96127, 53.9119 ], [ 10.94525, 53.90519 ], [ 10.91285, 53.90214 ], [ 10.90665, 53.90534 ], [ 10.90727, 53.91547 ], [ 10.88521, 53.91914 ], [ 10.86133, 53.90984 ], [ 10.81229, 53.88265 ], [ 10.76325, 53.86506 ], [ 10.7541, 53.85167 ], [ 10.751, 53.841 ], [ 10.76279, 53.81995 ], [ 10.771, 53.79333 ], [ 10.75782, 53.74917 ], [ 10.80594, 53.74119 ], [ 10.85746, 53.70259 ], [ 10.86552, 53.69987 ], [ 10.88629, 53.70189 ], [ 10.91456, 53.69677 ], [ 10.94277, 53.68055 ], [ 10.94649, 53.66494 ], [ 10.95647, 53.65034 ], [ 10.95316, 53.63427 ], [ 10.93983, 53.62872 ], [ 10.9406, 53.6114 ], [ 10.95378, 53.57797 ], [ 10.95301, 53.57368 ], [ 10.94231, 53.5697 ], [ 10.9544, 53.56614 ], [ 10.92898, 53.54846 ], [ 10.92386, 53.55185 ], [ 10.91719, 53.56774 ], [ 10.90774, 53.57221 ], [ 10.85777, 53.5682 ], [ 10.84144, 53.57187 ], [ 10.82965, 53.57006 ], [ 10.83338, 53.54779 ], [ 10.82392, 53.53128 ], [ 10.82252, 53.51648 ], [ 10.76015, 53.48816 ], [ 10.70429, 53.47777 ], [ 10.69096, 53.45772 ], [ 10.66904, 53.45927 ], [ 10.64083, 53.45098 ], [ 10.6354, 53.44524 ], [ 10.62579, 53.39726 ], [ 10.60124, 53.37183 ], [ 10.6755, 53.37369 ], [ 10.70971, 53.36834 ], [ 10.73157, 53.35199 ], [ 10.73462, 53.32171 ], [ 10.73943, 53.30845 ], [ 10.77514, 53.30024 ], [ 10.80733, 53.27564 ], [ 10.83927, 53.26011 ], [ 10.93022, 53.22846 ], [ 11.04008, 53.16639 ], [ 11.08943, 53.1442 ], [ 11.14343, 53.17267 ], [ 11.15615, 53.17386 ], [ 11.16452, 53.17086 ], [ 11.19434, 53.14094 ], [ 11.20136, 53.14048 ], [ 11.22467, 53.15303 ], [ 11.23971, 53.14203 ], [ 11.25583, 53.13619 ], [ 11.27409, 53.11754 ], [ 11.2963, 53.11913 ], [ 11.3523, 53.11602 ], [ 11.3943, 53.10824 ], [ 11.39897, 53.13313 ], [ 11.41453, 53.1378 ], [ 11.44719, 53.1378 ], [ 11.50164, 53.11913 ], [ 11.52808, 53.12069 ], [ 11.54831, 53.13002 ], [ 11.55524, 53.14606 ], [ 11.54517, 53.17701 ], [ 11.53214, 53.18766 ], [ 11.52951, 53.19518 ], [ 11.53571, 53.20502 ], [ 11.59963, 53.23732 ], [ 11.6541, 53.24967 ], [ 11.68841, 53.25091 ], [ 11.7002, 53.24838 ], [ 11.73187, 53.23269 ], [ 11.74431, 53.21558 ], [ 11.78632, 53.22802 ], [ 11.83921, 53.22647 ], [ 11.8361, 53.24047 ], [ 11.81595, 53.25011 ], [ 11.83362, 53.25551 ], [ 11.86098, 53.25136 ], [ 11.88432, 53.26847 ], [ 11.94008, 53.28269 ], [ 11.95899, 53.2778 ], [ 11.99632, 53.29803 ], [ 12.01188, 53.29958 ], [ 12.02121, 53.31514 ], [ 12.02277, 53.32914 ], [ 12.04921, 53.34003 ], [ 12.06374, 53.35612 ], [ 12.12286, 53.36695 ], [ 12.14833, 53.35447 ], [ 12.17903, 53.3671 ], [ 12.19195, 53.36928 ], [ 12.20358, 53.36641 ], [ 12.22637, 53.34287 ], [ 12.29649, 53.33134 ], [ 12.33917, 53.31625 ], [ 12.38667, 53.2907 ], [ 12.41519, 53.28099 ], [ 12.43013, 53.26848 ], [ 12.48149, 53.26791 ], [ 12.51219, 53.27269 ], [ 12.6236, 53.25623 ], [ 12.6373, 53.25225 ], [ 12.66427, 53.23572 ], [ 12.70618, 53.22874 ], [ 12.73099, 53.22797 ], [ 12.73967, 53.22456 ], [ 12.74215, 53.20135 ], [ 12.75336, 53.19365 ], [ 12.82349, 53.19805 ], [ 12.86643, 53.18536 ], [ 12.90601, 53.19076 ], [ 12.93289, 53.19091 ], [ 12.95319, 53.19531 ], [ 12.95924, 53.18898 ], [ 12.94405, 53.17758 ], [ 12.94591, 53.17417 ], [ 12.97536, 53.165 ], [ 13.00099, 53.16766 ], [ 13.04135, 53.19489 ], [ 13.10187, 53.22288 ], [ 13.11303, 53.24076 ], [ 13.1459, 53.2576 ], [ 13.15401, 53.25928 ], [ 13.16812, 53.25659 ], [ 13.19013, 53.23654 ], [ 13.20243, 53.23316 ], [ 13.23049, 53.23319 ], [ 13.23654, 53.25313 ], [ 13.2494, 53.27117 ], [ 13.2662, 53.2829 ], [ 13.28232, 53.28778 ], [ 13.30852, 53.28931 ], [ 13.3295, 53.28672 ], [ 13.36986, 53.27375 ], [ 13.38815, 53.27093 ], [ 13.40583, 53.27468 ], [ 13.45843, 53.30016 ], [ 13.46898, 53.30233 ], [ 13.49352, 53.31933 ], [ 13.52592, 53.36656 ], [ 13.53135, 53.38542 ], [ 13.53895, 53.39666 ], [ 13.55295, 53.4046 ], [ 13.57155, 53.41051 ], [ 13.60711, 53.41142 ], [ 13.62971, 53.42403 ], [ 13.64838, 53.44425 ], [ 13.70905, 53.47536 ], [ 13.74483, 53.47848 ], [ 13.77905, 53.47692 ], [ 13.80861, 53.4847 ], [ 13.80394, 53.49714 ], [ 13.7788, 53.52525 ], [ 13.78061, 53.54381 ], [ 13.79772, 53.54226 ], [ 13.82261, 53.51892 ], [ 13.86928, 53.50803 ], [ 13.87083, 53.48625 ], [ 13.89975, 53.45472 ], [ 13.90505, 53.44114 ], [ 13.92061, 53.42714 ], [ 13.99061, 53.43025 ], [ 14.05013, 53.42764 ], [ 14.09639, 53.41936 ], [ 14.11662, 53.43647 ], [ 14.14151, 53.43959 ], [ 14.17729, 53.4287 ], [ 14.21929, 53.43025 ], [ 14.24262, 53.42714 ], [ 14.24418, 53.4007 ], [ 14.23951, 53.38203 ], [ 14.22395, 53.36025 ], [ 14.18817, 53.32603 ], [ 14.10413, 53.29199 ], [ 14.1032, 53.27251 ], [ 14.18294, 53.26295 ], [ 14.24884, 53.25913 ], [ 14.26284, 53.26536 ], [ 14.26907, 53.27936 ], [ 14.29551, 53.28714 ], [ 14.32351, 53.30891 ], [ 14.39126, 53.33402 ], [ 14.37032, 53.3923 ], [ 14.35988, 53.44408 ], [ 14.3389, 53.46521 ], [ 14.32846, 53.48609 ], [ 14.30417, 53.50852 ], [ 14.29694, 53.52914 ], [ 14.29704, 53.59776 ], [ 14.27606, 53.63662 ], [ 14.26097, 53.65621 ], [ 14.2651, 53.67176 ], [ 14.2639, 53.69998 ] ] ], [ [ [ 14.21005, 53.93846 ], [ 14.19239, 53.94611 ], [ 14.01661, 54.06 ], [ 13.8825, 54.10244 ], [ 13.85597, 54.11835 ], [ 13.81495, 54.17365 ], [ 13.79615, 54.17829 ], [ 13.7776, 54.17402 ], [ 13.76222, 54.16446 ], [ 13.75294, 54.15314 ], [ 13.76531, 54.14191 ], [ 13.80616, 54.11664 ], [ 13.81495, 54.10126 ], [ 13.80926, 54.0751 ], [ 13.78207, 54.04214 ], [ 13.7741, 54.02277 ], [ 13.7942, 54.01813 ], [ 13.82301, 54.03791 ], [ 13.86362, 54.04999 ], [ 13.8711, 54.04865 ], [ 13.87631, 54.03644 ], [ 13.87355, 54.02997 ], [ 13.85808, 54.01577 ], [ 13.85597, 54.00235 ], [ 13.89088, 54.01016 ], [ 13.89698, 54.01227 ], [ 13.90724, 54.02749 ], [ 13.92482, 54.03644 ], [ 13.92482, 54.04389 ], [ 13.91586, 54.05638 ], [ 13.92612, 54.06403 ], [ 13.94606, 54.0666 ], [ 13.96583, 54.06379 ], [ 13.9817, 54.05634 ], [ 14.0062, 54.03229 ], [ 14.01433, 54.01602 ], [ 14.03745, 54.02171 ], [ 14.05128, 54.00507 ], [ 14.05307, 53.97842 ], [ 14.04029, 53.95384 ], [ 14.04835, 53.94086 ], [ 14.01433, 53.94709 ], [ 14.01857, 53.95637 ], [ 14.02784, 53.96137 ], [ 13.98748, 53.96141 ], [ 13.97462, 53.95734 ], [ 13.95899, 53.94086 ], [ 13.9603, 53.95673 ], [ 13.96827, 53.97626 ], [ 13.96583, 53.98184 ], [ 13.97267, 53.98924 ], [ 13.95484, 53.9936 ], [ 13.90447, 53.99543 ], [ 13.90187, 53.96979 ], [ 13.93898, 53.92821 ], [ 13.93165, 53.89932 ], [ 13.92237, 53.89338 ], [ 13.88771, 53.88154 ], [ 13.85548, 53.87739 ], [ 13.82179, 53.86514 ], [ 13.8401, 53.85029 ], [ 13.87525, 53.84406 ], [ 13.93849, 53.84467 ], [ 13.99586, 53.85375 ], [ 14.02508, 53.86384 ], [ 14.04835, 53.87938 ], [ 14.06511, 53.87238 ], [ 14.08741, 53.87043 ], [ 14.20082, 53.87816 ], [ 14.19276, 53.89377 ], [ 14.17529, 53.90648 ], [ 14.19307, 53.91149 ], [ 14.21005, 53.93846 ] ] ], [ [ [ 11.37566, 53.98184 ], [ 11.40707, 53.96821 ], [ 11.42311, 53.96772 ], [ 11.43775, 53.975 ], [ 11.43328, 53.98876 ], [ 11.43873, 53.99726 ], [ 11.44703, 53.99714 ], [ 11.45143, 53.98554 ], [ 11.44451, 53.96809 ], [ 11.44532, 53.96113 ], [ 11.45769, 53.96137 ], [ 11.46827, 53.97069 ], [ 11.49789, 54.02277 ], [ 11.46803, 54.03095 ], [ 11.42661, 54.02294 ], [ 11.39039, 54.00458 ], [ 11.37566, 53.98184 ] ] ], [ [ [ 11.52849, 54.0751 ], [ 11.53395, 54.05695 ], [ 11.53956, 54.05695 ], [ 11.55274, 54.07307 ], [ 11.59897, 54.09805 ], [ 11.6159, 54.11213 ], [ 11.6019, 54.10415 ], [ 11.53395, 54.08487 ], [ 11.52849, 54.0751 ] ] ], [ [ [ 13.1434, 54.59813 ], [ 13.1434, 54.5777 ], [ 13.14967, 54.5777 ], [ 13.14967, 54.59138 ], [ 13.15707, 54.58796 ], [ 13.15724, 54.59907 ], [ 13.15105, 54.60493 ], [ 13.10963, 54.60309 ], [ 13.10231, 54.5961 ], [ 13.09555, 54.57079 ], [ 13.06422, 54.50511 ], [ 13.06137, 54.46845 ], [ 13.06821, 54.46845 ], [ 13.06959, 54.48965 ], [ 13.07504, 54.50943 ], [ 13.08107, 54.51716 ], [ 13.10255, 54.52993 ], [ 13.11215, 54.55069 ], [ 13.11313, 54.57005 ], [ 13.11891, 54.58641 ], [ 13.1434, 54.59813 ] ] ], [ [ [ 13.69825, 54.39208 ], [ 13.67742, 54.40082 ], [ 13.63006, 54.40754 ], [ 13.60955, 54.4138 ], [ 13.5879, 54.43757 ], [ 13.57911, 54.45506 ], [ 13.57545, 54.47187 ], [ 13.58481, 54.48652 ], [ 13.60678, 54.49897 ], [ 13.65113, 54.51626 ], [ 13.67726, 54.54047 ], [ 13.67066, 54.56623 ], [ 13.64047, 54.58568 ], [ 13.59596, 54.59138 ], [ 13.46632, 54.57689 ], [ 13.42457, 54.58515 ], [ 13.40773, 54.59341 ], [ 13.39454, 54.60444 ], [ 13.386, 54.61864 ], [ 13.38299, 54.63638 ], [ 13.39088, 54.65054 ], [ 13.44508, 54.6739 ], [ 13.44508, 54.68008 ], [ 13.41871, 54.68842 ], [ 13.3908, 54.68818 ], [ 13.25359, 54.66503 ], [ 13.23097, 54.65331 ], [ 13.22535, 54.64655 ], [ 13.22478, 54.63496 ], [ 13.23121, 54.63386 ], [ 13.24586, 54.6398 ], [ 13.29054, 54.64655 ], [ 13.29347, 54.64228 ], [ 13.28395, 54.61929 ], [ 13.26987, 54.6118 ], [ 13.25685, 54.59492 ], [ 13.24977, 54.57648 ], [ 13.25327, 54.56464 ], [ 13.27329, 54.56094 ], [ 13.30836, 54.57958 ], [ 13.3318, 54.58784 ], [ 13.34791, 54.60082 ], [ 13.36915, 54.61213 ], [ 13.39926, 54.57958 ], [ 13.42384, 54.57453 ], [ 13.44142, 54.5572 ], [ 13.48658, 54.5572 ], [ 13.50831, 54.57038 ], [ 13.52076, 54.57079 ], [ 13.52076, 54.56464 ], [ 13.49969, 54.5572 ], [ 13.49969, 54.55036 ], [ 13.5075, 54.54466 ], [ 13.52076, 54.52367 ], [ 13.52076, 54.51626 ], [ 13.50929, 54.50898 ], [ 13.49969, 54.49575 ], [ 13.50709, 54.48827 ], [ 13.45558, 54.48749 ], [ 13.43067, 54.49274 ], [ 13.4109, 54.50943 ], [ 13.41733, 54.52456 ], [ 13.37672, 54.56464 ], [ 13.36313, 54.5572 ], [ 13.36313, 54.55036 ], [ 13.38982, 54.54291 ], [ 13.3838, 54.53189 ], [ 13.37485, 54.52558 ], [ 13.34889, 54.52367 ], [ 13.36313, 54.54291 ], [ 13.35385, 54.54987 ], [ 13.34205, 54.55036 ], [ 13.35825, 54.56476 ], [ 13.3694, 54.58515 ], [ 13.33367, 54.57307 ], [ 13.30104, 54.55036 ], [ 13.30926, 54.53482 ], [ 13.30551, 54.52342 ], [ 13.29786, 54.51968 ], [ 13.28826, 54.53994 ], [ 13.2649, 54.5478 ], [ 13.25953, 54.55378 ], [ 13.24293, 54.55598 ], [ 13.16635, 54.54938 ], [ 13.1434, 54.54291 ], [ 13.15886, 54.54068 ], [ 13.16603, 54.51911 ], [ 13.18539, 54.50829 ], [ 13.23276, 54.51626 ], [ 13.23365, 54.50922 ], [ 13.22535, 54.50194 ], [ 13.23325, 54.49307 ], [ 13.27312, 54.48212 ], [ 13.25953, 54.47529 ], [ 13.25953, 54.46845 ], [ 13.18181, 54.45303 ], [ 13.15699, 54.42683 ], [ 13.20143, 54.43366 ], [ 13.2116, 54.4311 ], [ 13.22535, 54.42084 ], [ 13.23902, 54.42007 ], [ 13.23439, 54.40339 ], [ 13.23927, 54.39362 ], [ 13.25115, 54.38691 ], [ 13.26686, 54.38589 ], [ 13.23715, 54.37397 ], [ 13.22332, 54.3725 ], [ 13.21168, 54.3791 ], [ 13.20484, 54.37226 ], [ 13.17433, 54.38398 ], [ 13.14894, 54.37726 ], [ 13.12924, 54.35956 ], [ 13.11549, 54.33808 ], [ 13.1775, 54.31021 ], [ 13.1775, 54.30394 ], [ 13.16228, 54.30768 ], [ 13.14894, 54.30475 ], [ 13.14283, 54.298 ], [ 13.14967, 54.29027 ], [ 13.19028, 54.29975 ], [ 13.20484, 54.29719 ], [ 13.19923, 54.28441 ], [ 13.21013, 54.27582 ], [ 13.24244, 54.26919 ], [ 13.26791, 54.2565 ], [ 13.28419, 54.26284 ], [ 13.31471, 54.26301 ], [ 13.30787, 54.26919 ], [ 13.32057, 54.27839 ], [ 13.33522, 54.28351 ], [ 13.31951, 54.25642 ], [ 13.31153, 54.25113 ], [ 13.34702, 54.23745 ], [ 13.40724, 54.22822 ], [ 13.42302, 54.23273 ], [ 13.42506, 54.24323 ], [ 13.41774, 54.26606 ], [ 13.4109, 54.26789 ], [ 13.36313, 54.26301 ], [ 13.36964, 54.26065 ], [ 13.3694, 54.25556 ], [ 13.35572, 54.24872 ], [ 13.35963, 54.27546 ], [ 13.3816, 54.28221 ], [ 13.4061, 54.28522 ], [ 13.42888, 54.31094 ], [ 13.49969, 54.34492 ], [ 13.59929, 54.35175 ], [ 13.6268, 54.3391 ], [ 13.65008, 54.35244 ], [ 13.69093, 54.35175 ], [ 13.69093, 54.34492 ], [ 13.67213, 54.34032 ], [ 13.61695, 54.31761 ], [ 13.63673, 54.32551 ], [ 13.65992, 54.32978 ], [ 13.71192, 54.33185 ], [ 13.70362, 54.32046 ], [ 13.68824, 54.3133 ], [ 13.65113, 54.30394 ], [ 13.65113, 54.29719 ], [ 13.67945, 54.29401 ], [ 13.71192, 54.30394 ], [ 13.71599, 54.29328 ], [ 13.71192, 54.28657 ], [ 13.69093, 54.28351 ], [ 13.72316, 54.27839 ], [ 13.73015, 54.31684 ], [ 13.74008, 54.32982 ], [ 13.76645, 54.34492 ], [ 13.74195, 54.35049 ], [ 13.72486, 54.36359 ], [ 13.69825, 54.39208 ] ] ] ] } },
{ "type": "Feature", "properties": { "id": "DE-NI", "name": "Niedersachsen" }, "geometry": { "type": "MultiPolygon", "coordinates": [ [ [ [ 7.06198, 52.82401 ], [ 7.0533, 52.79058 ], [ 7.04399, 52.68263 ], [ 7.03666, 52.64738 ], [ 7.01847, 52.62599 ], [ 6.96772, 52.63666 ], [ 6.91842, 52.63219 ], [ 6.8654, 52.64196 ], [ 6.77052, 52.64103 ], [ 6.73704, 52.6347 ], [ 6.70179, 52.61911 ], [ 6.71016, 52.60865 ], [ 6.70365, 52.59139 ], [ 6.70396, 52.58307 ], [ 6.74375, 52.55971 ], [ 6.68825, 52.54258 ], [ 6.67172, 52.54168 ], [ 6.68402, 52.52599 ], [ 6.68898, 52.49052 ], [ 6.69507, 52.47561 ], [ 6.71481, 52.46155 ], [ 6.74117, 52.45367 ], [ 6.82034, 52.44683 ], [ 6.87201, 52.43473 ], [ 6.90023, 52.43192 ], [ 6.95149, 52.43747 ], [ 6.9733, 52.45137 ], [ 7.03417, 52.39078 ], [ 7.04823, 52.36507 ], [ 7.03976, 52.32862 ], [ 7.01247, 52.28495 ], [ 7.01185, 52.26663 ], [ 7.02074, 52.24526 ], [ 7.0266, 52.23862 ], [ 7.05309, 52.23792 ], [ 7.09438, 52.2487 ], [ 7.12151, 52.26265 ], [ 7.25917, 52.26616 ], [ 7.30057, 52.2718 ], [ 7.36811, 52.30265 ], [ 7.39834, 52.30732 ], [ 7.41648, 52.31396 ], [ 7.46738, 52.34639 ], [ 7.51363, 52.37003 ], [ 7.53332, 52.3735 ], [ 7.56159, 52.37184 ], [ 7.57569, 52.38293 ], [ 7.59058, 52.41032 ], [ 7.6021, 52.41541 ], [ 7.59388, 52.42517 ], [ 7.58623, 52.42755 ], [ 7.58189, 52.43639 ], [ 7.59404, 52.46832 ], [ 7.60117, 52.47447 ], [ 7.60908, 52.47556 ], [ 7.6806, 52.46202 ], [ 7.69207, 52.45328 ], [ 7.70292, 52.41334 ], [ 7.70979, 52.40734 ], [ 7.73413, 52.40192 ], [ 7.80178, 52.3758 ], [ 7.8226, 52.36326 ], [ 7.8949, 52.37861 ], [ 7.90575, 52.37727 ], [ 7.94223, 52.34761 ], [ 7.97277, 52.31464 ], [ 7.96998, 52.31004 ], [ 7.93588, 52.30637 ], [ 7.92968, 52.30301 ], [ 7.93278, 52.29118 ], [ 7.94626, 52.27428 ], [ 7.91629, 52.25069 ], [ 7.92544, 52.23035 ], [ 7.91738, 52.22007 ], [ 7.9042, 52.21146 ], [ 7.90063, 52.20493 ], [ 7.90777, 52.19831 ], [ 7.93433, 52.19485 ], [ 7.93867, 52.1841 ], [ 7.9475, 52.17981 ], [ 7.9905, 52.18175 ], [ 8.01375, 52.17596 ], [ 8.01747, 52.17413 ], [ 8.01732, 52.17005 ], [ 8.00352, 52.15087 ], [ 7.99019, 52.12323 ], [ 7.94719, 52.11871 ], [ 7.92218, 52.11155 ], [ 7.89319, 52.09517 ], [ 7.89164, 52.08977 ], [ 7.91242, 52.05602 ], [ 7.96983, 52.03853 ], [ 7.97944, 52.04039 ], [ 8.0229, 52.06615 ], [ 8.03825, 52.07072 ], [ 8.07458, 52.0747 ], [ 8.11044, 52.06654 ], [ 8.18103, 52.08307 ], [ 8.21147, 52.09667 ], [ 8.23472, 52.11615 ], [ 8.26687, 52.13361 ], [ 8.39363, 52.11126 ], [ 8.40076, 52.11243 ], [ 8.40789, 52.1156 ], [ 8.41828, 52.13372 ], [ 8.42603, 52.14098 ], [ 8.47584, 52.16167 ], [ 8.49186, 52.1762 ], [ 8.4976, 52.18919 ], [ 8.46391, 52.20477 ], [ 8.46096, 52.21433 ], [ 8.46019, 52.3042 ], [ 8.44964, 52.3381 ], [ 8.44096, 52.35376 ], [ 8.42773, 52.36678 ], [ 8.3989, 52.37959 ], [ 8.33389, 52.39835 ], [ 8.32133, 52.41024 ], [ 8.30144, 52.45111 ], [ 8.36691, 52.4414 ], [ 8.4237, 52.446 ], [ 8.44809, 52.45463 ], [ 8.45399, 52.4615 ], [ 8.46391, 52.48977 ], [ 8.49667, 52.50651 ], [ 8.56649, 52.50713 ], [ 8.58261, 52.50912 ], [ 8.63211, 52.52393 ], [ 8.64281, 52.52406 ], [ 8.65961, 52.51984 ], [ 8.67619, 52.51101 ], [ 8.70363, 52.48016 ], [ 8.7072, 52.4647 ], [ 8.70472, 52.44254 ], [ 8.71061, 52.4321 ], [ 8.70674, 52.40729 ], [ 8.71108, 52.39861 ], [ 8.82673, 52.38879 ], [ 8.85913, 52.39104 ], [ 8.89437, 52.39995 ], [ 8.96124, 52.40908 ], [ 8.9693, 52.41634 ], [ 8.98403, 52.44476 ], [ 8.99912, 52.46277 ], [ 9.02563, 52.47956 ], [ 9.08118, 52.49757 ], [ 9.09669, 52.49545 ], [ 9.11271, 52.4816 ], [ 9.13162, 52.47675 ], [ 9.13456, 52.47184 ], [ 9.13022, 52.46455 ], [ 9.10898, 52.45153 ], [ 9.11084, 52.44207 ], [ 9.12836, 52.40846 ], [ 9.09545, 52.37572 ], [ 9.0739, 52.34874 ], [ 9.04919, 52.3398 ], [ 9.0078, 52.33923 ], [ 8.99509, 52.32249 ], [ 8.98248, 52.26792 ], [ 8.98667, 52.26048 ], [ 8.99271, 52.25686 ], [ 9.07266, 52.23919 ], [ 9.04191, 52.22379 ], [ 9.0385, 52.21862 ], [ 9.04578, 52.20444 ], [ 9.04594, 52.19408 ], [ 9.01943, 52.19408 ], [ 8.98806, 52.18849 ], [ 9.00749, 52.15594 ], [ 9.00734, 52.14948 ], [ 8.99648, 52.1341 ], [ 9.06397, 52.13803 ], [ 9.13549, 52.13191 ], [ 9.14294, 52.12899 ], [ 9.14635, 52.12589 ], [ 9.14092, 52.10767 ], [ 9.14929, 52.10219 ], [ 9.17709, 52.09486 ], [ 9.18826, 52.08504 ], [ 9.1895, 52.07902 ], [ 9.18826, 52.07217 ], [ 9.17663, 52.05677 ], [ 9.1988, 52.01695 ], [ 9.19601, 52.00918 ], [ 9.1774, 51.99768 ], [ 9.17632, 51.99001 ], [ 9.17105, 51.98597 ], [ 9.18454, 51.97936 ], [ 9.21916, 51.97032 ], [ 9.22365, 51.9714 ], [ 9.22784, 51.97988 ], [ 9.24334, 51.98375 ], [ 9.28603, 51.97277 ], [ 9.28587, 51.96497 ], [ 9.27471, 51.9375 ], [ 9.25528, 51.92236 ], [ 9.30215, 51.92324 ], [ 9.32587, 51.91611 ], [ 9.3346, 51.90577 ], [ 9.33832, 51.89342 ], [ 9.33615, 51.88226 ], [ 9.32199, 51.85627 ], [ 9.33212, 51.85477 ], [ 9.36561, 51.86149 ], [ 9.41031, 51.86035 ], [ 9.45516, 51.8682 ], [ 9.46121, 51.86536 ], [ 9.4561, 51.85575 ], [ 9.44008, 51.84076 ], [ 9.44416, 51.83523 ], [ 9.46214, 51.83012 ], [ 9.45284, 51.82097 ], [ 9.45191, 51.79777 ], [ 9.43372, 51.7672 ], [ 9.40659, 51.75322 ], [ 9.40132, 51.74268 ], [ 9.39109, 51.73385 ], [ 9.39, 51.71726 ], [ 9.39357, 51.70062 ], [ 9.38721, 51.6894 ], [ 9.39, 51.67775 ], [ 9.38638, 51.67178 ], [ 9.37476, 51.66501 ], [ 9.37305, 51.64726 ], [ 9.37879, 51.64039 ], [ 9.39372, 51.64005 ], [ 9.44008, 51.64904 ], [ 9.4485, 51.64403 ], [ 9.46679, 51.65501 ], [ 9.48292, 51.65468 ], [ 9.49036, 51.6493 ], [ 9.49206, 51.63426 ], [ 9.49955, 51.6301 ], [ 9.52793, 51.62879 ], [ 9.54932, 51.64026 ], [ 9.56472, 51.63039 ], [ 9.58534, 51.626 ], [ 9.62089, 51.63111 ], [ 9.63097, 51.61721 ], [ 9.65438, 51.60817 ], [ 9.66647, 51.58497 ], [ 9.68606, 51.57194 ], [ 9.67737, 51.56078 ], [ 9.67133, 51.55928 ], [ 9.64399, 51.57192 ], [ 9.63779, 51.57215 ], [ 9.63391, 51.566 ], [ 9.64477, 51.55003 ], [ 9.63655, 51.54843 ], [ 9.61965, 51.55249 ], [ 9.61252, 51.52368 ], [ 9.59479, 51.5182 ], [ 9.6164, 51.48378 ], [ 9.62787, 51.47417 ], [ 9.63825, 51.4703 ], [ 9.63004, 51.45841 ], [ 9.63701, 51.4474 ], [ 9.63469, 51.43402 ], [ 9.63856, 51.4087 ], [ 9.63624, 51.40374 ], [ 9.63252, 51.40095 ], [ 9.59681, 51.39702 ], [ 9.57898, 51.39759 ], [ 9.56286, 51.38136 ], [ 9.57123, 51.36839 ], [ 9.57092, 51.36139 ], [ 9.53475, 51.36658 ], [ 9.54126, 51.35831 ], [ 9.56937, 51.34234 ], [ 9.65593, 51.3195 ], [ 9.66947, 51.31956 ], [ 9.68264, 51.31496 ], [ 9.71148, 51.29152 ], [ 9.72202, 51.29046 ], [ 9.73355, 51.29325 ], [ 9.76951, 51.31488 ], [ 9.77308, 51.31904 ], [ 9.77339, 51.32669 ], [ 9.78476, 51.3387 ], [ 9.77525, 51.34188 ], [ 9.75075, 51.33134 ], [ 9.71892, 51.35069 ], [ 9.71257, 51.3626 ], [ 9.76796, 51.38565 ], [ 9.79204, 51.39035 ], [ 9.80166, 51.3972 ], [ 9.79638, 51.40839 ], [ 9.80801, 51.40725 ], [ 9.83282, 51.39759 ], [ 9.84915, 51.3765 ], [ 9.86093, 51.37206 ], [ 9.8755, 51.38172 ], [ 9.86279, 51.40154 ], [ 9.86279, 51.4087 ], [ 9.88496, 51.41118 ], [ 9.89757, 51.41908 ], [ 9.90423, 51.41697 ], [ 9.90578, 51.40368 ], [ 9.94924, 51.3818 ], [ 10.01146, 51.41676 ], [ 10.03208, 51.4242 ], [ 10.04169, 51.43226 ], [ 10.06918, 51.42007 ], [ 10.08469, 51.43107 ], [ 10.1497, 51.4318 ], [ 10.14675, 51.44063 ], [ 10.17223, 51.44934 ], [ 10.18199, 51.46136 ], [ 10.18137, 51.47187 ], [ 10.18959, 51.47789 ], [ 10.20959, 51.47949 ], [ 10.2161, 51.47231 ], [ 10.22277, 51.47004 ], [ 10.23956, 51.4721 ], [ 10.29124, 51.49128 ], [ 10.29868, 51.50409 ], [ 10.30643, 51.51055 ], [ 10.33511, 51.5212 ], [ 10.34136, 51.52895 ], [ 10.35764, 51.53639 ], [ 10.36462, 51.54244 ], [ 10.37795, 51.56631 ], [ 10.37935, 51.57468 ], [ 10.37423, 51.58176 ], [ 10.37485, 51.58574 ], [ 10.43102, 51.5907 ], [ 10.47882, 51.57471 ], [ 10.51422, 51.55628 ], [ 10.55747, 51.55659 ], [ 10.61845, 51.57344 ], [ 10.6244, 51.57316 ], [ 10.6416, 51.56215 ], [ 10.64998, 51.56249 ], [ 10.65339, 51.56579 ], [ 10.65416, 51.57825 ], [ 10.6292, 51.60099 ], [ 10.63137, 51.60703 ], [ 10.64889, 51.61974 ], [ 10.69762, 51.63737 ], [ 10.66904, 51.66987 ], [ 10.6692, 51.69297 ], [ 10.66408, 51.70723 ], [ 10.64424, 51.72134 ], [ 10.63013, 51.73839 ], [ 10.61923, 51.75855 ], [ 10.58528, 51.77793 ], [ 10.57784, 51.80521 ], [ 10.58218, 51.84774 ], [ 10.60435, 51.85632 ], [ 10.61442, 51.86619 ], [ 10.62874, 51.87146 ], [ 10.6399, 51.88355 ], [ 10.64114, 51.89156 ], [ 10.63525, 51.91156 ], [ 10.61504, 51.92071 ], [ 10.61303, 51.92453 ], [ 10.61814, 51.94344 ], [ 10.64548, 51.95709 ], [ 10.62936, 51.9583 ], [ 10.61535, 51.9684 ], [ 10.59024, 51.97616 ], [ 10.58776, 51.98535 ], [ 10.57117, 52.00034 ], [ 10.57008, 52.0068 ], [ 10.58001, 52.01031 ], [ 10.60931, 52.0082 ], [ 10.62161, 52.01052 ], [ 10.65122, 52.0298 ], [ 10.65246, 52.04261 ], [ 10.66083, 52.04473 ], [ 10.71747, 52.05023 ], [ 10.85033, 52.05026 ], [ 10.89621, 52.05853 ], [ 10.96298, 52.05982 ], [ 10.96996, 52.06892 ], [ 10.96934, 52.08354 ], [ 10.94944, 52.09367 ], [ 10.94882, 52.09974 ], [ 10.95812, 52.10483 ], [ 11.01383, 52.11894 ], [ 11.0483, 52.13971 ], [ 11.05791, 52.15284 ], [ 11.05434, 52.16839 ], [ 11.02721, 52.17754 ], [ 11.01931, 52.18687 ], [ 11.0207, 52.19405 ], [ 11.02907, 52.20612 ], [ 11.03745, 52.21146 ], [ 11.07827, 52.221 ], [ 11.08509, 52.23071 ], [ 11.08447, 52.24366 ], [ 11.07842, 52.25097 ], [ 11.07346, 52.25076 ], [ 11.06365, 52.24368 ], [ 11.0607, 52.26141 ], [ 11.04458, 52.26177 ], [ 11.01476, 52.2874 ], [ 11.01569, 52.29169 ], [ 11.03202, 52.30138 ], [ 11.03372, 52.30647 ], [ 11.02287, 52.32164 ], [ 11.00298, 52.32885 ], [ 10.99926, 52.34032 ], [ 11.00143, 52.34373 ], [ 11.019, 52.34874 ], [ 11.0638, 52.35383 ], [ 11.06912, 52.35846 ], [ 11.073, 52.37218 ], [ 11.06695, 52.37975 ], [ 11.0376, 52.39484 ], [ 11.01073, 52.40347 ], [ 10.93905, 52.46212 ], [ 10.94138, 52.47644 ], [ 10.95254, 52.49442 ], [ 10.97135, 52.49959 ], [ 11.00174, 52.49814 ], [ 10.99414, 52.50899 ], [ 10.95368, 52.54548 ], [ 10.94649, 52.56294 ], [ 10.94836, 52.58894 ], [ 10.9743, 52.60831 ], [ 10.97678, 52.61627 ], [ 10.95719, 52.62252 ], [ 10.93735, 52.61384 ], [ 10.9282, 52.6142 ], [ 10.8849, 52.65141 ], [ 10.83694, 52.71027 ], [ 10.82175, 52.71606 ], [ 10.81121, 52.71606 ], [ 10.80097, 52.72247 ], [ 10.79384, 52.74794 ], [ 10.77426, 52.76169 ], [ 10.75689, 52.78649 ], [ 10.76015, 52.80135 ], [ 10.75674, 52.81817 ], [ 10.76046, 52.82649 ], [ 10.7586, 52.8351 ], [ 10.76201, 52.83838 ], [ 10.79539, 52.84634 ], [ 10.88552, 52.84716 ], [ 10.94169, 52.85907 ], [ 10.96065, 52.86515 ], [ 10.98933, 52.88212 ], [ 10.99306, 52.886 ], [ 10.99879, 52.90587 ], [ 11.01466, 52.91186 ], [ 11.05078, 52.91227 ], [ 11.10664, 52.9006 ], [ 11.16529, 52.90326 ], [ 11.21356, 52.89775 ], [ 11.2379, 52.88786 ], [ 11.2533, 52.87615 ], [ 11.28446, 52.8853 ], [ 11.31288, 52.8838 ], [ 11.3737, 52.89956 ], [ 11.40874, 52.90525 ], [ 11.47039, 52.94008 ], [ 11.50016, 52.94261 ], [ 11.50202, 52.94416 ], [ 11.49628, 52.9694 ], [ 11.50682, 53.00113 ], [ 11.51509, 53.00674 ], [ 11.55199, 53.00565 ], [ 11.56191, 53.01002 ], [ 11.58134, 53.04286 ], [ 11.5323, 53.05464 ], [ 11.4907, 53.06074 ], [ 11.46093, 53.07942 ], [ 11.43794, 53.08384 ], [ 11.41685, 53.08089 ], [ 11.38425, 53.06712 ], [ 11.36564, 53.064 ], [ 11.34415, 53.06632 ], [ 11.32761, 53.07242 ], [ 11.29092, 53.09852 ], [ 11.25583, 53.13619 ], [ 11.23971, 53.14203 ], [ 11.22467, 53.15303 ], [ 11.20136, 53.14048 ], [ 11.19434, 53.14094 ], [ 11.16452, 53.17086 ], [ 11.15615, 53.17386 ], [ 11.14343, 53.17267 ], [ 11.08943, 53.1442 ], [ 11.04008, 53.16639 ], [ 10.93022, 53.22846 ], [ 10.83927, 53.26011 ], [ 10.80733, 53.27564 ], [ 10.77514, 53.30024 ], [ 10.73943, 53.30845 ], [ 10.73462, 53.32171 ], [ 10.73157, 53.35199 ], [ 10.70971, 53.36834 ], [ 10.6755, 53.37369 ], [ 10.60124, 53.37183 ], [ 10.56952, 53.36387 ], [ 10.52838, 53.3724 ], [ 10.38643, 53.42387 ], [ 10.35051, 53.43204 ], [ 10.28535, 53.43266 ], [ 10.26607, 53.42708 ], [ 10.24158, 53.40661 ], [ 10.18654, 53.40439 ], [ 10.16985, 53.40661 ], [ 10.15357, 53.41364 ], [ 10.1314, 53.43059 ], [ 10.1112, 53.4339 ], [ 10.08314, 53.4509 ], [ 10.03239, 53.44098 ], [ 10.02789, 53.42749 ], [ 9.97529, 53.41405 ], [ 9.94501, 53.42284 ], [ 9.91291, 53.4156 ], [ 9.90935, 53.41808 ], [ 9.90547, 53.44123 ], [ 9.89571, 53.44865 ], [ 9.88279, 53.44723 ], [ 9.86511, 53.43341 ], [ 9.85721, 53.43286 ], [ 9.81669, 53.45694 ], [ 9.80476, 53.46919 ], [ 9.79375, 53.48779 ], [ 9.78243, 53.49431 ], [ 9.77726, 53.50232 ], [ 9.76843, 53.50816 ], [ 9.76397, 53.54768 ], [ 9.69663, 53.55663 ], [ 9.63722, 53.581 ], [ 9.60092, 53.58633 ], [ 9.58237, 53.59129 ], [ 9.56707, 53.5996 ], [ 9.49838, 53.65986 ], [ 9.48471, 53.69009 ], [ 9.47096, 53.70063 ], [ 9.44288, 53.7143 ], [ 9.40268, 53.74242 ], [ 9.30535, 53.84455 ], [ 9.27467, 53.86514 ], [ 9.22429, 53.86591 ], [ 9.2107, 53.87198 ], [ 9.19361, 53.86469 ], [ 9.11451, 53.86514 ], [ 9.035, 53.85358 ], [ 9.01629, 53.84052 ], [ 8.97625, 53.84243 ], [ 8.90358, 53.83173 ], [ 8.86069, 53.831 ], [ 8.78248, 53.84247 ], [ 8.74464, 53.85415 ], [ 8.70916, 53.87198 ], [ 8.68458, 53.8885 ], [ 8.65187, 53.89248 ], [ 8.62924, 53.88939 ], [ 8.60711, 53.88154 ], [ 8.58758, 53.87043 ], [ 8.57325, 53.85765 ], [ 8.55616, 53.83096 ], [ 8.52963, 53.7707 ], [ 8.4922, 53.71516 ], [ 8.48609, 53.70043 ], [ 8.4839, 53.68358 ], [ 8.48707, 53.66694 ], [ 8.50123, 53.64419 ], [ 8.51304, 53.6171 ], [ 8.56245, 53.60626 ], [ 8.63087, 53.60396 ], [ 8.62018, 53.58761 ], [ 8.62359, 53.57709 ], [ 8.63521, 53.55988 ], [ 8.64266, 53.5319 ], [ 8.63909, 53.51666 ], [ 8.62359, 53.50221 ], [ 8.60281, 53.49048 ], [ 8.59501, 53.49219 ], [ 8.58834, 53.50017 ], [ 8.57827, 53.49924 ], [ 8.573, 53.50185 ], [ 8.5572, 53.51994 ], [ 8.53582, 53.50617 ], [ 8.51287, 53.49649 ], [ 8.49757, 53.47476 ], [ 8.49676, 53.44526 ], [ 8.50733, 53.3828 ], [ 8.50441, 53.35806 ], [ 8.4909, 53.37645 ], [ 8.48504, 53.40119 ], [ 8.4839, 53.45734 ], [ 8.49, 53.4864 ], [ 8.5062, 53.50796 ], [ 8.52817, 53.52391 ], [ 8.55209, 53.5362 ], [ 8.55209, 53.54361 ], [ 8.51344, 53.55475 ], [ 8.42807, 53.56476 ], [ 8.38771, 53.57713 ], [ 8.34848, 53.61286 ], [ 8.32936, 53.61811 ], [ 8.28761, 53.61689 ], [ 8.27068, 53.61286 ], [ 8.25733, 53.60444 ], [ 8.24887, 53.59028 ], [ 8.23121, 53.52521 ], [ 8.25221, 53.5231 ], [ 8.29151, 53.52936 ], [ 8.32049, 53.50922 ], [ 8.31511, 53.47492 ], [ 8.29282, 53.4405 ], [ 8.27174, 53.4195 ], [ 8.25945, 53.4123 ], [ 8.2365, 53.40672 ], [ 8.21974, 53.40644 ], [ 8.20533, 53.41071 ], [ 8.1867, 53.42951 ], [ 8.15235, 53.44977 ], [ 8.14064, 53.4536 ], [ 8.12387, 53.45401 ], [ 8.09978, 53.44741 ], [ 8.08619, 53.45612 ], [ 8.05877, 53.50202 ], [ 8.07635, 53.50861 ], [ 8.11573, 53.51073 ], [ 8.15545, 53.52603 ], [ 8.16489, 53.53522 ], [ 8.16798, 53.55321 ], [ 8.15675, 53.56367 ], [ 8.11915, 53.57193 ], [ 8.12761, 53.58462 ], [ 8.12761, 53.59077 ], [ 8.09409, 53.60472 ], [ 8.05291, 53.6363 ], [ 8.02491, 53.67255 ], [ 8.03142, 53.70808 ], [ 7.95143, 53.72191 ], [ 7.65138, 53.69697 ], [ 7.50392, 53.67866 ], [ 7.48024, 53.68203 ], [ 7.45883, 53.69514 ], [ 7.30502, 53.6848 ], [ 7.22608, 53.66649 ], [ 7.18898, 53.6435 ], [ 7.16944, 53.63548 ], [ 7.13315, 53.61127 ], [ 7.10092, 53.59789 ], [ 7.08676, 53.58686 ], [ 7.08888, 53.57372 ], [ 7.1019, 53.56574 ], [ 7.13111, 53.55695 ], [ 7.13998, 53.54979 ], [ 7.14177, 53.53718 ], [ 7.13453, 53.52741 ], [ 7.12501, 53.52436 ], [ 7.11964, 53.5163 ], [ 7.05974, 53.52171 ], [ 7.05144, 53.5126 ], [ 7.04705, 53.49771 ], [ 7.02768, 53.46735 ], [ 7.02329, 53.45051 ], [ 7.02361, 53.37641 ], [ 7.03826, 53.34858 ], [ 7.07521, 53.33759 ], [ 7.30291, 53.33275 ], [ 7.34254, 53.32404 ], [ 7.36655, 53.3028 ], [ 7.31316, 53.3205 ], [ 7.29151, 53.32392 ], [ 7.26832, 53.32368 ], [ 7.25473, 53.31953 ], [ 7.2295, 53.29658 ], [ 7.23699, 53.28555 ], [ 7.23357, 53.27363 ], [ 7.21583, 53.2556 ], [ 7.19459, 53.24502 ], [ 7.19851, 53.20058 ], [ 7.19541, 53.185 ], [ 7.17194, 53.13771 ], [ 7.17267, 53.12575 ], [ 7.18507, 53.10544 ], [ 7.19437, 53.03384 ], [ 7.19282, 52.99801 ], [ 7.18362, 52.96612 ], [ 7.16192, 52.93264 ], [ 7.07986, 52.85442 ], [ 7.06198, 52.82401 ] ], [ [ 8.56447, 53.21179 ], [ 8.5902, 53.21536 ], [ 8.61785, 53.20484 ], [ 8.6903, 53.18843 ], [ 8.71046, 53.19177 ], [ 8.74554, 53.19161 ], [ 8.74988, 53.18833 ], [ 8.75144, 53.18146 ], [ 8.77862, 53.17027 ], [ 8.82389, 53.16807 ], [ 8.86052, 53.14926 ], [ 8.90398, 53.13761 ], [ 8.91437, 53.14063 ], [ 8.92631, 53.15934 ], [ 8.93623, 53.1628 ], [ 8.97535, 53.13702 ], [ 8.95783, 53.12193 ], [ 8.96155, 53.11583 ], [ 8.98605, 53.10007 ], [ 8.98992, 53.09361 ], [ 8.97907, 53.08167 ], [ 8.97271, 53.05258 ], [ 8.95768, 53.0426 ], [ 8.91453, 53.02462 ], [ 8.86595, 53.04751 ], [ 8.86595, 53.03973 ], [ 8.86316, 53.03728 ], [ 8.84409, 53.0332 ], [ 8.82466, 53.03501 ], [ 8.7718, 53.05464 ], [ 8.7195, 53.04793 ], [ 8.70487, 53.04955 ], [ 8.70239, 53.05113 ], [ 8.70177, 53.08343 ], [ 8.65382, 53.11572 ], [ 8.63801, 53.1303 ], [ 8.63382, 53.13898 ], [ 8.63149, 53.15957 ], [ 8.61723, 53.17686 ], [ 8.61103, 53.18006 ], [ 8.57806, 53.17978 ], [ 8.55444, 53.1896 ], [ 8.513, 53.19975 ], [ 8.49605, 53.22404 ], [ 8.52954, 53.22466 ], [ 8.56447, 53.21179 ] ] ], [ [ [ 6.79811, 53.60444 ], [ 6.78468, 53.62006 ], [ 6.74733, 53.61835 ], [ 6.67115, 53.60444 ], [ 6.65952, 53.59911 ], [ 6.66334, 53.58735 ], [ 6.67709, 53.57563 ], [ 6.69508, 53.5703 ], [ 6.72608, 53.57713 ], [ 6.75652, 53.56289 ], [ 6.7422, 53.57836 ], [ 6.72242, 53.58462 ], [ 6.72242, 53.59077 ], [ 6.77565, 53.60248 ], [ 6.79811, 53.60444 ] ] ], [ [ [ 6.87379, 53.67276 ], [ 7.08546, 53.687 ], [ 7.04705, 53.69416 ], [ 6.91082, 53.68366 ], [ 6.87379, 53.67276 ] ] ], [ [ [ 7.13315, 53.70808 ], [ 7.17359, 53.7014 ], [ 7.29575, 53.711 ], [ 7.34669, 53.72321 ], [ 7.3462, 53.72797 ], [ 7.23292, 53.72944 ], [ 7.17897, 53.72407 ], [ 7.13315, 53.70808 ] ] ], [ [ [ 7.36655, 53.72797 ], [ 7.3812, 53.7285 ], [ 7.42123, 53.72114 ], [ 7.43238, 53.72407 ], [ 7.43556, 53.72797 ], [ 7.42262, 53.7342 ], [ 7.40349, 53.73672 ], [ 7.38307, 53.73485 ], [ 7.36655, 53.72797 ] ] ], [ [ [ 8.12013, 53.72114 ], [ 8.12013, 53.7143 ], [ 8.13071, 53.71845 ], [ 8.15089, 53.7143 ], [ 8.17172, 53.72557 ], [ 8.19597, 53.72797 ], [ 8.17482, 53.73701 ], [ 8.15235, 53.73916 ], [ 8.13266, 53.73404 ], [ 8.12013, 53.72114 ] ] ], [ [ [ 7.48699, 53.76142 ], [ 7.47462, 53.75682 ], [ 7.46957, 53.74535 ], [ 7.47299, 53.73188 ], [ 7.48194, 53.72712 ], [ 7.51124, 53.72797 ], [ 7.51393, 53.74551 ], [ 7.5477, 53.75043 ], [ 7.62721, 53.75092 ], [ 7.62672, 53.75528 ], [ 7.60662, 53.7626 ], [ 7.48699, 53.76142 ] ] ], [ [ [ 7.6609, 53.76211 ], [ 7.66863, 53.75788 ], [ 7.67709, 53.7578 ], [ 7.695, 53.76952 ], [ 7.71949, 53.75991 ], [ 7.74822, 53.76093 ], [ 7.79859, 53.77635 ], [ 7.81284, 53.77635 ], [ 7.81284, 53.78315 ], [ 7.72828, 53.78657 ], [ 7.68629, 53.78099 ], [ 7.6609, 53.76211 ] ] ], [ [ [ 7.87379, 53.77635 ], [ 7.87525, 53.7884 ], [ 7.95558, 53.7829 ], [ 7.92897, 53.79255 ], [ 7.89763, 53.79629 ], [ 7.8589, 53.79092 ], [ 7.8545, 53.78457 ], [ 7.87379, 53.77635 ] ] ] ] } },
{ "type": "Feature", "properties": { "id": "DE-NW", "name": "Nordrhein-Westfalen" }, "geometry": { "type": "Polygon", "coordinates": [ [ [ 6.77158, 52.10879 ], [ 6.74985, 52.10287 ], [ 6.7329, 52.09199 ], [ 6.7114, 52.06729 ], [ 6.67988, 52.06047 ], [ 6.67296, 52.05005 ], [ 6.67502, 52.03481 ], [ 6.77817, 52.00127 ], [ 6.80918, 51.97954 ], [ 6.81073, 51.96058 ], [ 6.78985, 51.95115 ], [ 6.76701, 51.92551 ], [ 6.74375, 51.90833 ], [ 6.71667, 51.89926 ], [ 6.62815, 51.89751 ], [ 6.52862, 51.87642 ], [ 6.47943, 51.85301 ], [ 6.46289, 51.84836 ], [ 6.44253, 51.84836 ], [ 6.37845, 51.86012 ], [ 6.38662, 51.83756 ], [ 6.38248, 51.82759 ], [ 6.34497, 51.8211 ], [ 6.34197, 51.83668 ], [ 6.32574, 51.84255 ], [ 6.2874, 51.84616 ], [ 6.26466, 51.86619 ], [ 6.22518, 51.86255 ], [ 6.19138, 51.87115 ], [ 6.15924, 51.8873 ], [ 6.127, 51.89673 ], [ 6.09299, 51.88531 ], [ 6.1427, 51.85518 ], [ 6.15614, 51.84206 ], [ 6.084, 51.85366 ], [ 6.04328, 51.84686 ], [ 5.98892, 51.82746 ], [ 5.94809, 51.82296 ], [ 5.93145, 51.81565 ], [ 5.92804, 51.80674 ], [ 5.95078, 51.79591 ], [ 5.96411, 51.77656 ], [ 5.96235, 51.75635 ], [ 5.94013, 51.74263 ], [ 5.93931, 51.73188 ], [ 5.97827, 51.72979 ], [ 6.01207, 51.71586 ], [ 6.02199, 51.70951 ], [ 6.00855, 51.68119 ], [ 6.0315, 51.663 ], [ 6.09919, 51.64447 ], [ 6.08214, 51.60781 ], [ 6.08648, 51.59553 ], [ 6.15304, 51.53843 ], [ 6.19335, 51.50934 ], [ 6.20534, 51.45844 ], [ 6.19407, 51.41738 ], [ 6.19273, 51.39896 ], [ 6.20782, 51.38767 ], [ 6.20203, 51.37888 ], [ 6.19893, 51.35697 ], [ 6.19355, 51.34452 ], [ 6.18363, 51.3357 ], [ 6.14777, 51.31816 ], [ 6.09651, 51.25881 ], [ 6.06519, 51.23163 ], [ 6.05661, 51.21171 ], [ 6.05372, 51.18938 ], [ 6.06085, 51.17091 ], [ 6.08431, 51.16269 ], [ 6.13413, 51.18422 ], [ 6.15707, 51.17925 ], [ 6.12627, 51.16458 ], [ 6.14725, 51.15225 ], [ 6.13237, 51.13983 ], [ 6.07542, 51.12037 ], [ 5.98292, 51.07469 ], [ 5.96949, 51.06492 ], [ 5.95026, 51.03947 ], [ 5.93796, 51.03094 ], [ 5.91957, 51.0297 ], [ 5.89435, 51.04714 ], [ 5.8805, 51.05205 ], [ 5.85249, 51.04275 ], [ 5.85817, 51.01934 ], [ 5.87357, 50.99058 ], [ 5.87461, 50.96537 ], [ 5.92773, 50.97766 ], [ 5.96783, 50.971 ], [ 6.0037, 50.97374 ], [ 6.00576, 50.96852 ], [ 5.99584, 50.95177 ], [ 5.99987, 50.9294 ], [ 6.03108, 50.91472 ], [ 6.06374, 50.90754 ], [ 6.05465, 50.89147 ], [ 6.06312, 50.8709 ], [ 6.06281, 50.86294 ], [ 6.05672, 50.85266 ], [ 6.04555, 50.84418 ], [ 6.02302, 50.84542 ], [ 6.00928, 50.84046 ], [ 6.00049, 50.83044 ], [ 6.00359, 50.81261 ], [ 5.99832, 50.80072 ], [ 5.98395, 50.7922 ], [ 5.96876, 50.79463 ], [ 5.973, 50.78181 ], [ 5.99708, 50.76295 ], [ 5.99274, 50.74445 ], [ 6.01083, 50.73706 ], [ 6.01134, 50.72745 ], [ 6.00762, 50.71691 ], [ 6.01155, 50.70853 ], [ 6.02478, 50.70755 ], [ 6.06436, 50.71448 ], [ 6.081, 50.71349 ], [ 6.10023, 50.7013 ], [ 6.1611, 50.64218 ], [ 6.14777, 50.63676 ], [ 6.15945, 50.62239 ], [ 6.18002, 50.61552 ], [ 6.24905, 50.61443 ], [ 6.25133, 50.60844 ], [ 6.23293, 50.59076 ], [ 6.23293, 50.58715 ], [ 6.17908, 50.56198 ], [ 6.16069, 50.54358 ], [ 6.17733, 50.5302 ], [ 6.16947, 50.5225 ], [ 6.17082, 50.51795 ], [ 6.19056, 50.51521 ], [ 6.1826, 50.50658 ], [ 6.2072, 50.48633 ], [ 6.25557, 50.49459 ], [ 6.27541, 50.48803 ], [ 6.3369, 50.481 ], [ 6.32574, 50.47403 ], [ 6.32326, 50.46602 ], [ 6.33163, 50.4469 ], [ 6.34021, 50.43785 ], [ 6.35117, 50.43356 ], [ 6.35044, 50.41687 ], [ 6.33639, 50.37992 ], [ 6.33773, 50.36809 ], [ 6.37246, 50.32944 ], [ 6.3734, 50.32308 ], [ 6.3984, 50.32318 ], [ 6.42651, 50.33372 ], [ 6.39173, 50.37222 ], [ 6.39096, 50.37752 ], [ 6.39763, 50.38323 ], [ 6.40631, 50.38225 ], [ 6.41375, 50.37832 ], [ 6.42171, 50.3684 ], [ 6.44465, 50.35925 ], [ 6.45039, 50.35357 ], [ 6.45442, 50.34256 ], [ 6.45814, 50.34101 ], [ 6.48098, 50.34626 ], [ 6.528, 50.36848 ], [ 6.58557, 50.37739 ], [ 6.62262, 50.36615 ], [ 6.62479, 50.36251 ], [ 6.61828, 50.35292 ], [ 6.62511, 50.35031 ], [ 6.63549, 50.35031 ], [ 6.66329, 50.36209 ], [ 6.6712, 50.36235 ], [ 6.68903, 50.35393 ], [ 6.70164, 50.3437 ], [ 6.71823, 50.34158 ], [ 6.79765, 50.35669 ], [ 6.80122, 50.36336 ], [ 6.79951, 50.36964 ], [ 6.78137, 50.39307 ], [ 6.77765, 50.42395 ], [ 6.75254, 50.43682 ], [ 6.76091, 50.45423 ], [ 6.76014, 50.47067 ], [ 6.82065, 50.48601 ], [ 6.82809, 50.47516 ], [ 6.84018, 50.4655 ], [ 6.85972, 50.46069 ], [ 6.87357, 50.46219 ], [ 6.88783, 50.47666 ], [ 6.89015, 50.49658 ], [ 6.88519, 50.52177 ], [ 6.91325, 50.52942 ], [ 6.9285, 50.5411 ], [ 6.93935, 50.55477 ], [ 6.99893, 50.5666 ], [ 7.06162, 50.59293 ], [ 7.0936, 50.58616 ], [ 7.10523, 50.58911 ], [ 7.1181, 50.60394 ], [ 7.14373, 50.59898 ], [ 7.15458, 50.60112 ], [ 7.17861, 50.61738 ], [ 7.18574, 50.619 ], [ 7.19908, 50.63753 ], [ 7.21571, 50.63391 ], [ 7.22626, 50.62141 ], [ 7.28258, 50.61882 ], [ 7.34046, 50.6289 ], [ 7.37307, 50.64445 ], [ 7.37462, 50.65745 ], [ 7.38346, 50.66838 ], [ 7.38439, 50.69381 ], [ 7.38005, 50.69884 ], [ 7.38687, 50.70365 ], [ 7.41105, 50.7082 ], [ 7.44862, 50.70616 ], [ 7.53239, 50.72099 ], [ 7.57182, 50.73499 ], [ 7.59946, 50.73344 ], [ 7.61791, 50.7523 ], [ 7.66215, 50.7645 ], [ 7.6775, 50.77917 ], [ 7.68664, 50.77494 ], [ 7.69408, 50.77571 ], [ 7.69889, 50.78163 ], [ 7.69873, 50.79191 ], [ 7.67564, 50.80997 ], [ 7.71289, 50.82442 ], [ 7.73816, 50.8416 ], [ 7.76767, 50.83648 ], [ 7.77124, 50.84398 ], [ 7.77046, 50.85488 ], [ 7.75925, 50.87046 ], [ 7.75413, 50.90005 ], [ 7.75754, 50.91131 ], [ 7.7886, 50.93028 ], [ 7.80162, 50.93271 ], [ 7.85965, 50.92247 ], [ 7.8564, 50.90821 ], [ 7.84524, 50.88511 ], [ 7.84617, 50.87886 ], [ 7.85919, 50.87266 ], [ 7.8856, 50.86692 ], [ 7.94254, 50.83204 ], [ 7.97029, 50.83703 ], [ 7.97665, 50.82698 ], [ 7.98394, 50.803 ], [ 7.98115, 50.77354 ], [ 7.99143, 50.76098 ], [ 8.03375, 50.726 ], [ 8.05039, 50.70734 ], [ 8.05628, 50.69091 ], [ 8.0645, 50.68952 ], [ 8.09551, 50.69714 ], [ 8.13447, 50.68404 ], [ 8.14672, 50.69995 ], [ 8.16692, 50.70786 ], [ 8.17514, 50.74207 ], [ 8.16739, 50.75158 ], [ 8.143, 50.76372 ], [ 8.14191, 50.7706 ], [ 8.13354, 50.77566 ], [ 8.13339, 50.78 ], [ 8.18723, 50.81152 ], [ 8.19715, 50.82705 ], [ 8.21658, 50.83586 ], [ 8.28345, 50.87943 ], [ 8.3033, 50.87963 ], [ 8.31446, 50.86449 ], [ 8.3202, 50.86181 ], [ 8.36412, 50.8616 ], [ 8.39487, 50.87509 ], [ 8.39781, 50.87919 ], [ 8.39688, 50.88883 ], [ 8.42711, 50.90873 ], [ 8.44406, 50.91601 ], [ 8.46375, 50.91449 ], [ 8.46623, 50.91671 ], [ 8.46964, 50.94376 ], [ 8.49062, 50.97296 ], [ 8.49714, 50.97772 ], [ 8.50954, 50.9803 ], [ 8.52752, 51.00536 ], [ 8.54488, 51.02066 ], [ 8.53496, 51.05027 ], [ 8.53744, 51.06324 ], [ 8.52054, 51.08494 ], [ 8.52473, 51.09332 ], [ 8.62715, 51.0936 ], [ 8.66085, 51.08817 ], [ 8.70627, 51.10634 ], [ 8.70689, 51.11355 ], [ 8.69573, 51.1305 ], [ 8.75019, 51.17279 ], [ 8.75221, 51.17794 ], [ 8.75159, 51.19052 ], [ 8.73175, 51.24982 ], [ 8.72012, 51.25511 ], [ 8.72275, 51.26871 ], [ 8.71232, 51.27057 ], [ 8.68565, 51.25899 ], [ 8.63987, 51.25305 ], [ 8.62762, 51.24194 ], [ 8.61723, 51.24023 ], [ 8.60157, 51.24362 ], [ 8.59439, 51.25754 ], [ 8.57563, 51.2702 ], [ 8.59393, 51.29599 ], [ 8.64824, 51.33444 ], [ 8.65397, 51.34405 ], [ 8.67325, 51.35216 ], [ 8.68162, 51.36201 ], [ 8.72772, 51.37309 ], [ 8.77257, 51.37542 ], [ 8.80885, 51.38172 ], [ 8.85572, 51.37485 ], [ 8.8936, 51.38999 ], [ 8.93514, 51.39128 ], [ 8.94248, 51.39624 ], [ 8.94961, 51.41237 ], [ 8.94124, 51.418 ], [ 8.91701, 51.42146 ], [ 8.91267, 51.45024 ], [ 8.89809, 51.46673 ], [ 8.90088, 51.47621 ], [ 8.90615, 51.48091 ], [ 8.95814, 51.49722 ], [ 9.0154, 51.50916 ], [ 9.07855, 51.48849 ], [ 9.08459, 51.48301 ], [ 9.08661, 51.47345 ], [ 9.0849, 51.45707 ], [ 9.10867, 51.44291 ], [ 9.15379, 51.43828 ], [ 9.19337, 51.45639 ], [ 9.21244, 51.45696 ], [ 9.22427, 51.48704 ], [ 9.29626, 51.51758 ], [ 9.31099, 51.53561 ], [ 9.336, 51.55396 ], [ 9.35507, 51.59264 ], [ 9.33305, 51.60667 ], [ 9.34592, 51.6123 ], [ 9.41775, 51.62713 ], [ 9.44008, 51.64904 ], [ 9.39372, 51.64005 ], [ 9.37879, 51.64039 ], [ 9.37305, 51.64726 ], [ 9.37243, 51.65625 ], [ 9.37476, 51.66501 ], [ 9.38638, 51.67178 ], [ 9.39, 51.67775 ], [ 9.38721, 51.6894 ], [ 9.39357, 51.70062 ], [ 9.39, 51.71726 ], [ 9.39109, 51.73385 ], [ 9.40132, 51.74268 ], [ 9.40659, 51.75322 ], [ 9.43372, 51.7672 ], [ 9.45191, 51.79777 ], [ 9.45284, 51.82097 ], [ 9.46214, 51.83012 ], [ 9.44416, 51.83523 ], [ 9.44008, 51.84076 ], [ 9.4561, 51.85575 ], [ 9.46121, 51.86536 ], [ 9.45516, 51.8682 ], [ 9.41031, 51.86035 ], [ 9.36561, 51.86149 ], [ 9.33212, 51.85477 ], [ 9.32199, 51.85627 ], [ 9.33615, 51.88226 ], [ 9.33832, 51.89342 ], [ 9.3346, 51.90577 ], [ 9.32587, 51.91611 ], [ 9.30215, 51.92324 ], [ 9.25528, 51.92236 ], [ 9.27471, 51.9375 ], [ 9.28587, 51.96497 ], [ 9.28603, 51.97277 ], [ 9.24334, 51.98375 ], [ 9.22784, 51.97988 ], [ 9.22365, 51.9714 ], [ 9.21916, 51.97032 ], [ 9.18454, 51.97936 ], [ 9.17105, 51.98597 ], [ 9.17632, 51.99001 ], [ 9.1774, 51.99768 ], [ 9.19601, 52.00918 ], [ 9.1988, 52.01695 ], [ 9.17663, 52.05677 ], [ 9.18826, 52.07217 ], [ 9.1895, 52.07902 ], [ 9.18826, 52.08504 ], [ 9.17709, 52.09486 ], [ 9.14929, 52.10219 ], [ 9.14092, 52.10767 ], [ 9.14635, 52.12589 ], [ 9.14294, 52.12899 ], [ 9.13549, 52.13191 ], [ 9.06397, 52.13803 ], [ 8.99648, 52.1341 ], [ 9.00734, 52.14948 ], [ 9.00749, 52.15594 ], [ 8.98806, 52.18849 ], [ 9.01943, 52.19408 ], [ 9.04594, 52.19408 ], [ 9.04578, 52.20444 ], [ 9.0385, 52.21862 ], [ 9.04191, 52.22379 ], [ 9.07266, 52.23919 ], [ 8.99271, 52.25686 ], [ 8.98667, 52.26048 ], [ 8.98248, 52.26792 ], [ 8.99509, 52.32249 ], [ 9.0078, 52.33923 ], [ 9.04919, 52.3398 ], [ 9.0739, 52.34874 ], [ 9.09545, 52.37572 ], [ 9.12836, 52.40846 ], [ 9.11084, 52.44207 ], [ 9.10898, 52.45153 ], [ 9.12604, 52.46062 ], [ 9.1341, 52.47489 ], [ 9.11271, 52.4816 ], [ 9.09095, 52.49744 ], [ 9.08118, 52.49757 ], [ 9.02563, 52.47956 ], [ 8.99912, 52.46277 ], [ 8.98403, 52.44476 ], [ 8.9693, 52.41634 ], [ 8.96124, 52.40908 ], [ 8.89437, 52.39995 ], [ 8.85913, 52.39104 ], [ 8.82673, 52.38879 ], [ 8.71108, 52.39861 ], [ 8.70674, 52.40729 ], [ 8.71061, 52.4321 ], [ 8.70472, 52.44254 ], [ 8.7072, 52.4647 ], [ 8.70363, 52.48016 ], [ 8.67619, 52.51101 ], [ 8.65961, 52.51984 ], [ 8.64281, 52.52406 ], [ 8.63211, 52.52393 ], [ 8.58261, 52.50912 ], [ 8.56649, 52.50713 ], [ 8.49667, 52.50651 ], [ 8.46391, 52.48977 ], [ 8.45399, 52.4615 ], [ 8.44809, 52.45463 ], [ 8.4237, 52.446 ], [ 8.36691, 52.4414 ], [ 8.30144, 52.45111 ], [ 8.32133, 52.41024 ], [ 8.33389, 52.39835 ], [ 8.3989, 52.37959 ], [ 8.42773, 52.36678 ], [ 8.44096, 52.35376 ], [ 8.44964, 52.3381 ], [ 8.46019, 52.3042 ], [ 8.46096, 52.21433 ], [ 8.46391, 52.20477 ], [ 8.4976, 52.18919 ], [ 8.49186, 52.1762 ], [ 8.47584, 52.16167 ], [ 8.42603, 52.14098 ], [ 8.41828, 52.13372 ], [ 8.40789, 52.1156 ], [ 8.40076, 52.11243 ], [ 8.39363, 52.11126 ], [ 8.26687, 52.13361 ], [ 8.23472, 52.11615 ], [ 8.21147, 52.09667 ], [ 8.18103, 52.08307 ], [ 8.11044, 52.06654 ], [ 8.07458, 52.0747 ], [ 8.03825, 52.07072 ], [ 8.0229, 52.06615 ], [ 7.97386, 52.03845 ], [ 7.91242, 52.05602 ], [ 7.89164, 52.08977 ], [ 7.89319, 52.09517 ], [ 7.92218, 52.11155 ], [ 7.94719, 52.11871 ], [ 7.99019, 52.12323 ], [ 8.00352, 52.15087 ], [ 8.01732, 52.17005 ], [ 8.01747, 52.17413 ], [ 8.01375, 52.17596 ], [ 7.9905, 52.18175 ], [ 7.9475, 52.17981 ], [ 7.93867, 52.1841 ], [ 7.93433, 52.19485 ], [ 7.90777, 52.19831 ], [ 7.90063, 52.20493 ], [ 7.9042, 52.21146 ], [ 7.91738, 52.22007 ], [ 7.92544, 52.23035 ], [ 7.91629, 52.25069 ], [ 7.94626, 52.27428 ], [ 7.93278, 52.29118 ], [ 7.92968, 52.30301 ], [ 7.93588, 52.30637 ], [ 7.96998, 52.31004 ], [ 7.97355, 52.3121 ], [ 7.97045, 52.31753 ], [ 7.94223, 52.34761 ], [ 7.90575, 52.37727 ], [ 7.8949, 52.37861 ], [ 7.82927, 52.36272 ], [ 7.8162, 52.36512 ], [ 7.80178, 52.3758 ], [ 7.70561, 52.40998 ], [ 7.69439, 52.44776 ], [ 7.6854, 52.4598 ], [ 7.60908, 52.47556 ], [ 7.60117, 52.47447 ], [ 7.59404, 52.46832 ], [ 7.58189, 52.43639 ], [ 7.58623, 52.42755 ], [ 7.59388, 52.42517 ], [ 7.6021, 52.41541 ], [ 7.59058, 52.41032 ], [ 7.57569, 52.38293 ], [ 7.56159, 52.37184 ], [ 7.53332, 52.3735 ], [ 7.51363, 52.37003 ], [ 7.46738, 52.34639 ], [ 7.41648, 52.31396 ], [ 7.39834, 52.30732 ], [ 7.36811, 52.30265 ], [ 7.30057, 52.2718 ], [ 7.25917, 52.26616 ], [ 7.12151, 52.26265 ], [ 7.09438, 52.2487 ], [ 7.05309, 52.23792 ], [ 7.0266, 52.23862 ], [ 7.02911, 52.23578 ], [ 7.02632, 52.23064 ], [ 6.98188, 52.214 ], [ 6.94767, 52.18281 ], [ 6.92772, 52.17191 ], [ 6.88483, 52.16033 ], [ 6.8654, 52.1478 ], [ 6.84328, 52.12 ], [ 6.83067, 52.11289 ], [ 6.77158, 52.10879 ] ] ] } },
{ "type": "Feature", "properties": { "id": "DE-RP", "name": "Rheinland-Pfalz" }, "geometry": { "type": "Polygon", "coordinates": [ [ [ 6.10116, 50.06341 ], [ 6.10943, 50.06356 ], [ 6.0964, 50.04863 ], [ 6.10725, 50.0446 ], [ 6.11377, 50.03638 ], [ 6.11997, 50.0155 ], [ 6.11718, 50.00439 ], [ 6.12152, 49.99628 ], [ 6.13878, 49.97933 ], [ 6.15397, 49.95122 ], [ 6.16193, 49.94248 ], [ 6.17268, 49.95623 ], [ 6.18983, 49.9383 ], [ 6.2227, 49.88714 ], [ 6.23831, 49.87691 ], [ 6.28678, 49.86104 ], [ 6.30259, 49.83494 ], [ 6.33442, 49.84021 ], [ 6.39706, 49.80859 ], [ 6.41452, 49.80549 ], [ 6.46248, 49.80549 ], [ 6.49721, 49.79944 ], [ 6.50258, 49.79567 ], [ 6.5001, 49.79448 ], [ 6.49379, 49.76363 ], [ 6.49596, 49.74823 ], [ 6.48625, 49.7427 ], [ 6.48553, 49.73376 ], [ 6.4878, 49.7256 ], [ 6.49969, 49.71221 ], [ 6.48635, 49.71294 ], [ 6.48294, 49.70808 ], [ 6.49173, 49.70079 ], [ 6.41824, 49.66989 ], [ 6.40274, 49.65578 ], [ 6.417, 49.64576 ], [ 6.41793, 49.63914 ], [ 6.39757, 49.61387 ], [ 6.35644, 49.5776 ], [ 6.35075, 49.56659 ], [ 6.34881, 49.52529 ], [ 6.48997, 49.53382 ], [ 6.60511, 49.53021 ], [ 6.66981, 49.54938 ], [ 6.71233, 49.55031 ], [ 6.85972, 49.59449 ], [ 6.94214, 49.62793 ], [ 6.97113, 49.61868 ], [ 6.99878, 49.62948 ], [ 7.06518, 49.60493 ], [ 7.13794, 49.6009 ], [ 7.15954, 49.5871 ], [ 7.20843, 49.56437 ], [ 7.23788, 49.56617 ], [ 7.27065, 49.5778 ], [ 7.27328, 49.57672 ], [ 7.27344, 49.56168 ], [ 7.29096, 49.53434 ], [ 7.29359, 49.50711 ], [ 7.30584, 49.50251 ], [ 7.30909, 49.49026 ], [ 7.30537, 49.48204 ], [ 7.27917, 49.47078 ], [ 7.2461, 49.44613 ], [ 7.2523, 49.43099 ], [ 7.29344, 49.39859 ], [ 7.29576, 49.39425 ], [ 7.29142, 49.38882 ], [ 7.30119, 49.38484 ], [ 7.35116, 49.37931 ], [ 7.3754, 49.37337 ], [ 7.38516, 49.36967 ], [ 7.39059, 49.36071 ], [ 7.38346, 49.34815 ], [ 7.38733, 49.33683 ], [ 7.37881, 49.32743 ], [ 7.35845, 49.31567 ], [ 7.35271, 49.29771 ], [ 7.33736, 49.28609 ], [ 7.32992, 49.26418 ], [ 7.31674, 49.25193 ], [ 7.29576, 49.2502 ], [ 7.28817, 49.2402 ], [ 7.28693, 49.23079 ], [ 7.29468, 49.20516 ], [ 7.34914, 49.16868 ], [ 7.36919, 49.16904 ], [ 7.37163, 49.16617 ], [ 7.39105, 49.17002 ], [ 7.41048, 49.16894 ], [ 7.41482, 49.15778 ], [ 7.45802, 49.15586 ], [ 7.47611, 49.15152 ], [ 7.48273, 49.13705 ], [ 7.47105, 49.12832 ], [ 7.4851, 49.11871 ], [ 7.52086, 49.08367 ], [ 7.54267, 49.07458 ], [ 7.58639, 49.06956 ], [ 7.60861, 49.06197 ], [ 7.62566, 49.043 ], [ 7.63497, 49.03778 ], [ 7.64881, 49.03572 ], [ 7.68509, 49.0428 ], [ 7.72695, 49.03566 ], [ 7.77366, 49.04812 ], [ 7.85686, 49.03225 ], [ 7.9319, 49.03484 ], [ 8.09044, 48.97918 ], [ 8.18873, 48.96575 ], [ 8.19989, 48.95825 ], [ 8.23023, 48.96554 ], [ 8.26258, 48.98846 ], [ 8.28361, 49.00995 ], [ 8.35714, 49.10956 ], [ 8.36159, 49.11961 ], [ 8.38066, 49.21485 ], [ 8.38732, 49.23198 ], [ 8.41084, 49.24366 ], [ 8.47988, 49.29699 ], [ 8.48344, 49.30955 ], [ 8.45988, 49.31503 ], [ 8.46184, 49.32348 ], [ 8.49776, 49.37647 ], [ 8.49031, 49.41122 ], [ 8.50458, 49.43109 ], [ 8.49388, 49.44262 ], [ 8.44251, 49.45218 ], [ 8.44251, 49.459 ], [ 8.4636, 49.46584 ], [ 8.4636, 49.47269 ], [ 8.45016, 49.49124 ], [ 8.42773, 49.53424 ], [ 8.40836, 49.55522 ], [ 8.41683, 49.57945 ], [ 8.40004, 49.61041 ], [ 8.36055, 49.66446 ], [ 8.36226, 49.69092 ], [ 8.37921, 49.7104 ], [ 8.40644, 49.72242 ], [ 8.4391, 49.72653 ], [ 8.47383, 49.75745 ], [ 8.47662, 49.76751 ], [ 8.46251, 49.77107 ], [ 8.42381, 49.7673 ], [ 8.4158, 49.77774 ], [ 8.40867, 49.79267 ], [ 8.3898, 49.81531 ], [ 8.38045, 49.84259 ], [ 8.37048, 49.8566 ], [ 8.34758, 49.87853 ], [ 8.34009, 49.89101 ], [ 8.35513, 49.92564 ], [ 8.33544, 49.95964 ], [ 8.22811, 50.03819 ], [ 8.21302, 50.04444 ], [ 8.1738, 50.04578 ], [ 8.04853, 50.01837 ], [ 8.00972, 49.99933 ], [ 7.96192, 49.9831 ], [ 7.91857, 49.97388 ], [ 7.87816, 49.97294 ], [ 7.86028, 49.99002 ], [ 7.85728, 50.00258 ], [ 7.84984, 50.01075 ], [ 7.78503, 50.04852 ], [ 7.77139, 50.05348 ], [ 7.83888, 50.08436 ], [ 7.84276, 50.08821 ], [ 7.84694, 50.10676 ], [ 7.85919, 50.1187 ], [ 7.89629, 50.12071 ], [ 7.91304, 50.10973 ], [ 7.92172, 50.1088 ], [ 7.93045, 50.13635 ], [ 7.9042, 50.14867 ], [ 7.89676, 50.15503 ], [ 7.89598, 50.16231 ], [ 7.89815, 50.17133 ], [ 7.91009, 50.18895 ], [ 7.92218, 50.20009 ], [ 7.98037, 50.21942 ], [ 7.99329, 50.22836 ], [ 8.01127, 50.21797 ], [ 8.02306, 50.21588 ], [ 8.04357, 50.23642 ], [ 8.03344, 50.24823 ], [ 8.03825, 50.25884 ], [ 8.04574, 50.26334 ], [ 8.09613, 50.26205 ], [ 8.12052, 50.26892 ], [ 8.12191, 50.28065 ], [ 8.10734, 50.31109 ], [ 8.10067, 50.31946 ], [ 8.08, 50.33031 ], [ 8.04946, 50.37129 ], [ 8.03205, 50.37672 ], [ 8.02569, 50.38827 ], [ 7.98006, 50.39579 ], [ 7.97339, 50.40026 ], [ 7.9751, 50.40514 ], [ 7.98755, 50.41186 ], [ 8.00042, 50.44033 ], [ 8.01918, 50.45491 ], [ 7.99934, 50.46591 ], [ 8.00027, 50.50883 ], [ 8.00445, 50.52074 ], [ 8.02104, 50.52844 ], [ 8.03592, 50.54157 ], [ 8.05287, 50.54601 ], [ 8.07039, 50.54436 ], [ 8.09334, 50.52751 ], [ 8.11463, 50.52878 ], [ 8.13726, 50.54157 ], [ 8.16382, 50.5858 ], [ 8.15964, 50.59081 ], [ 8.15059, 50.59381 ], [ 8.14393, 50.60265 ], [ 8.14052, 50.61753 ], [ 8.12005, 50.64988 ], [ 8.13044, 50.6674 ], [ 8.13447, 50.68404 ], [ 8.09551, 50.69714 ], [ 8.0645, 50.68952 ], [ 8.05628, 50.69091 ], [ 8.05039, 50.70734 ], [ 8.03375, 50.726 ], [ 7.99143, 50.76098 ], [ 7.98115, 50.77354 ], [ 7.98394, 50.803 ], [ 7.97665, 50.82698 ], [ 7.97029, 50.83703 ], [ 7.94254, 50.83204 ], [ 7.8856, 50.86692 ], [ 7.85919, 50.87266 ], [ 7.84617, 50.87886 ], [ 7.84524, 50.88511 ], [ 7.8564, 50.90821 ], [ 7.85965, 50.92247 ], [ 7.80162, 50.93271 ], [ 7.7886, 50.93028 ], [ 7.75754, 50.91131 ], [ 7.75413, 50.90005 ], [ 7.75785, 50.87534 ], [ 7.77046, 50.85488 ], [ 7.77031, 50.83935 ], [ 7.76535, 50.83623 ], [ 7.73816, 50.8416 ], [ 7.71289, 50.82442 ], [ 7.67564, 50.80997 ], [ 7.69873, 50.79191 ], [ 7.6961, 50.77706 ], [ 7.68664, 50.77494 ], [ 7.6775, 50.77917 ], [ 7.66215, 50.7645 ], [ 7.61791, 50.7523 ], [ 7.59946, 50.73344 ], [ 7.57182, 50.73499 ], [ 7.53239, 50.72099 ], [ 7.44862, 50.70616 ], [ 7.41105, 50.7082 ], [ 7.38687, 50.70365 ], [ 7.38005, 50.69884 ], [ 7.38439, 50.69381 ], [ 7.38346, 50.66838 ], [ 7.37462, 50.65745 ], [ 7.37307, 50.64445 ], [ 7.34046, 50.6289 ], [ 7.28258, 50.61882 ], [ 7.22626, 50.62141 ], [ 7.21571, 50.63391 ], [ 7.19908, 50.63753 ], [ 7.18574, 50.619 ], [ 7.17861, 50.61738 ], [ 7.15458, 50.60112 ], [ 7.14373, 50.59898 ], [ 7.1181, 50.60394 ], [ 7.10523, 50.58911 ], [ 7.0936, 50.58616 ], [ 7.06162, 50.59293 ], [ 6.99893, 50.5666 ], [ 6.93935, 50.55477 ], [ 6.9285, 50.5411 ], [ 6.91325, 50.52942 ], [ 6.88519, 50.52177 ], [ 6.89015, 50.49658 ], [ 6.88783, 50.47666 ], [ 6.87357, 50.46219 ], [ 6.85972, 50.46069 ], [ 6.84018, 50.4655 ], [ 6.82809, 50.47516 ], [ 6.82065, 50.48601 ], [ 6.76014, 50.47067 ], [ 6.76091, 50.45423 ], [ 6.75254, 50.43682 ], [ 6.77765, 50.42395 ], [ 6.78137, 50.39307 ], [ 6.79812, 50.37284 ], [ 6.80122, 50.36336 ], [ 6.79502, 50.35561 ], [ 6.71823, 50.34158 ], [ 6.70164, 50.3437 ], [ 6.68903, 50.35393 ], [ 6.6712, 50.36235 ], [ 6.66329, 50.36209 ], [ 6.63549, 50.35031 ], [ 6.62511, 50.35031 ], [ 6.61828, 50.35292 ], [ 6.62479, 50.36251 ], [ 6.62262, 50.36615 ], [ 6.58557, 50.37739 ], [ 6.528, 50.36848 ], [ 6.48098, 50.34626 ], [ 6.45814, 50.34101 ], [ 6.45442, 50.34256 ], [ 6.45039, 50.35357 ], [ 6.44465, 50.35925 ], [ 6.42171, 50.3684 ], [ 6.41375, 50.37832 ], [ 6.40631, 50.38225 ], [ 6.39514, 50.38204 ], [ 6.39096, 50.37752 ], [ 6.39173, 50.37222 ], [ 6.42403, 50.33915 ], [ 6.42574, 50.33243 ], [ 6.3984, 50.32318 ], [ 6.3734, 50.32308 ], [ 6.37453, 50.31548 ], [ 6.36202, 50.30696 ], [ 6.33546, 50.30386 ], [ 6.29949, 50.30887 ], [ 6.28595, 50.30386 ], [ 6.26942, 50.28649 ], [ 6.26735, 50.27642 ], [ 6.27179, 50.26742 ], [ 6.2534, 50.25678 ], [ 6.18963, 50.24272 ], [ 6.17981, 50.23301 ], [ 6.15717, 50.22272 ], [ 6.14684, 50.21404 ], [ 6.16017, 50.20453 ], [ 6.16575, 50.19316 ], [ 6.16513, 50.1819 ], [ 6.15914, 50.17244 ], [ 6.13175, 50.16831 ], [ 6.12131, 50.16159 ], [ 6.11583, 50.14547 ], [ 6.12596, 50.1402 ], [ 6.12948, 50.13405 ], [ 6.12658, 50.12733 ], [ 6.11749, 50.12046 ], [ 6.11056, 50.10599 ], [ 6.10116, 50.06341 ] ] ] } },
{ "type": "Feature", "properties": { "id": "DE-SH", "name": "Schleswig-Holstein" }, "geometry": { "type": "MultiPolygon", "coordinates": [ [ [ [ 8.82425, 54.9059 ], [ 8.80089, 54.90383 ], [ 8.73278, 54.88905 ], [ 8.69588, 54.88998 ], [ 8.66078, 54.89631 ], [ 8.64723, 54.86738 ], [ 8.64275, 54.84418 ], [ 8.64845, 54.81786 ], [ 8.68133, 54.78059 ], [ 8.69435, 54.76024 ], [ 8.68873, 54.7353 ], [ 8.72267, 54.72553 ], [ 8.7767, 54.69798 ], [ 8.80543, 54.68757 ], [ 8.81837, 54.67365 ], [ 8.85328, 54.61929 ], [ 8.81902, 54.60562 ], [ 8.82586, 54.59813 ], [ 8.85816, 54.60615 ], [ 8.87875, 54.60651 ], [ 8.88795, 54.60187 ], [ 8.89283, 54.59125 ], [ 8.90447, 54.58063 ], [ 8.98609, 54.52928 ], [ 9.01157, 54.50633 ], [ 9.01149, 54.48212 ], [ 9.00473, 54.46589 ], [ 8.94947, 54.44733 ], [ 8.88608, 54.41779 ], [ 8.86069, 54.4138 ], [ 8.75082, 54.4138 ], [ 8.66977, 54.40082 ], [ 8.64845, 54.4064 ], [ 8.62916, 54.38768 ], [ 8.62623, 54.37641 ], [ 8.63478, 54.36542 ], [ 8.65065, 54.378 ], [ 8.66383, 54.37556 ], [ 8.67758, 54.36791 ], [ 8.69557, 54.36542 ], [ 8.69557, 54.35859 ], [ 8.64137, 54.35566 ], [ 8.61402, 54.34837 ], [ 8.59986, 54.33808 ], [ 8.60271, 54.31208 ], [ 8.62338, 54.29011 ], [ 8.65187, 54.27485 ], [ 8.67848, 54.26919 ], [ 8.6902, 54.27147 ], [ 8.72348, 54.29027 ], [ 8.73894, 54.29389 ], [ 8.77467, 54.29027 ], [ 8.88795, 54.30394 ], [ 8.88111, 54.29027 ], [ 8.9026, 54.29584 ], [ 8.94028, 54.31501 ], [ 8.96315, 54.31761 ], [ 8.95314, 54.30256 ], [ 8.92205, 54.27424 ], [ 8.91147, 54.26919 ], [ 8.8519, 54.26105 ], [ 8.83961, 54.25556 ], [ 8.83961, 54.24872 ], [ 8.84669, 54.23355 ], [ 8.82097, 54.20051 ], [ 8.81284, 54.18049 ], [ 8.83334, 54.15314 ], [ 8.86069, 54.12519 ], [ 8.86744, 54.12519 ], [ 8.88543, 54.13703 ], [ 8.91798, 54.14631 ], [ 8.95289, 54.15009 ], [ 8.97731, 54.1457 ], [ 8.97446, 54.12808 ], [ 9.01832, 54.09789 ], [ 9.01857, 54.08242 ], [ 9.01303, 54.06098 ], [ 8.99724, 54.03022 ], [ 8.97535, 54.02407 ], [ 8.95387, 54.02831 ], [ 8.91456, 54.04389 ], [ 8.89064, 54.0478 ], [ 8.87184, 54.04694 ], [ 8.83334, 54.03644 ], [ 8.91603, 53.9374 ], [ 8.94947, 53.91291 ], [ 8.98463, 53.89704 ], [ 9.00782, 53.89248 ], [ 9.01832, 53.90274 ], [ 9.02996, 53.90713 ], [ 9.09344, 53.89248 ], [ 9.22047, 53.89077 ], [ 9.25782, 53.88557 ], [ 9.29558, 53.87189 ], [ 9.35873, 53.83954 ], [ 9.39519, 53.831 ], [ 9.39666, 53.81102 ], [ 9.41245, 53.77875 ], [ 9.4358, 53.74868 ], [ 9.46022, 53.73542 ], [ 9.53224, 53.71117 ], [ 9.53907, 53.66649 ], [ 9.55079, 53.63459 ], [ 9.58367, 53.61245 ], [ 9.65577, 53.58462 ], [ 9.69239, 53.57591 ], [ 9.74081, 53.57257 ], [ 9.75277, 53.60789 ], [ 9.76502, 53.61887 ], [ 9.76843, 53.62918 ], [ 9.78817, 53.62758 ], [ 9.81003, 53.61786 ], [ 9.80615, 53.59905 ], [ 9.81607, 53.59311 ], [ 9.92733, 53.64567 ], [ 9.95281, 53.65037 ], [ 9.98428, 53.64688 ], [ 9.99405, 53.65143 ], [ 10.00371, 53.6668 ], [ 10.01363, 53.673 ], [ 10.03286, 53.67628 ], [ 10.05223, 53.67486 ], [ 10.06019, 53.67796 ], [ 10.06515, 53.68081 ], [ 10.07818, 53.7129 ], [ 10.08872, 53.71972 ], [ 10.14799, 53.71367 ], [ 10.17688, 53.72721 ], [ 10.19192, 53.72657 ], [ 10.19486, 53.72254 ], [ 10.19285, 53.7177 ], [ 10.17982, 53.70561 ], [ 10.16473, 53.68453 ], [ 10.16923, 53.67864 ], [ 10.2054, 53.66236 ], [ 10.20912, 53.64479 ], [ 10.21889, 53.64024 ], [ 10.22277, 53.63365 ], [ 10.21533, 53.6142 ], [ 10.21067, 53.58435 ], [ 10.17316, 53.57378 ], [ 10.18075, 53.54963 ], [ 10.18323, 53.52896 ], [ 10.18664, 53.52531 ], [ 10.21393, 53.51883 ], [ 10.24762, 53.48878 ], [ 10.27785, 53.47751 ], [ 10.31263, 53.45493 ], [ 10.32069, 53.45565 ], [ 10.32798, 53.43266 ], [ 10.35051, 53.43204 ], [ 10.38643, 53.42387 ], [ 10.52838, 53.3724 ], [ 10.56952, 53.36387 ], [ 10.60124, 53.37183 ], [ 10.62223, 53.391 ], [ 10.62719, 53.40155 ], [ 10.62719, 53.41369 ], [ 10.6354, 53.44524 ], [ 10.64083, 53.45098 ], [ 10.66904, 53.45927 ], [ 10.69096, 53.45772 ], [ 10.70429, 53.47777 ], [ 10.76015, 53.48816 ], [ 10.82252, 53.51648 ], [ 10.82392, 53.53128 ], [ 10.83338, 53.54779 ], [ 10.82965, 53.57006 ], [ 10.84144, 53.57187 ], [ 10.85777, 53.5682 ], [ 10.90774, 53.57221 ], [ 10.91719, 53.56774 ], [ 10.92386, 53.55185 ], [ 10.92898, 53.54846 ], [ 10.9544, 53.56614 ], [ 10.94231, 53.5697 ], [ 10.95301, 53.57368 ], [ 10.95378, 53.57797 ], [ 10.9406, 53.6114 ], [ 10.93983, 53.62872 ], [ 10.95316, 53.63427 ], [ 10.95647, 53.65034 ], [ 10.94649, 53.66494 ], [ 10.94556, 53.67706 ], [ 10.93812, 53.68471 ], [ 10.91456, 53.69677 ], [ 10.88629, 53.70189 ], [ 10.86552, 53.69987 ], [ 10.85746, 53.70259 ], [ 10.80594, 53.74119 ], [ 10.75891, 53.74788 ], [ 10.771, 53.79333 ], [ 10.76279, 53.81995 ], [ 10.751, 53.841 ], [ 10.7555, 53.85434 ], [ 10.76697, 53.86736 ], [ 10.81229, 53.88265 ], [ 10.86133, 53.90984 ], [ 10.88521, 53.91914 ], [ 10.90727, 53.91547 ], [ 10.90665, 53.90534 ], [ 10.91285, 53.90214 ], [ 10.94525, 53.90519 ], [ 10.96127, 53.9119 ], [ 10.91068, 53.92467 ], [ 10.90417, 53.93128 ], [ 10.90602, 53.96121 ], [ 10.88738, 53.96393 ], [ 10.88258, 53.98505 ], [ 10.8755, 53.99543 ], [ 10.86557, 53.99779 ], [ 10.82691, 53.99543 ], [ 10.79965, 54.00056 ], [ 10.78045, 54.00996 ], [ 10.76588, 54.02436 ], [ 10.75261, 54.04389 ], [ 10.75261, 54.05012 ], [ 10.80543, 54.09488 ], [ 10.82228, 54.09736 ], [ 10.83611, 54.08999 ], [ 10.84457, 54.09447 ], [ 10.89283, 54.10253 ], [ 10.91033, 54.1092 ], [ 10.95045, 54.13947 ], [ 11.06658, 54.18391 ], [ 11.07097, 54.19257 ], [ 11.09018, 54.20799 ], [ 11.09449, 54.22508 ], [ 11.08774, 54.25389 ], [ 11.08709, 54.2709 ], [ 11.09449, 54.28351 ], [ 11.0866, 54.30244 ], [ 11.0774, 54.34223 ], [ 11.06658, 54.35859 ], [ 11.08774, 54.35175 ], [ 11.13551, 54.38589 ], [ 11.10418, 54.39289 ], [ 11.03395, 54.36762 ], [ 11.01051, 54.37718 ], [ 10.99317, 54.37385 ], [ 10.97584, 54.3784 ], [ 11.01881, 54.3791 ], [ 11.01881, 54.38589 ], [ 10.93531, 54.37954 ], [ 10.90089, 54.37104 ], [ 10.86793, 54.35859 ], [ 10.8108, 54.32738 ], [ 10.77711, 54.31513 ], [ 10.73129, 54.31021 ], [ 10.6902, 54.31623 ], [ 10.60108, 54.36542 ], [ 10.44337, 54.4064 ], [ 10.38282, 54.43476 ], [ 10.36085, 54.44111 ], [ 10.31837, 54.4433 ], [ 10.3069, 54.44111 ], [ 10.28582, 54.42475 ], [ 10.27215, 54.42007 ], [ 10.23439, 54.41771 ], [ 10.22438, 54.4138 ], [ 10.21713, 54.40542 ], [ 10.20387, 54.37226 ], [ 10.18035, 54.34113 ], [ 10.16375, 54.32917 ], [ 10.14177, 54.32441 ], [ 10.15162, 54.33397 ], [ 10.15553, 54.34341 ], [ 10.15252, 54.35179 ], [ 10.14177, 54.35859 ], [ 10.14829, 54.36518 ], [ 10.14177, 54.37226 ], [ 10.15903, 54.37531 ], [ 10.17709, 54.38426 ], [ 10.19125, 54.39671 ], [ 10.19703, 54.4101 ], [ 10.18385, 54.43842 ], [ 10.18393, 54.44937 ], [ 10.20387, 54.461 ], [ 10.1434, 54.49185 ], [ 10.12469, 54.49575 ], [ 9.88331, 54.4621 ], [ 9.8401, 54.47529 ], [ 9.8401, 54.48212 ], [ 9.88201, 54.48485 ], [ 9.9253, 54.49311 ], [ 9.96559, 54.50617 ], [ 9.99781, 54.52367 ], [ 10.01043, 54.53433 ], [ 10.02687, 54.55996 ], [ 10.03761, 54.61909 ], [ 10.03696, 54.6389 ], [ 10.03191, 54.65278 ], [ 10.03907, 54.66682 ], [ 10.03354, 54.67292 ], [ 10.02215, 54.67243 ], [ 10.0114, 54.66706 ], [ 9.99635, 54.67878 ], [ 9.92945, 54.6739 ], [ 9.93238, 54.68525 ], [ 9.9463, 54.68765 ], [ 9.97104, 54.69904 ], [ 9.97047, 54.70124 ], [ 10.00538, 54.6955 ], [ 10.01824, 54.70124 ], [ 9.99049, 54.72053 ], [ 9.98414, 54.7285 ], [ 9.97047, 54.76264 ], [ 9.94752, 54.77953 ], [ 9.91505, 54.79121 ], [ 9.89145, 54.79027 ], [ 9.89536, 54.76948 ], [ 9.84986, 54.75934 ], [ 9.82374, 54.75674 ], [ 9.81219, 54.76606 ], [ 9.80177, 54.78339 ], [ 9.73463, 54.80732 ], [ 9.69304, 54.81802 ], [ 9.6316, 54.81989 ], [ 9.58318, 54.83027 ], [ 9.57993, 54.86628 ], [ 9.56691, 54.86017 ], [ 9.55437, 54.84711 ], [ 9.52996, 54.8415 ], [ 9.511, 54.82783 ], [ 9.45143, 54.81037 ], [ 9.40519, 54.80839 ], [ 9.38504, 54.81939 ], [ 9.36695, 54.81702 ], [ 9.33202, 54.80322 ], [ 9.24407, 54.80177 ], [ 9.22639, 54.80591 ], [ 9.21905, 54.81779 ], [ 9.21151, 54.84182 ], [ 9.19477, 54.8504 ], [ 8.98269, 54.87934 ], [ 8.90414, 54.89794 ], [ 8.82425, 54.9059 ] ] ], [ [ [ 8.96315, 54.52367 ], [ 8.9192, 54.53046 ], [ 8.87965, 54.52912 ], [ 8.84449, 54.51972 ], [ 8.81284, 54.50194 ], [ 8.82553, 54.4912 ], [ 8.82374, 54.48554 ], [ 8.81284, 54.48212 ], [ 8.8239, 54.47085 ], [ 8.84449, 54.4665 ], [ 8.88795, 54.46845 ], [ 8.91131, 54.47549 ], [ 8.93849, 54.49909 ], [ 8.95688, 54.50943 ], [ 8.95631, 54.51944 ], [ 8.96315, 54.52367 ] ] ], [ [ [ 11.23211, 54.50165 ], [ 11.20655, 54.51447 ], [ 11.12127, 54.53596 ], [ 11.07293, 54.5312 ], [ 11.0337, 54.50886 ], [ 11.00571, 54.46845 ], [ 11.00847, 54.45466 ], [ 11.02573, 54.45881 ], [ 11.03248, 54.44733 ], [ 11.03989, 54.44733 ], [ 11.04737, 54.45327 ], [ 11.05812, 54.45527 ], [ 11.09864, 54.45165 ], [ 11.10328, 54.44383 ], [ 11.10133, 54.42349 ], [ 11.11264, 54.41523 ], [ 11.13885, 54.41267 ], [ 11.17905, 54.41421 ], [ 11.17018, 54.42007 ], [ 11.18849, 54.42617 ], [ 11.31422, 54.4138 ], [ 11.23211, 54.50165 ] ] ], [ [ [ 8.33237, 54.69379 ], [ 8.36069, 54.71003 ], [ 8.36036, 54.71483 ], [ 8.33839, 54.71015 ], [ 8.32049, 54.69872 ], [ 8.29151, 54.66706 ], [ 8.33025, 54.63142 ], [ 8.35369, 54.61896 ], [ 8.38771, 54.62613 ], [ 8.40138, 54.63296 ], [ 8.38233, 54.63915 ], [ 8.33237, 54.69379 ] ] ], [ [ [ 8.46412, 54.75479 ], [ 8.43678, 54.74848 ], [ 8.41424, 54.73579 ], [ 8.39454, 54.71483 ], [ 8.45281, 54.69383 ], [ 8.4852, 54.68806 ], [ 8.51124, 54.69379 ], [ 8.53517, 54.68618 ], [ 8.55209, 54.685 ], [ 8.56577, 54.68757 ], [ 8.57407, 54.6944 ], [ 8.58546, 54.71361 ], [ 8.59376, 54.72167 ], [ 8.59376, 54.7285 ], [ 8.57594, 54.74641 ], [ 8.55323, 54.75446 ], [ 8.46412, 54.75479 ] ] ], [ [ [ 8.36036, 54.94819 ], [ 8.35157, 54.96674 ], [ 8.36199, 54.9868 ], [ 8.38087, 55.00308 ], [ 8.42156, 55.01626 ], [ 8.43043, 55.03002 ], [ 8.42221, 55.04218 ], [ 8.39454, 55.04385 ], [ 8.40235, 55.04877 ], [ 8.46339, 55.05069 ], [ 8.41578, 55.06533 ], [ 8.37371, 55.03498 ], [ 8.29802, 54.91254 ], [ 8.28858, 54.8913 ], [ 8.27703, 54.78278 ], [ 8.27784, 54.75642 ], [ 8.28443, 54.74238 ], [ 8.2907, 54.74531 ], [ 8.29575, 54.7591 ], [ 8.29835, 54.77692 ], [ 8.29493, 54.83153 ], [ 8.29786, 54.8356 ], [ 8.29933, 54.85529 ], [ 8.30201, 54.86262 ], [ 8.30714, 54.86538 ], [ 8.34392, 54.8791 ], [ 8.36199, 54.87694 ], [ 8.37062, 54.86823 ], [ 8.37713, 54.86628 ], [ 8.44606, 54.86628 ], [ 8.46119, 54.8688 ], [ 8.50441, 54.88618 ], [ 8.62941, 54.88215 ], [ 8.65447, 54.89362 ], [ 8.43653, 54.88727 ], [ 8.38836, 54.89423 ], [ 8.3545, 54.91275 ], [ 8.36036, 54.94819 ] ] ], [ [ [ 8.63453, 54.54263 ], [ 8.60206, 54.52977 ], [ 8.59588, 54.51366 ], [ 8.60613, 54.49921 ], [ 8.61883, 54.49262 ], [ 8.64129, 54.49238 ], [ 8.66977, 54.5019 ], [ 8.69288, 54.52326 ], [ 8.70094, 54.54776 ], [ 8.6989, 54.55858 ], [ 8.63453, 54.54263 ] ] ], [ [ [ 7.90414, 54.18041 ], [ 7.90065, 54.19066 ], [ 7.89454, 54.19465 ], [ 7.87989, 54.19392 ], [ 7.89772, 54.18232 ], [ 7.89918, 54.17817 ], [ 7.90414, 54.18041 ] ] ], [ [ [ 7.91236, 54.19229 ], [ 7.91765, 54.187 ], [ 7.93344, 54.18989 ], [ 7.92986, 54.1953 ], [ 7.91236, 54.19229 ] ] ] ] } },
{ "type": "Feature", "properties": { "id": "DE-SL", "name": "Saarland" }, "geometry": { "type": "Polygon", "coordinates": [ [ [ 6.34531, 49.45535 ], [ 6.3645, 49.4561 ], [ 6.39168, 49.4667 ], [ 6.40274, 49.46546 ], [ 6.49452, 49.43554 ], [ 6.51167, 49.42474 ], [ 6.52056, 49.40815 ], [ 6.51881, 49.40215 ], [ 6.57431, 49.36179 ], [ 6.57772, 49.3558 ], [ 6.57338, 49.34774 ], [ 6.5556, 49.34717 ], [ 6.55012, 49.33802 ], [ 6.55643, 49.3264 ], [ 6.63968, 49.27115 ], [ 6.6403, 49.25276 ], [ 6.66376, 49.24387 ], [ 6.6806, 49.20749 ], [ 6.70252, 49.21364 ], [ 6.70882, 49.19777 ], [ 6.70097, 49.17287 ], [ 6.71378, 49.15886 ], [ 6.72556, 49.15555 ], [ 6.77011, 49.1553 ], [ 6.80907, 49.14584 ], [ 6.82178, 49.14775 ], [ 6.83904, 49.16279 ], [ 6.82768, 49.19555 ], [ 6.83346, 49.20945 ], [ 6.84349, 49.21105 ], [ 6.88524, 49.2048 ], [ 6.91439, 49.20666 ], [ 6.92545, 49.20558 ], [ 6.98787, 49.18243 ], [ 7.00947, 49.1817 ], [ 7.00896, 49.14641 ], [ 7.02053, 49.11897 ], [ 7.04255, 49.1076 ], [ 7.07324, 49.12031 ], [ 7.07479, 49.12537 ], [ 7.07076, 49.13612 ], [ 7.07986, 49.14201 ], [ 7.12358, 49.12331 ], [ 7.15499, 49.11442 ], [ 7.24119, 49.1139 ], [ 7.27437, 49.10501 ], [ 7.2971, 49.12811 ], [ 7.334, 49.13416 ], [ 7.35095, 49.15917 ], [ 7.37163, 49.16617 ], [ 7.36919, 49.16904 ], [ 7.34914, 49.16868 ], [ 7.29468, 49.20516 ], [ 7.28693, 49.23079 ], [ 7.28817, 49.2402 ], [ 7.29576, 49.2502 ], [ 7.31674, 49.25193 ], [ 7.32992, 49.26418 ], [ 7.33736, 49.28609 ], [ 7.35271, 49.29771 ], [ 7.35845, 49.31567 ], [ 7.37881, 49.32743 ], [ 7.38733, 49.33683 ], [ 7.38346, 49.34815 ], [ 7.39059, 49.36071 ], [ 7.38516, 49.36967 ], [ 7.3754, 49.37337 ], [ 7.35116, 49.37931 ], [ 7.30119, 49.38484 ], [ 7.29142, 49.38882 ], [ 7.29576, 49.39425 ], [ 7.29344, 49.39859 ], [ 7.2523, 49.43099 ], [ 7.2461, 49.44613 ], [ 7.27917, 49.47078 ], [ 7.30537, 49.48204 ], [ 7.30909, 49.49026 ], [ 7.30584, 49.50251 ], [ 7.29359, 49.50711 ], [ 7.29096, 49.53434 ], [ 7.27344, 49.56168 ], [ 7.27328, 49.57672 ], [ 7.27065, 49.5778 ], [ 7.23788, 49.56617 ], [ 7.20843, 49.56437 ], [ 7.15954, 49.5871 ], [ 7.13794, 49.6009 ], [ 7.06518, 49.60493 ], [ 6.99878, 49.62948 ], [ 6.97113, 49.61868 ], [ 6.94214, 49.62793 ], [ 6.85972, 49.59449 ], [ 6.71233, 49.55031 ], [ 6.66981, 49.54938 ], [ 6.60511, 49.53021 ], [ 6.48997, 49.53382 ], [ 6.34881, 49.52529 ], [ 6.34228, 49.493 ], [ 6.34531, 49.45535 ] ] ] } },
{ "type": "Feature", "properties": { "id": "DE-SN", "name": "Sachsen" }, "geometry": { "type": "Polygon", "coordinates": [ [ [ 14.39781, 51.01311 ], [ 14.42582, 51.02094 ], [ 14.46209, 51.01965 ], [ 14.47346, 51.02337 ], [ 14.48214, 51.0372 ], [ 14.49351, 51.01671 ], [ 14.50292, 51.00852 ], [ 14.51532, 51.00304 ], [ 14.5423, 50.99875 ], [ 14.55459, 50.99265 ], [ 14.57433, 50.97549 ], [ 14.57744, 50.96573 ], [ 14.57557, 50.95069 ], [ 14.55583, 50.92428 ], [ 14.55036, 50.91209 ], [ 14.56183, 50.90635 ], [ 14.61712, 50.92087 ], [ 14.62922, 50.92072 ], [ 14.63459, 50.9094 ], [ 14.61185, 50.87095 ], [ 14.60834, 50.85307 ], [ 14.6132, 50.84558 ], [ 14.64792, 50.83938 ], [ 14.70043, 50.81597 ], [ 14.75923, 50.81018 ], [ 14.77536, 50.81297 ], [ 14.78507, 50.82005 ], [ 14.81039, 50.85845 ], [ 14.8105, 50.87705 ], [ 14.82466, 50.89183 ], [ 14.86021, 50.91684 ], [ 14.95529, 51.06404 ], [ 14.96025, 51.10458 ], [ 14.97999, 51.1228 ], [ 14.9832, 51.16091 ], [ 14.99136, 51.18897 ], [ 15.0049, 51.21561 ], [ 15.02206, 51.23677 ], [ 15.01431, 51.24266 ], [ 15.01948, 51.27168 ], [ 15.0049, 51.29129 ], [ 14.98227, 51.30801 ], [ 14.96377, 51.32839 ], [ 14.96098, 51.33529 ], [ 14.94692, 51.42291 ], [ 14.9554, 51.43541 ], [ 14.94506, 51.44919 ], [ 14.91096, 51.46898 ], [ 14.8414, 51.48443 ], [ 14.79747, 51.5021 ], [ 14.73215, 51.51582 ], [ 14.71004, 51.53024 ], [ 14.70677, 51.54083 ], [ 14.66337, 51.54207 ], [ 14.59537, 51.56249 ], [ 14.55258, 51.5645 ], [ 14.50927, 51.55685 ], [ 14.37724, 51.51551 ], [ 14.33859, 51.50993 ], [ 14.30474, 51.52409 ], [ 14.26893, 51.53236 ], [ 14.22097, 51.53629 ], [ 14.15875, 51.52688 ], [ 14.10615, 51.5059 ], [ 14.06703, 51.47386 ], [ 14.06114, 51.46637 ], [ 14.05928, 51.45074 ], [ 14.04393, 51.42808 ], [ 13.97034, 51.35919 ], [ 13.96057, 51.35705 ], [ 13.93841, 51.36136 ], [ 13.76648, 51.34798 ], [ 13.61439, 51.35532 ], [ 13.55512, 51.36627 ], [ 13.53388, 51.36374 ], [ 13.52174, 51.36694 ], [ 13.50515, 51.3825 ], [ 13.47952, 51.39335 ], [ 13.45766, 51.40699 ], [ 13.41079, 51.42141 ], [ 13.38738, 51.4197 ], [ 13.36314, 51.40834 ], [ 13.25219, 51.38524 ], [ 13.23917, 51.39867 ], [ 13.21938, 51.40294 ], [ 13.21452, 51.3966 ], [ 13.20346, 51.39766 ], [ 13.18765, 51.38524 ], [ 13.18408, 51.38653 ], [ 13.17602, 51.3965 ], [ 13.17385, 51.40684 ], [ 13.19323, 51.4226 ], [ 13.19819, 51.4328 ], [ 13.19995, 51.45805 ], [ 13.19809, 51.46668 ], [ 13.19199, 51.46988 ], [ 13.18905, 51.47619 ], [ 13.20739, 51.4865 ], [ 13.21034, 51.4965 ], [ 13.20305, 51.51804 ], [ 13.19602, 51.52864 ], [ 13.17509, 51.53654 ], [ 13.16533, 51.5453 ], [ 13.17153, 51.56621 ], [ 13.1692, 51.5706 ], [ 13.13737, 51.58662 ], [ 13.12264, 51.5831 ], [ 13.11489, 51.58502 ], [ 13.10109, 51.59091 ], [ 13.07314, 51.61235 ], [ 13.04383, 51.61793 ], [ 13.01526, 51.63509 ], [ 13.00875, 51.63669 ], [ 12.99061, 51.62915 ], [ 12.97784, 51.6277 ], [ 12.96415, 51.63799 ], [ 12.9147, 51.6499 ], [ 12.90198, 51.6554 ], [ 12.89103, 51.67008 ], [ 12.86204, 51.66832 ], [ 12.8531, 51.65979 ], [ 12.8008, 51.63266 ], [ 12.78158, 51.627 ], [ 12.75222, 51.63499 ], [ 12.71533, 51.63819 ], [ 12.7006, 51.63292 ], [ 12.68287, 51.61266 ], [ 12.6621, 51.60145 ], [ 12.65047, 51.60117 ], [ 12.64143, 51.60646 ], [ 12.54511, 51.59597 ], [ 12.53239, 51.60176 ], [ 12.45245, 51.60378 ], [ 12.44346, 51.60145 ], [ 12.43788, 51.57848 ], [ 12.43059, 51.57246 ], [ 12.35638, 51.56776 ], [ 12.29773, 51.55122 ], [ 12.26734, 51.55334 ], [ 12.23536, 51.56215 ], [ 12.23086, 51.55856 ], [ 12.22481, 51.54445 ], [ 12.19536, 51.52874 ], [ 12.19536, 51.482 ], [ 12.19071, 51.47014 ], [ 12.15624, 51.44611 ], [ 12.15872, 51.4257 ], [ 12.16756, 51.4143 ], [ 12.17004, 51.37537 ], [ 12.18477, 51.35131 ], [ 12.18632, 51.34351 ], [ 12.18167, 51.32477 ], [ 12.17267, 51.32043 ], [ 12.1581, 51.31992 ], [ 12.14601, 51.31361 ], [ 12.13231, 51.29175 ], [ 12.14027, 51.27356 ], [ 12.14167, 51.25294 ], [ 12.16089, 51.23661 ], [ 12.16461, 51.22651 ], [ 12.16802, 51.19744 ], [ 12.16322, 51.1867 ], [ 12.15283, 51.17763 ], [ 12.15329, 51.17 ], [ 12.18415, 51.16406 ], [ 12.17949, 51.13683 ], [ 12.18895, 51.12494 ], [ 12.21117, 51.11156 ], [ 12.21489, 51.09492 ], [ 12.22264, 51.08897 ], [ 12.26455, 51.08376 ], [ 12.32894, 51.08784 ], [ 12.48366, 51.05833 ], [ 12.49141, 51.02846 ], [ 12.53239, 50.97968 ], [ 12.54573, 50.97126 ], [ 12.60221, 50.95247 ], [ 12.62608, 50.92867 ], [ 12.64722, 50.89994 ], [ 12.64691, 50.8924 ], [ 12.63027, 50.88651 ], [ 12.61089, 50.87013 ], [ 12.59756, 50.87757 ], [ 12.52754, 50.87658 ], [ 12.50785, 50.88152 ], [ 12.50351, 50.87131 ], [ 12.46284, 50.85664 ], [ 12.42439, 50.82434 ], [ 12.41767, 50.82372 ], [ 12.40651, 50.82878 ], [ 12.37054, 50.82599 ], [ 12.3308, 50.80636 ], [ 12.25804, 50.79251 ], [ 12.2568, 50.78233 ], [ 12.26905, 50.77359 ], [ 12.28548, 50.7693 ], [ 12.28905, 50.76331 ], [ 12.27293, 50.74993 ], [ 12.25975, 50.74819 ], [ 12.24921, 50.74259 ], [ 12.24156, 50.73112 ], [ 12.24125, 50.72218 ], [ 12.25804, 50.72313 ], [ 12.26889, 50.71825 ], [ 12.2706, 50.71489 ], [ 12.26548, 50.70099 ], [ 12.27882, 50.6797 ], [ 12.28967, 50.67618 ], [ 12.31235, 50.6767 ], [ 12.32181, 50.67401 ], [ 12.3015, 50.65156 ], [ 12.25293, 50.62632 ], [ 12.18694, 50.62637 ], [ 12.15872, 50.60373 ], [ 12.16027, 50.58368 ], [ 12.15329, 50.56823 ], [ 12.14539, 50.56255 ], [ 12.11836, 50.55697 ], [ 12.09697, 50.5633 ], [ 12.08115, 50.56126 ], [ 12.05878, 50.53754 ], [ 12.04855, 50.53157 ], [ 12.03118, 50.53296 ], [ 12.01036, 50.54666 ], [ 11.98943, 50.54611 ], [ 11.96829, 50.52736 ], [ 11.94473, 50.51586 ], [ 11.93403, 50.50627 ], [ 11.92768, 50.49736 ], [ 11.92582, 50.48839 ], [ 11.94519, 50.47516 ], [ 11.94752, 50.46224 ], [ 11.93713, 50.4532 ], [ 11.93434, 50.44209 ], [ 11.90607, 50.43323 ], [ 11.89972, 50.42933 ], [ 11.89739, 50.42341 ], [ 11.9053, 50.41517 ], [ 11.93171, 50.41692 ], [ 11.94054, 50.41455 ], [ 11.96023, 50.39416 ], [ 11.98121, 50.38532 ], [ 11.98478, 50.38075 ], [ 11.98183, 50.37119 ], [ 11.98602, 50.35155 ], [ 11.98943, 50.34918 ], [ 12.04343, 50.32776 ], [ 12.06529, 50.32791 ], [ 12.09371, 50.32261 ], [ 12.10134, 50.31398 ], [ 12.14931, 50.31171 ], [ 12.16854, 50.30298 ], [ 12.17443, 50.29373 ], [ 12.17412, 50.27657 ], [ 12.17805, 50.26877 ], [ 12.18921, 50.26246 ], [ 12.20378, 50.25957 ], [ 12.23965, 50.25657 ], [ 12.24244, 50.24836 ], [ 12.22983, 50.23905 ], [ 12.22993, 50.23482 ], [ 12.25432, 50.2174 ], [ 12.27323, 50.17234 ], [ 12.28336, 50.16221 ], [ 12.30042, 50.16082 ], [ 12.31437, 50.16733 ], [ 12.31437, 50.17621 ], [ 12.30558, 50.19931 ], [ 12.30868, 50.21709 ], [ 12.31406, 50.2265 ], [ 12.3338, 50.24272 ], [ 12.33649, 50.25859 ], [ 12.36718, 50.27905 ], [ 12.39819, 50.31517 ], [ 12.45018, 50.33936 ], [ 12.46681, 50.34189 ], [ 12.46899, 50.34556 ], [ 12.46681, 50.35491 ], [ 12.47508, 50.36943 ], [ 12.51022, 50.38876 ], [ 12.55053, 50.39636 ], [ 12.62536, 50.39992 ], [ 12.69181, 50.39465 ], [ 12.73791, 50.43155 ], [ 12.75424, 50.43532 ], [ 12.78814, 50.43434 ], [ 12.81739, 50.44302 ], [ 12.91836, 50.4054 ], [ 12.95257, 50.40416 ], [ 12.9966, 50.43367 ], [ 13.00311, 50.45191 ], [ 13.00962, 50.49268 ], [ 13.02626, 50.49764 ], [ 13.06037, 50.49061 ], [ 13.1074, 50.49899 ], [ 13.16011, 50.49702 ], [ 13.1847, 50.50875 ], [ 13.19907, 50.52534 ], [ 13.23235, 50.58203 ], [ 13.25178, 50.58089 ], [ 13.28465, 50.56896 ], [ 13.30563, 50.57578 ], [ 13.32185, 50.60239 ], [ 13.35937, 50.61934 ], [ 13.36878, 50.62833 ], [ 13.38097, 50.62549 ], [ 13.40702, 50.60131 ], [ 13.42934, 50.59433 ], [ 13.44794, 50.59727 ], [ 13.49817, 50.62916 ], [ 13.4991, 50.6352 ], [ 13.49332, 50.64321 ], [ 13.50996, 50.65122 ], [ 13.52329, 50.66218 ], [ 13.52722, 50.67567 ], [ 13.51564, 50.69102 ], [ 13.55657, 50.70673 ], [ 13.60194, 50.71215 ], [ 13.69175, 50.71184 ], [ 13.74906, 50.72321 ], [ 13.77066, 50.72461 ], [ 13.81655, 50.72135 ], [ 13.83453, 50.72368 ], [ 13.86347, 50.73515 ], [ 13.87536, 50.73654 ], [ 13.88218, 50.74274 ], [ 13.87908, 50.76352 ], [ 13.88332, 50.77323 ], [ 13.89252, 50.78042 ], [ 13.92332, 50.77995 ], [ 13.95959, 50.80207 ], [ 13.97913, 50.80476 ], [ 14.03494, 50.80258 ], [ 14.19079, 50.84791 ], [ 14.23213, 50.87938 ], [ 14.2681, 50.88413 ], [ 14.34655, 50.8802 ], [ 14.3759, 50.89596 ], [ 14.38189, 50.92087 ], [ 14.35523, 50.93064 ], [ 14.31833, 50.93751 ], [ 14.2928, 50.95348 ], [ 14.29373, 50.96397 ], [ 14.30376, 50.96971 ], [ 14.28381, 50.97482 ], [ 14.25001, 50.97761 ], [ 14.23833, 50.98247 ], [ 14.2495, 50.99265 ], [ 14.26355, 51.02143 ], [ 14.28753, 51.03683 ], [ 14.31936, 51.04001 ], [ 14.35657, 51.03234 ], [ 14.3759, 51.01699 ], [ 14.39781, 51.01311 ] ] ] } },
{ "type": "Feature", "properties": { "id": "DE-ST", "name": "Sachsen-Anhalt" }, "geometry": { "type": "Polygon", "coordinates": [ [ [ 10.71343, 51.63111 ], [ 10.80345, 51.63256 ], [ 10.84862, 51.61786 ], [ 10.87839, 51.61739 ], [ 10.89094, 51.60959 ], [ 10.94184, 51.59853 ], [ 10.95037, 51.58621 ], [ 10.95192, 51.57696 ], [ 10.93859, 51.57207 ], [ 10.91921, 51.57613 ], [ 10.91146, 51.57112 ], [ 10.91208, 51.56548 ], [ 10.92634, 51.5399 ], [ 10.94681, 51.52264 ], [ 10.94541, 51.49954 ], [ 10.97151, 51.46657 ], [ 10.96453, 51.42782 ], [ 10.97259, 51.41821 ], [ 10.9991, 51.40875 ], [ 11.15382, 51.39686 ], [ 11.1962, 51.39743 ], [ 11.28895, 51.38885 ], [ 11.3149, 51.38332 ], [ 11.36719, 51.35749 ], [ 11.39448, 51.32514 ], [ 11.45189, 51.2715 ], [ 11.44336, 51.25917 ], [ 11.42243, 51.24375 ], [ 11.39711, 51.23473 ], [ 11.34642, 51.22855 ], [ 11.33303, 51.21631 ], [ 11.34451, 51.20439 ], [ 11.38859, 51.1899 ], [ 11.42026, 51.15967 ], [ 11.42647, 51.1436 ], [ 11.42755, 51.12913 ], [ 11.41654, 51.1222 ], [ 11.42352, 51.10375 ], [ 11.42988, 51.09717 ], [ 11.44988, 51.09099 ], [ 11.50465, 51.08923 ], [ 11.53524, 51.10029 ], [ 11.62754, 51.09564 ], [ 11.66774, 51.10065 ], [ 11.69368, 51.08833 ], [ 11.69741, 51.06417 ], [ 11.72066, 51.03626 ], [ 11.72593, 51.02267 ], [ 11.73947, 51.01472 ], [ 11.7466, 51.0128 ], [ 11.75931, 51.01906 ], [ 11.86065, 51.02262 ], [ 11.88251, 51.01205 ], [ 11.9314, 50.99808 ], [ 11.94612, 50.98934 ], [ 11.95202, 50.97777 ], [ 11.96085, 50.971 ], [ 11.99346, 50.95984 ], [ 11.99827, 50.94929 ], [ 12.06793, 50.95611 ], [ 12.12565, 50.94441 ], [ 12.1536, 50.95348 ], [ 12.18523, 50.93689 ], [ 12.19257, 50.92836 ], [ 12.20079, 50.9279 ], [ 12.21892, 50.93738 ], [ 12.21505, 50.94599 ], [ 12.21706, 50.9542 ], [ 12.252, 50.98221 ], [ 12.27603, 51.01286 ], [ 12.26672, 51.02608 ], [ 12.24642, 51.0326 ], [ 12.24425, 51.03606 ], [ 12.24931, 51.05663 ], [ 12.26657, 51.07619 ], [ 12.26455, 51.08376 ], [ 12.2183, 51.0913 ], [ 12.21489, 51.09492 ], [ 12.21117, 51.11156 ], [ 12.18895, 51.12494 ], [ 12.17949, 51.13683 ], [ 12.18415, 51.16406 ], [ 12.15329, 51.17 ], [ 12.15283, 51.17763 ], [ 12.16322, 51.1867 ], [ 12.16802, 51.19744 ], [ 12.16461, 51.22651 ], [ 12.16089, 51.23661 ], [ 12.14167, 51.25294 ], [ 12.14027, 51.27356 ], [ 12.13262, 51.28901 ], [ 12.13686, 51.30276 ], [ 12.14601, 51.31361 ], [ 12.1581, 51.31992 ], [ 12.17949, 51.32271 ], [ 12.18461, 51.33108 ], [ 12.18477, 51.35131 ], [ 12.17004, 51.37537 ], [ 12.16756, 51.4143 ], [ 12.15872, 51.4257 ], [ 12.15624, 51.44611 ], [ 12.19071, 51.47014 ], [ 12.19536, 51.482 ], [ 12.19536, 51.52874 ], [ 12.22481, 51.54445 ], [ 12.23086, 51.55856 ], [ 12.23536, 51.56215 ], [ 12.26734, 51.55334 ], [ 12.29773, 51.55122 ], [ 12.35638, 51.56776 ], [ 12.43059, 51.57246 ], [ 12.43788, 51.57848 ], [ 12.44346, 51.60145 ], [ 12.45245, 51.60378 ], [ 12.53239, 51.60176 ], [ 12.54511, 51.59597 ], [ 12.64143, 51.60646 ], [ 12.65047, 51.60117 ], [ 12.6621, 51.60145 ], [ 12.68287, 51.61266 ], [ 12.7006, 51.63292 ], [ 12.71533, 51.63819 ], [ 12.75222, 51.63499 ], [ 12.78158, 51.627 ], [ 12.8008, 51.63266 ], [ 12.8531, 51.65979 ], [ 12.86204, 51.66832 ], [ 12.89103, 51.67008 ], [ 12.90198, 51.6554 ], [ 12.96415, 51.63799 ], [ 12.97784, 51.6277 ], [ 12.99061, 51.62915 ], [ 13.00875, 51.63669 ], [ 13.02285, 51.63168 ], [ 13.04383, 51.61793 ], [ 13.06166, 51.61509 ], [ 13.08228, 51.6384 ], [ 13.15044, 51.67287 ], [ 13.17835, 51.69659 ], [ 13.1816, 51.70855 ], [ 13.15897, 51.74108 ], [ 13.15788, 51.78211 ], [ 13.19385, 51.81906 ], [ 13.22816, 51.84301 ], [ 13.23685, 51.85549 ], [ 13.21793, 51.86056 ], [ 13.17912, 51.86138 ], [ 13.16083, 51.84438 ], [ 13.13938, 51.85663 ], [ 13.13225, 51.85756 ], [ 13.06616, 51.85265 ], [ 13.04771, 51.85715 ], [ 12.99154, 51.88156 ], [ 12.96203, 51.90371 ], [ 12.93071, 51.90923 ], [ 12.87687, 51.91081 ], [ 12.87191, 51.91288 ], [ 12.85914, 51.93512 ], [ 12.84411, 51.94169 ], [ 12.79475, 51.94624 ], [ 12.66675, 51.99445 ], [ 12.65481, 51.99445 ], [ 12.64644, 51.98246 ], [ 12.62159, 51.97393 ], [ 12.60763, 51.96541 ], [ 12.56154, 51.97171 ], [ 12.49746, 52.0005 ], [ 12.47152, 52.01998 ], [ 12.46253, 52.02111 ], [ 12.44981, 52.01083 ], [ 12.42563, 52.01021 ], [ 12.36512, 52.04008 ], [ 12.36134, 52.0577 ], [ 12.29913, 52.10969 ], [ 12.28052, 52.12217 ], [ 12.25634, 52.13082 ], [ 12.24611, 52.14764 ], [ 12.2166, 52.16633 ], [ 12.19908, 52.19392 ], [ 12.22202, 52.23237 ], [ 12.24497, 52.2472 ], [ 12.24807, 52.25242 ], [ 12.23334, 52.26787 ], [ 12.21985, 52.27061 ], [ 12.209, 52.27901 ], [ 12.20575, 52.30169 ], [ 12.2214, 52.33293 ], [ 12.2352, 52.35003 ], [ 12.22947, 52.36833 ], [ 12.23365, 52.37921 ], [ 12.23195, 52.38647 ], [ 12.24931, 52.40827 ], [ 12.25742, 52.42688 ], [ 12.24766, 52.44471 ], [ 12.2661, 52.45649 ], [ 12.28672, 52.48421 ], [ 12.28827, 52.5062 ], [ 12.29509, 52.51612 ], [ 12.29106, 52.51809 ], [ 12.25603, 52.51416 ], [ 12.22993, 52.53695 ], [ 12.21179, 52.54222 ], [ 12.2059, 52.53914 ], [ 12.20063, 52.52483 ], [ 12.19298, 52.51897 ], [ 12.16864, 52.51375 ], [ 12.15593, 52.51592 ], [ 12.14771, 52.523 ], [ 12.14632, 52.53183 ], [ 12.1626, 52.54677 ], [ 12.16167, 52.54896 ], [ 12.12999, 52.54961 ], [ 12.12332, 52.55299 ], [ 12.15081, 52.58 ], [ 12.16198, 52.63609 ], [ 12.1857, 52.63586 ], [ 12.20466, 52.64118 ], [ 12.21582, 52.65338 ], [ 12.22575, 52.6726 ], [ 12.22807, 52.69017 ], [ 12.21024, 52.70257 ], [ 12.20373, 52.7174 ], [ 12.19329, 52.72815 ], [ 12.19009, 52.73606 ], [ 12.20869, 52.75192 ], [ 12.20652, 52.75838 ], [ 12.1966, 52.76815 ], [ 12.19505, 52.77923 ], [ 12.22962, 52.79874 ], [ 12.23396, 52.80977 ], [ 12.21381, 52.8546 ], [ 12.20327, 52.86592 ], [ 12.175, 52.87248 ], [ 12.13634, 52.86582 ], [ 12.11123, 52.86664 ], [ 12.11232, 52.87801 ], [ 12.1072, 52.88514 ], [ 12.09697, 52.89109 ], [ 11.99765, 52.8868 ], [ 11.98261, 52.88305 ], [ 11.9655, 52.88522 ], [ 11.92473, 52.89827 ], [ 11.89672, 52.90173 ], [ 11.83187, 52.92824 ], [ 11.84541, 52.94354 ], [ 11.85078, 52.95511 ], [ 11.83859, 52.95946 ], [ 11.80727, 52.96033 ], [ 11.79327, 52.96715 ], [ 11.76288, 52.99511 ], [ 11.71167, 52.98204 ], [ 11.6942, 52.98395 ], [ 11.68061, 53.01217 ], [ 11.66909, 53.01728 ], [ 11.63596, 53.01811 ], [ 11.62227, 53.0224 ], [ 11.63054, 53.02759 ], [ 11.63627, 53.03712 ], [ 11.63581, 53.04625 ], [ 11.62568, 53.0503 ], [ 11.58134, 53.04286 ], [ 11.56191, 53.01002 ], [ 11.55199, 53.00565 ], [ 11.52517, 53.00824 ], [ 11.50977, 53.00385 ], [ 11.50186, 52.99191 ], [ 11.49628, 52.9694 ], [ 11.50202, 52.94416 ], [ 11.47039, 52.94008 ], [ 11.40874, 52.90525 ], [ 11.3737, 52.89956 ], [ 11.31288, 52.8838 ], [ 11.28446, 52.8853 ], [ 11.2533, 52.87615 ], [ 11.2379, 52.88786 ], [ 11.21356, 52.89775 ], [ 11.16529, 52.90326 ], [ 11.10664, 52.9006 ], [ 11.05078, 52.91227 ], [ 11.01466, 52.91186 ], [ 10.99879, 52.90587 ], [ 10.99306, 52.886 ], [ 10.98933, 52.88212 ], [ 10.96065, 52.86515 ], [ 10.94169, 52.85907 ], [ 10.88552, 52.84716 ], [ 10.79539, 52.84634 ], [ 10.76201, 52.83838 ], [ 10.7586, 52.8351 ], [ 10.76046, 52.82649 ], [ 10.75674, 52.81817 ], [ 10.76015, 52.80135 ], [ 10.75689, 52.78649 ], [ 10.77426, 52.76169 ], [ 10.79384, 52.74794 ], [ 10.80097, 52.72247 ], [ 10.81121, 52.71606 ], [ 10.82175, 52.71606 ], [ 10.83694, 52.71027 ], [ 10.8849, 52.65141 ], [ 10.9282, 52.6142 ], [ 10.93735, 52.61384 ], [ 10.95719, 52.62252 ], [ 10.97678, 52.61627 ], [ 10.9743, 52.60831 ], [ 10.94836, 52.58894 ], [ 10.94649, 52.56294 ], [ 10.95368, 52.54548 ], [ 10.99414, 52.50899 ], [ 11.00174, 52.49814 ], [ 10.97135, 52.49959 ], [ 10.95254, 52.49442 ], [ 10.94138, 52.47644 ], [ 10.93905, 52.46212 ], [ 11.01073, 52.40347 ], [ 11.0376, 52.39484 ], [ 11.06695, 52.37975 ], [ 11.073, 52.37218 ], [ 11.06912, 52.35846 ], [ 11.0638, 52.35383 ], [ 11.019, 52.34874 ], [ 11.00143, 52.34373 ], [ 10.99926, 52.34032 ], [ 11.00298, 52.32885 ], [ 11.02287, 52.32164 ], [ 11.03372, 52.30647 ], [ 11.03202, 52.30138 ], [ 11.01569, 52.29169 ], [ 11.01476, 52.2874 ], [ 11.04458, 52.26177 ], [ 11.0607, 52.26141 ], [ 11.06365, 52.24368 ], [ 11.07346, 52.25076 ], [ 11.07842, 52.25097 ], [ 11.08447, 52.24366 ], [ 11.08509, 52.23071 ], [ 11.07827, 52.221 ], [ 11.03745, 52.21146 ], [ 11.02907, 52.20612 ], [ 11.0207, 52.19405 ], [ 11.01931, 52.18687 ], [ 11.02721, 52.17754 ], [ 11.05434, 52.16839 ], [ 11.05791, 52.15284 ], [ 11.0483, 52.13971 ], [ 11.01383, 52.11894 ], [ 10.95812, 52.10483 ], [ 10.94882, 52.09974 ], [ 10.94944, 52.09367 ], [ 10.96934, 52.08354 ], [ 10.96996, 52.06892 ], [ 10.96298, 52.05982 ], [ 10.89621, 52.05853 ], [ 10.85033, 52.05026 ], [ 10.71747, 52.05023 ], [ 10.66083, 52.04473 ], [ 10.65246, 52.04261 ], [ 10.65122, 52.0298 ], [ 10.62161, 52.01052 ], [ 10.60931, 52.0082 ], [ 10.58001, 52.01031 ], [ 10.57008, 52.0068 ], [ 10.57117, 52.00034 ], [ 10.58776, 51.98535 ], [ 10.59024, 51.97616 ], [ 10.61535, 51.9684 ], [ 10.62936, 51.9583 ], [ 10.64548, 51.95709 ], [ 10.61814, 51.94344 ], [ 10.61303, 51.92453 ], [ 10.61504, 51.92071 ], [ 10.63525, 51.91156 ], [ 10.64114, 51.89156 ], [ 10.6399, 51.88355 ], [ 10.62874, 51.87146 ], [ 10.61442, 51.86619 ], [ 10.60435, 51.85632 ], [ 10.58714, 51.851 ], [ 10.58016, 51.8449 ], [ 10.57784, 51.80521 ], [ 10.58388, 51.7803 ], [ 10.60295, 51.76578 ], [ 10.61923, 51.75855 ], [ 10.63013, 51.73839 ], [ 10.64424, 51.72134 ], [ 10.66114, 51.711 ], [ 10.66827, 51.69829 ], [ 10.66904, 51.66987 ], [ 10.69762, 51.63737 ], [ 10.71343, 51.63111 ] ] ] } },
{ "type": "Feature", "properties": { "id": "DE-TH", "name": "Thüringen" }, "geometry": { "type": "Polygon", "coordinates": [ [ [ 9.94986, 51.30302 ], [ 9.96475, 51.29992 ], [ 9.98397, 51.28578 ], [ 10.00242, 51.28597 ], [ 10.04913, 51.27656 ], [ 10.05378, 51.27101 ], [ 10.04851, 51.25775 ], [ 10.05363, 51.2517 ], [ 10.06934, 51.24364 ], [ 10.07725, 51.22488 ], [ 10.13326, 51.21295 ], [ 10.14846, 51.20695 ], [ 10.17285, 51.20607 ], [ 10.19703, 51.1947 ], [ 10.23026, 51.18432 ], [ 10.2329, 51.17987 ], [ 10.22917, 51.1729 ], [ 10.21408, 51.16127 ], [ 10.2085, 51.15114 ], [ 10.20277, 51.12021 ], [ 10.19874, 51.11634 ], [ 10.18556, 51.12701 ], [ 10.1854, 51.13512 ], [ 10.17362, 51.14484 ], [ 10.13435, 51.14106 ], [ 10.12598, 51.1361 ], [ 10.13419, 51.13083 ], [ 10.14039, 51.12158 ], [ 10.16907, 51.11548 ], [ 10.1652, 51.10251 ], [ 10.14737, 51.08117 ], [ 10.14101, 51.05869 ], [ 10.14241, 51.05523 ], [ 10.15993, 51.05298 ], [ 10.17207, 51.04691 ], [ 10.19316, 51.04484 ], [ 10.2054, 51.03172 ], [ 10.20866, 51.02087 ], [ 10.19114, 50.99663 ], [ 10.13326, 50.99456 ], [ 10.12272, 50.99932 ], [ 10.12117, 51.00903 ], [ 10.10438, 51.00585 ], [ 10.09337, 51.00851 ], [ 10.05115, 51.00702 ], [ 10.02619, 50.99572 ], [ 10.02355, 50.98211 ], [ 10.02634, 50.97601 ], [ 10.04309, 50.96164 ], [ 10.04603, 50.94904 ], [ 10.04138, 50.94092 ], [ 10.01332, 50.93705 ], [ 9.97808, 50.93942 ], [ 9.96769, 50.94325 ], [ 9.95591, 50.94185 ], [ 9.95327, 50.93896 ], [ 9.95265, 50.9265 ], [ 9.95932, 50.92506 ], [ 9.96971, 50.92909 ], [ 9.97033, 50.91421 ], [ 9.9742, 50.90614 ], [ 9.98087, 50.90764 ], [ 9.99467, 50.91906 ], [ 10.00852, 50.92051 ], [ 10.0327, 50.90875 ], [ 10.04417, 50.8925 ], [ 10.05596, 50.88263 ], [ 10.02603, 50.85876 ], [ 10.02324, 50.85436 ], [ 10.02681, 50.84682 ], [ 10.02603, 50.83703 ], [ 10.02309, 50.83331 ], [ 9.9725, 50.82429 ], [ 9.9494, 50.81519 ], [ 9.94971, 50.80995 ], [ 9.94222, 50.79643 ], [ 9.94625, 50.77659 ], [ 9.92609, 50.77323 ], [ 9.92067, 50.76378 ], [ 9.93555, 50.75099 ], [ 9.93338, 50.73282 ], [ 9.9126, 50.70455 ], [ 9.91322, 50.69267 ], [ 9.89307, 50.67988 ], [ 9.88124, 50.66711 ], [ 9.87814, 50.65701 ], [ 9.87953, 50.63712 ], [ 9.88697, 50.63324 ], [ 9.90547, 50.63756 ], [ 9.934, 50.62805 ], [ 9.94769, 50.62743 ], [ 9.9542, 50.63019 ], [ 9.96041, 50.63965 ], [ 9.94733, 50.65293 ], [ 9.94718, 50.65836 ], [ 9.95095, 50.66275 ], [ 9.99761, 50.67624 ], [ 10.05689, 50.66776 ], [ 10.07368, 50.64515 ], [ 10.07601, 50.622 ], [ 10.07244, 50.61784 ], [ 10.05859, 50.61683 ], [ 10.04588, 50.60549 ], [ 10.04929, 50.59412 ], [ 10.04836, 50.57001 ], [ 10.05689, 50.55443 ], [ 10.04541, 50.52637 ], [ 10.04479, 50.51955 ], [ 10.04743, 50.51697 ], [ 10.05502, 50.5165 ], [ 10.10965, 50.55547 ], [ 10.12613, 50.56286 ], [ 10.13001, 50.54808 ], [ 10.13931, 50.54588 ], [ 10.19719, 50.54818 ], [ 10.21812, 50.53624 ], [ 10.2315, 50.51263 ], [ 10.32751, 50.48911 ], [ 10.33697, 50.4779 ], [ 10.33728, 50.4639 ], [ 10.34105, 50.45878 ], [ 10.35516, 50.45149 ], [ 10.37283, 50.43661 ], [ 10.3994, 50.42294 ], [ 10.40079, 50.41718 ], [ 10.39221, 50.40871 ], [ 10.39738, 50.39956 ], [ 10.40544, 50.39594 ], [ 10.42467, 50.39475 ], [ 10.44947, 50.39915 ], [ 10.46611, 50.38034 ], [ 10.49293, 50.36576 ], [ 10.49727, 50.35447 ], [ 10.52616, 50.35222 ], [ 10.53577, 50.35734 ], [ 10.55236, 50.35879 ], [ 10.56559, 50.33998 ], [ 10.59132, 50.32597 ], [ 10.60016, 50.29269 ], [ 10.59458, 50.26758 ], [ 10.60714, 50.25037 ], [ 10.60481, 50.23546 ], [ 10.61706, 50.2244 ], [ 10.66222, 50.22453 ], [ 10.68692, 50.22014 ], [ 10.72057, 50.20727 ], [ 10.72661, 50.21042 ], [ 10.73157, 50.24231 ], [ 10.73891, 50.24768 ], [ 10.75844, 50.24319 ], [ 10.79849, 50.24823 ], [ 10.82903, 50.24086 ], [ 10.8402, 50.24205 ], [ 10.84567, 50.24655 ], [ 10.84738, 50.25771 ], [ 10.84113, 50.27011 ], [ 10.81276, 50.27709 ], [ 10.7988, 50.29156 ], [ 10.76914, 50.29269 ], [ 10.74961, 50.30566 ], [ 10.72274, 50.31579 ], [ 10.71498, 50.32194 ], [ 10.71793, 50.35166 ], [ 10.72196, 50.35744 ], [ 10.73049, 50.36116 ], [ 10.75782, 50.35775 ], [ 10.77953, 50.38116 ], [ 10.78888, 50.38625 ], [ 10.80981, 50.38225 ], [ 10.83663, 50.39129 ], [ 10.85916, 50.38948 ], [ 10.87466, 50.39429 ], [ 10.88273, 50.39227 ], [ 10.89575, 50.38235 ], [ 10.92774, 50.38796 ], [ 10.94339, 50.38734 ], [ 10.97755, 50.35543 ], [ 10.98794, 50.3499 ], [ 10.99383, 50.3623 ], [ 10.99755, 50.36364 ], [ 11.02458, 50.36116 ], [ 11.04163, 50.34949 ], [ 11.04969, 50.34773 ], [ 11.08556, 50.35447 ], [ 11.09827, 50.36328 ], [ 11.11253, 50.36519 ], [ 11.12137, 50.35362 ], [ 11.13754, 50.35047 ], [ 11.15646, 50.32915 ], [ 11.15491, 50.32354 ], [ 11.13537, 50.30933 ], [ 11.14328, 50.30122 ], [ 11.19232, 50.27156 ], [ 11.20224, 50.28337 ], [ 11.20751, 50.2851 ], [ 11.22147, 50.2776 ], [ 11.24415, 50.27311 ], [ 11.25531, 50.27486 ], [ 11.25516, 50.28835 ], [ 11.26586, 50.30504 ], [ 11.25903, 50.32091 ], [ 11.27051, 50.34137 ], [ 11.2688, 50.35308 ], [ 11.28027, 50.35863 ], [ 11.27717, 50.37351 ], [ 11.26539, 50.38641 ], [ 11.26415, 50.39625 ], [ 11.25903, 50.40323 ], [ 11.2626, 50.42772 ], [ 11.25438, 50.44907 ], [ 11.2564, 50.45666 ], [ 11.24865, 50.47263 ], [ 11.29578, 50.48395 ], [ 11.31629, 50.49253 ], [ 11.32482, 50.50751 ], [ 11.33738, 50.51139 ], [ 11.34673, 50.51873 ], [ 11.4105, 50.5165 ], [ 11.42709, 50.51309 ], [ 11.43871, 50.4972 ], [ 11.43577, 50.49296 ], [ 11.42057, 50.4857 ], [ 11.41809, 50.45227 ], [ 11.42119, 50.44305 ], [ 11.45391, 50.42772 ], [ 11.47721, 50.42749 ], [ 11.48202, 50.4223 ], [ 11.48465, 50.39951 ], [ 11.48729, 50.39672 ], [ 11.52579, 50.37915 ], [ 11.55602, 50.3824 ], [ 11.56982, 50.3946 ], [ 11.59157, 50.39447 ], [ 11.62118, 50.3868 ], [ 11.73957, 50.40276 ], [ 11.75699, 50.40612 ], [ 11.76117, 50.41155 ], [ 11.78474, 50.41426 ], [ 11.79673, 50.41351 ], [ 11.80417, 50.40674 ], [ 11.82308, 50.40095 ], [ 11.8237, 50.39145 ], [ 11.87228, 50.40271 ], [ 11.9053, 50.41517 ], [ 11.89739, 50.42341 ], [ 11.89972, 50.42933 ], [ 11.93434, 50.44209 ], [ 11.93713, 50.4532 ], [ 11.94752, 50.46224 ], [ 11.94705, 50.47103 ], [ 11.9424, 50.47834 ], [ 11.92752, 50.48607 ], [ 11.92768, 50.49736 ], [ 11.94473, 50.51586 ], [ 11.96829, 50.52736 ], [ 11.98943, 50.54611 ], [ 12.01036, 50.54666 ], [ 12.03118, 50.53296 ], [ 12.04855, 50.53157 ], [ 12.05878, 50.53754 ], [ 12.08115, 50.56126 ], [ 12.09697, 50.5633 ], [ 12.11836, 50.55697 ], [ 12.14539, 50.56255 ], [ 12.15329, 50.56823 ], [ 12.16027, 50.58368 ], [ 12.15872, 50.60373 ], [ 12.18694, 50.62637 ], [ 12.25293, 50.62632 ], [ 12.3015, 50.65156 ], [ 12.32181, 50.67401 ], [ 12.31235, 50.6767 ], [ 12.28967, 50.67618 ], [ 12.27882, 50.6797 ], [ 12.26548, 50.70099 ], [ 12.2706, 50.71489 ], [ 12.26889, 50.71825 ], [ 12.25804, 50.72313 ], [ 12.24125, 50.72218 ], [ 12.24156, 50.73112 ], [ 12.24921, 50.74259 ], [ 12.25975, 50.74819 ], [ 12.27293, 50.74993 ], [ 12.28905, 50.76331 ], [ 12.28548, 50.7693 ], [ 12.26905, 50.77359 ], [ 12.2568, 50.78233 ], [ 12.25804, 50.79251 ], [ 12.3308, 50.80636 ], [ 12.37054, 50.82599 ], [ 12.40651, 50.82878 ], [ 12.41767, 50.82372 ], [ 12.42439, 50.82434 ], [ 12.46284, 50.85664 ], [ 12.50351, 50.87131 ], [ 12.50785, 50.88152 ], [ 12.52754, 50.87658 ], [ 12.59756, 50.87757 ], [ 12.61089, 50.87013 ], [ 12.63027, 50.88651 ], [ 12.64691, 50.8924 ], [ 12.64722, 50.89994 ], [ 12.62608, 50.92867 ], [ 12.60221, 50.95247 ], [ 12.54573, 50.97126 ], [ 12.53239, 50.97968 ], [ 12.49141, 51.02846 ], [ 12.48366, 51.05833 ], [ 12.32894, 51.08784 ], [ 12.26455, 51.08376 ], [ 12.26657, 51.07619 ], [ 12.24931, 51.05663 ], [ 12.24425, 51.03606 ], [ 12.24642, 51.0326 ], [ 12.27076, 51.02309 ], [ 12.27541, 51.01678 ], [ 12.27541, 51.00975 ], [ 12.252, 50.98221 ], [ 12.21706, 50.9542 ], [ 12.21505, 50.94599 ], [ 12.21892, 50.93738 ], [ 12.20079, 50.9279 ], [ 12.19257, 50.92836 ], [ 12.18523, 50.93689 ], [ 12.1536, 50.95348 ], [ 12.12565, 50.94441 ], [ 12.06793, 50.95611 ], [ 11.99827, 50.94929 ], [ 11.99346, 50.95984 ], [ 11.96085, 50.971 ], [ 11.95202, 50.97777 ], [ 11.94612, 50.98934 ], [ 11.9314, 50.99808 ], [ 11.88251, 51.01205 ], [ 11.86065, 51.02262 ], [ 11.75931, 51.01906 ], [ 11.7466, 51.0128 ], [ 11.73947, 51.01472 ], [ 11.72593, 51.02267 ], [ 11.72066, 51.03626 ], [ 11.69741, 51.06417 ], [ 11.69368, 51.08833 ], [ 11.66774, 51.10065 ], [ 11.62754, 51.09564 ], [ 11.53524, 51.10029 ], [ 11.50465, 51.08923 ], [ 11.44988, 51.09099 ], [ 11.43329, 51.09562 ], [ 11.42352, 51.10375 ], [ 11.41654, 51.1222 ], [ 11.42755, 51.12913 ], [ 11.42647, 51.1436 ], [ 11.42026, 51.15967 ], [ 11.38859, 51.1899 ], [ 11.34451, 51.20439 ], [ 11.33303, 51.21631 ], [ 11.34642, 51.22855 ], [ 11.39711, 51.23473 ], [ 11.42243, 51.24375 ], [ 11.44336, 51.25917 ], [ 11.45189, 51.2715 ], [ 11.39448, 51.32514 ], [ 11.36719, 51.35749 ], [ 11.3149, 51.38332 ], [ 11.28895, 51.38885 ], [ 11.1962, 51.39743 ], [ 11.15382, 51.39686 ], [ 10.9991, 51.40875 ], [ 10.97259, 51.41821 ], [ 10.96453, 51.42782 ], [ 10.97151, 51.46657 ], [ 10.94541, 51.49954 ], [ 10.94681, 51.52264 ], [ 10.92634, 51.5399 ], [ 10.91208, 51.56548 ], [ 10.91146, 51.57112 ], [ 10.91921, 51.57613 ], [ 10.93859, 51.57207 ], [ 10.95192, 51.57696 ], [ 10.94556, 51.59473 ], [ 10.9375, 51.60067 ], [ 10.92417, 51.60093 ], [ 10.89094, 51.60959 ], [ 10.87839, 51.61739 ], [ 10.84862, 51.61786 ], [ 10.80345, 51.63256 ], [ 10.71343, 51.63111 ], [ 10.69762, 51.63737 ], [ 10.64889, 51.61974 ], [ 10.63137, 51.60703 ], [ 10.6292, 51.60099 ], [ 10.65416, 51.57825 ], [ 10.65339, 51.56579 ], [ 10.64532, 51.56114 ], [ 10.6244, 51.57316 ], [ 10.61845, 51.57344 ], [ 10.55747, 51.55659 ], [ 10.51422, 51.55628 ], [ 10.47882, 51.57471 ], [ 10.43102, 51.5907 ], [ 10.37485, 51.58574 ], [ 10.3795, 51.57199 ], [ 10.36462, 51.54244 ], [ 10.34136, 51.52895 ], [ 10.33511, 51.5212 ], [ 10.30162, 51.50722 ], [ 10.29124, 51.49128 ], [ 10.23228, 51.47009 ], [ 10.21874, 51.47081 ], [ 10.20959, 51.47949 ], [ 10.18959, 51.47789 ], [ 10.18137, 51.47187 ], [ 10.18199, 51.46136 ], [ 10.17223, 51.44934 ], [ 10.14675, 51.44063 ], [ 10.1497, 51.4318 ], [ 10.08469, 51.43107 ], [ 10.06918, 51.42007 ], [ 10.04169, 51.43226 ], [ 10.03208, 51.4242 ], [ 10.01146, 51.41676 ], [ 9.93043, 51.3717 ], [ 9.92377, 51.3563 ], [ 9.92981, 51.33966 ], [ 9.94066, 51.33149 ], [ 9.94578, 51.31744 ], [ 9.94485, 51.30803 ], [ 9.94986, 51.30302 ] ] ] } }
]
}
