number,green_ba,green_kappa,readability,overrides,default,green_bias,open_bias,ug_bias,speckle,boundary_ratio,open_f1,ug_f1,pareto,green_bias_geo
0,0.680653238167356,0.3888796293196192,-0.173696716904452,{},True,0.992755993936682,0.9536583919192774,0.13104219948849105,85.71717117725966,1.0829031137702472,0.6159306163331484,0.004614991536520711,False,0.8925923124951756
1,0.7006282283717571,0.42570100803331085,-0.2157642768008774,"{""zone1"": ""0.51|3.54|99|1"", ""zone2"": ""3.54|3.87|99|0.14"", ""zone3"": ""3.87|6.94|8|0.08"", ""thresold1"": ""0.20|3|0.055"", ""thresold2"": ""3|4|0.055"", ""thresold3"": ""4|7|0.055"", ""thresold4"": ""7|20|0.046"", ""thresold5"": ""20|99|0.046"", ""greenground"": ""1.03"", ""greenhigh"": ""2.06"", ""topweight"": ""0.40"", ""pointvolumefactor"": ""0.42"", ""firstandlastreturnasground"": ""1"", ""firstandlastreturnfactor"": ""0.15"", ""lastreturnfactor"": ""0.60"", ""greendetectsize"": ""2"", ""groundboxsize"": ""1"", ""medianboxsize"": ""17"", ""medianboxsize2"": ""5"", ""greenshades"": ""0.987|1.472|5.312"", ""greenshadeisom"": ""406|408|410"", ""vegesimplify"": ""3.93""}",False,1.0065159378309012,0.9449941965598768,0.22829205625912338,84.30117039736136,0.8202713488750423,0.6148825158951754,0.005240896760483502,False,0.8903303411226494
2,0.7085316445370204,0.4942986181353534,-0.30499033115038104,"{""zone1"": ""0.80|3.01|99|1"", ""zone2"": ""3.01|3.79|99|0.60"", ""zone3"": ""3.79|6.43|8|0.39"", ""thresold1"": ""0.20|3|0.030"", ""thresold2"": ""3|4|0.030"", ""thresold3"": ""4|7|0.030"", ""thresold4"": ""7|20|0.087"", ""thresold5"": ""20|99|0.087"", ""greenground"": ""0.91"", ""greenhigh"": ""2.88"", ""topweight"": ""0.26"", ""pointvolumefactor"": ""0.37"", ""firstandlastreturnasground"": ""1"", ""firstandlastreturnfactor"": ""0.07"", ""lastreturnfactor"": ""0.21"", ""greendetectsize"": ""2"", ""groundboxsize"": ""1"", ""medianboxsize"": ""19"", ""medianboxsize2"": ""7"", ""greenshades"": ""0.689|1.733|2.828"", ""greenshadeisom"": ""406|408|410"", ""vegesimplify"": ""1.83""}",False,0.9764620868592305,0.9474170354276613,0.22829205625912338,70.72616533553735,0.7546912735101808,0.6146965043025283,0.005240896760483502,False,0.8659310893196673
3,0.6933058845837241,0.4609371629738795,-0.37933407602069974,"{""zone1"": ""0.59|1.85|99|1"", ""zone2"": ""1.85|2.60|99|0.62"", ""zone3"": ""2.60|5.39|8|0.14"", ""thresold1"": ""0.20|3|0.031"", ""thresold2"": ""3|4|0.031"", ""thresold3"": ""4|7|0.031"", ""thresold4"": ""7|20|0.037"", ""thresold5"": ""20|99|0.037"", ""greenground"": ""0.92"", ""greenhigh"": ""2.45"", ""topweight"": ""0.25"", ""pointvolumefactor"": ""0.41"", ""firstandlastreturnasground"": ""2"", ""firstandlastreturnfactor"": ""0.13"", ""lastreturnfactor"": ""0.42"", ""greendetectsize"": ""2"", ""groundboxsize"": ""1"", ""medianboxsize"": ""17"", ""medianboxsize2"": ""7"", ""greenshades"": ""0.747|1.951|3.704"", ""greenshadeisom"": ""406|408|410"", ""vegesimplify"": ""1.39""}",False,0.8108595008861706,0.9521315425513501,0.22829205625912338,52.394628219377914,0.7187858053069881,0.6137076288450063,0.005240896760483502,False,0.6957566214195591
4,0.6905115950002618,0.4388819353976616,-0.3611104800662885,"{""zone1"": ""0.59|1.84|99|1"", ""zone2"": ""1.84|2.85|99|0.66"", ""zone3"": ""2.85|5.63|8|0.13"", ""thresold1"": ""0.20|3|0.064"", ""thresold2"": ""3|4|0.064"", ""thresold3"": ""4|7|0.064"", ""thresold4"": ""7|20|0.039"", ""thresold5"": ""20|99|0.039"", ""greenground"": ""0.96"", ""greenhigh"": ""2.53"", ""topweight"": ""0.23"", ""pointvolumefactor"": ""0.41"", ""firstandlastreturnasground"": ""2"", ""firstandlastreturnfactor"": ""0.22"", ""lastreturnfactor"": ""0.40"", ""greendetectsize"": ""2"", ""groundboxsize"": ""1"", ""medianboxsize"": ""17"", ""medianboxsize2"": ""7"", ""greenshades"": ""0.810|2.062|3.790"", ""greenshadeisom"": ""406|408|410"", ""vegesimplify"": ""0.90""}",False,0.830134056085276,0.9500948855935945,0.22829205625912338,55.56009206667219,0.7358807193482558,0.6135738085344518,0.005240896760483502,False,0.7030605195535053
5,0.6864394653228841,0.4447604575522304,-0.3616682896677465,"{""zone1"": ""1.29|1.98|99|1"", ""zone2"": ""1.98|2.79|99|0.31"", ""zone3"": ""2.79|5.61|8|0.17"", ""thresold1"": ""0.20|3|0.032"", ""thresold2"": ""3|4|0.032"", ""thresold3"": ""4|7|0.032"", ""thresold4"": ""7|20|0.025"", ""thresold5"": ""20|99|0.025"", ""greenground"": ""0.44"", ""greenhigh"": ""1.94"", ""topweight"": ""0.23"", ""pointvolumefactor"": ""0.44"", ""firstandlastreturnasground"": ""3"", ""firstandlastreturnfactor"": ""0.43"", ""lastreturnfactor"": ""0.42"", ""greendetectsize"": ""2"", ""groundboxsize"": ""1"", ""medianboxsize"": ""17"", ""medianboxsize2"": ""5"", ""greenshades"": ""0.754|2.170|4.375"", ""greenshadeisom"": ""406|408|410"", ""vegesimplify"": ""1.18""}",False,0.7897766607882514,0.9516431954126764,0.22829205625912338,59.19282966196412,0.7488478282171416,0.6133997308853675,0.005240896760483502,False,0.6548831708920378
6,0.7085941981973726,0.47018003394448815,-0.2149514128436297,"{""zone1"": ""1.20|1.98|99|1"", ""zone2"": ""1.98|2.89|99|0.40"", ""zone3"": ""2.89|6.11|8|0.33"", ""thresold1"": ""0.20|3|0.033"", ""thresold2"": ""3|4|0.033"", ""thresold3"": ""4|7|0.033"", ""thresold4"": ""7|20|0.031"", ""thresold5"": ""20|99|0.031"", ""greenground"": ""0.55"", ""greenhigh"": ""3.84"", ""topweight"": ""0.22"", ""pointvolumefactor"": ""0.39"", ""firstandlastreturnasground"": ""1"", ""firstandlastreturnfactor"": ""0.05"", ""lastreturnfactor"": ""0.53"", ""greendetectsize"": ""2"", ""groundboxsize"": ""3"", ""medianboxsize"": ""19"", ""medianboxsize2"": ""5"", ""greenshades"": ""0.502|0.847|3.342"", ""greenshadeisom"": ""406|408|410"", ""vegesimplify"": ""1.29""}",False,1.0415478324860288,0.9523893934141653,0.22829205625912338,78.29641619423136,0.8163938411285958,0.6141370284546174,0.005240896760483502,False,0.9435081531916836
7,0.6940687824849673,0.4422842639285016,-0.3745440758257091,"{""zone1"": ""0.56|1.89|99|1"", ""zone2"": ""1.89|2.53|99|0.57"", ""zone3"": ""2.53|5.33|8|0.15"", ""thresold1"": ""0.20|3|0.030"", ""thresold2"": ""3|4|0.030"", ""thresold3"": ""4|7|0.030"", ""thresold4"": ""7|20|0.036"", ""thresold5"": ""20|99|0.036"", ""greenground"": ""1.03"", ""greenhigh"": ""2.62"", ""topweight"": ""0.24"", ""pointvolumefactor"": ""0.46"", ""firstandlastreturnasground"": ""2"", ""firstandlastreturnfactor"": ""0.11"", ""lastreturnfactor"": ""0.37"", ""greendetectsize"": ""2"", ""groundboxsize"": ""1"", ""medianboxsize"": ""17"", ""medianboxsize2"": ""7"", ""greenshades"": ""0.632|1.974|4.138"", ""greenshadeisom"": ""406|408|410"", ""vegesimplify"": ""1.36""}",False,0.8149342347684555,0.9529313857649262,0.22829205625912338,54.87512753883991,0.7197931899513433,0.613412886545877,0.005240896760483502,False,0.6973765801932437
8,0.704875140348285,0.4891608986590006,-0.075956005973353,"{""zone1"": ""0.60|2.00|99|1"", ""zone2"": ""2.00|2.86|99|0.20"", ""zone3"": ""2.86|5.94|8|0.31"", ""thresold1"": ""0.20|3|0.033"", ""thresold2"": ""3|4|0.033"", ""thresold3"": ""4|7|0.033"", ""thresold4"": ""7|20|0.027"", ""thresold5"": ""20|99|0.027"", ""greenground"": ""0.76"", ""greenhigh"": ""2.06"", ""topweight"": ""0.25"", ""pointvolumefactor"": ""0.39"", ""firstandlastreturnasground"": ""2"", ""firstandlastreturnfactor"": ""0.05"", ""lastreturnfactor"": ""0.32"", ""greendetectsize"": ""2"", ""groundboxsize"": ""1"", ""medianboxsize"": ""17"", ""medianboxsize2"": ""7"", ""greenshades"": ""0.399|1.564|3.253"", ""greenshadeisom"": ""406|408|410"", ""vegesimplify"": ""1.48""}",False,1.157380829992942,0.9544387964033937,0.22829205625912338,87.12544908135885,0.9454414006629407,0.6148965257947329,0.005240896760483502,False,1.082004375484404
9,0.7077508869694177,0.47417322699622577,-0.09929558731440807,"{""zone1"": ""0.55|1.90|99|1"", ""zone2"": ""1.90|2.95|99|0.55"", ""zone3"": ""2.95|5.73|8|0.39"", ""thresold1"": ""0.20|3|0.068"", ""thresold2"": ""3|4|0.068"", ""thresold3"": ""4|7|0.068"", ""thresold4"": ""7|20|0.034"", ""thresold5"": ""20|99|0.034"", ""greenground"": ""0.97"", ""greenhigh"": ""2.60"", ""topweight"": ""0.24"", ""pointvolumefactor"": ""0.42"", ""firstandlastreturnasground"": ""1"", ""firstandlastreturnfactor"": ""0.06"", ""lastreturnfactor"": ""0.31"", ""greendetectsize"": ""5"", ""groundboxsize"": ""1"", ""medianboxsize"": ""17"", ""medianboxsize2"": ""7"", ""greenshades"": ""0.917|2.244|3.779"", ""greenshadeisom"": ""406|408|410"", ""vegesimplify"": ""0.93""}",False,1.3141625748267924,0.9538682205062633,0.04814386639530276,82.32271744190821,0.9186229691117848,0.6142896282632545,0.0011716461628588166,False,1.2401948133743141
10,0.7025980891812832,0.45006259124958453,-0.24828295192597408,"{""zone1"": ""0.54|1.87|99|1"", ""zone2"": ""1.87|2.88|99|0.51"", ""zone3"": ""2.88|5.65|8|0.40"", ""thresold1"": ""0.20|3|0.098"", ""thresold2"": ""3|4|0.098"", ""thresold3"": ""4|7|0.098"", ""thresold4"": ""7|20|0.035"", ""thresold5"": ""20|99|0.035"", ""greenground"": ""1.14"", ""greenhigh"": ""2.52"", ""topweight"": ""0.24"", ""pointvolumefactor"": ""0.41"", ""firstandlastreturnasground"": ""1"", ""firstandlastreturnfactor"": ""0.06"", ""lastreturnfactor"": ""0.29"", ""greendetectsize"": ""5"", ""groundboxsize"": ""1"", ""medianboxsize"": ""17"", ""medianboxsize2"": ""7"", ""greenshades"": ""0.926|2.183|3.633"", ""greenshadeisom"": ""406|408|410"", ""vegesimplify"": ""0.93""}",False,1.0950409292359744,0.9556038588165726,0.04814386639530276,73.04853773529379,0.7849648141766252,0.6136930412287112,0.0011716461628588166,False,0.9950997285905252
11,0.7039816204699921,0.4714780584718909,-0.5318112274297827,"{""zone1"": ""1.10|3.92|99|1"", ""zone2"": ""3.92|5.54|99|0.42"", ""zone3"": ""5.54|7.95|8|0.39"", ""thresold1"": ""0.20|3|0.034"", ""thresold2"": ""3|4|0.034"", ""thresold3"": ""4|7|0.034"", ""thresold4"": ""7|20|0.249"", ""thresold5"": ""20|99|0.249"", ""greenground"": ""1.08"", ""greenhigh"": ""3.79"", ""topweight"": ""0.12"", ""pointvolumefactor"": ""0.07"", ""firstandlastreturnasground"": ""1"", ""firstandlastreturnfactor"": ""1.25"", ""lastreturnfactor"": ""0.78"", ""greendetectsize"": ""5"", ""groundboxsize"": ""3"", ""medianboxsize"": ""25"", ""medianboxsize2"": ""5"", ""greenshades"": ""0.897|1.240|3.384"", ""greenshadeisom"": ""406|408|410"", ""vegesimplify"": ""4.79""}",False,0.7656790967598924,0.9196747399034569,0.04814386639530276,58.42137677068323,0.6028170590384182,0.6150231715459314,0.0011716461628588166,False,0.6892759012190259
12,0.678612683132538,0.3505154907490664,-0.12847548016281268,"{""zone1"": ""0.63|3.63|99|1"", ""zone2"": ""3.63|4.25|99|0.52"", ""zone3"": ""4.25|8.05|8|0.25"", ""thresold1"": ""0.20|3|0.016"", ""thresold2"": ""3|4|0.016"", ""thresold3"": ""4|7|0.016"", ""thresold4"": ""7|20|0.149"", ""thresold5"": ""20|99|0.149"", ""greenground"": ""1.13"", ""greenhigh"": ""2.93"", ""topweight"": ""0.95"", ""pointvolumefactor"": ""0.55"", ""firstandlastreturnasground"": ""2"", ""firstandlastreturnfactor"": ""0.66"", ""lastreturnfactor"": ""0.70"", ""greendetectsize"": ""6"", ""groundboxsize"": ""3"", ""medianboxsize"": ""21"", ""medianboxsize2"": ""3"", ""greenshades"": ""0.196|0.819|1.031"", ""greenshadeisom"": ""406|408|410"", ""vegesimplify"": ""1.21""}",False,1.6171235841173488,0.9458825081632499,0.061732736572890023,56.75425095973669,0.9442651032091659,0.6129887156855415,0.0,False,1.546668007633039
13,0.5865144105158847,0.08324623426004417,-0.4343857531378899,"{""zone1"": ""0.85|2.58|99|1"", ""zone2"": ""2.58|4.14|99|0.99"", ""zone3"": ""4.14|6.17|8|0.06"", ""thresold1"": ""0.20|3|0.012"", ""thresold2"": ""3|4|0.012"", ""thresold3"": ""4|7|0.012"", ""thresold4"": ""7|20|0.010"", ""thresold5"": ""20|99|0.010"", ""greenground"": ""0.59"", ""greenhigh"": ""1.51"", ""topweight"": ""0.67"", ""pointvolumefactor"": ""0.11"", ""firstandlastreturnasground"": ""1"", ""firstandlastreturnfactor"": ""0.55"", ""lastreturnfactor"": ""0.82"", ""greendetectsize"": ""3"", ""groundboxsize"": ""3"", ""medianboxsize"": ""3"", ""medianboxsize2"": ""9"", ""greenshades"": ""0.354|0.580|1.388"", ""greenshadeisom"": ""406|408|410"", ""vegesimplify"": ""3.08""}",False,2.7569661332506485,0.9479972889383079,0.13104219948849105,102.16041881267454,1.6906966783745847,0.6159012439948947,0.004614991536520711,False,2.573570046762606
14,0.5110939453490014,0.015656115153692068,-0.2879036511108329,"{""zone1"": ""1.57|3.50|99|1"", ""zone2"": ""3.50|5.42|99|0.28"", ""zone3"": ""5.42|6.06|8|0.07"", ""thresold1"": ""0.20|3|0.018"", ""thresold2"": ""3|4|0.018"", ""thresold3"": ""4|7|0.018"", ""thresold4"": ""7|20|0.008"", ""thresold5"": ""20|99|0.008"", ""greenground"": ""1.08"", ""greenhigh"": ""1.94"", ""topweight"": ""0.55"", ""pointvolumefactor"": ""0.08"", ""firstandlastreturnasground"": ""3"", ""firstandlastreturnfactor"": ""1.39"", ""lastreturnfactor"": ""0.32"", ""greendetectsize"": ""6"", ""groundboxsize"": ""1"", ""medianboxsize"": ""23"", ""medianboxsize2"": ""3"", ""greenshades"": ""0.130|0.509|0.751"", ""greenshadeisom"": ""406|408|410"", ""vegesimplify"": ""1.51""}",False,3.4763810894782865,0.7600494768175897,0.061732736572890023,60.46281956899569,1.1781158554487658,0.6162955662929079,0.0,False,3.097024058448232
15,0.6723438645347904,0.267965292166896,-0.7700585053017109,"{""zone1"": ""1.15|1.28|99|1"", ""zone2"": ""1.28|3.40|99|0.68"", ""zone3"": ""3.40|3.92|8|0.16"", ""thresold1"": ""0.20|3|0.125"", ""thresold2"": ""3|4|0.125"", ""thresold3"": ""4|7|0.125"", ""thresold4"": ""7|20|0.339"", ""thresold5"": ""20|99|0.339"", ""greenground"": ""0.67"", ""greenhigh"": ""3.87"", ""topweight"": ""0.47"", ""pointvolumefactor"": ""0.68"", ""firstandlastreturnasground"": ""3"", ""firstandlastreturnfactor"": ""0.45"", ""lastreturnfactor"": ""0.81"", ""greendetectsize"": ""6"", ""groundboxsize"": ""3"", ""medianboxsize"": ""19"", ""medianboxsize2"": ""9"", ""greenshades"": ""0.105|0.744|1.923"", ""greenshadeisom"": ""406|408|410"", ""vegesimplify"": ""4.31""}",False,0.7462629462463221,0.9367721762487612,0.061732736572890023,44.56884615512837,0.5002627961328743,0.6111101960557309,0.0,False,0.5938965255410382
16,0.5647635192364872,0.11936393788428261,-0.3137192083232297,"{""zone1"": ""1.30|3.11|99|1"", ""zone2"": ""3.11|5.51|99|0.42"", ""zone3"": ""5.51|8.26|8|0.36"", ""thresold1"": ""0.20|3|0.005"", ""thresold2"": ""3|4|0.005"", ""thresold3"": ""4|7|0.005"", ""thresold4"": ""7|20|0.019"", ""thresold5"": ""20|99|0.019"", ""greenground"": ""0.56"", ""greenhigh"": ""2.04"", ""topweight"": ""0.59"", ""pointvolumefactor"": ""0.47"", ""firstandlastreturnasground"": ""3"", ""firstandlastreturnfactor"": ""0.98"", ""lastreturnfactor"": ""0.65"", ""greendetectsize"": ""5"", ""groundboxsize"": ""3"", ""medianboxsize"": ""11"", ""medianboxsize2"": ""5"", ""greenshades"": ""0.361|0.616|1.889"", ""greenshadeisom"": ""406|408|410"", ""vegesimplify"": ""5.41""}",False,3.020435476470946,0.9099528136022371,0.04814386639530276,67.4761837981835,1.3917881211486403,0.615674606806106,0.0011716461628588166,False,2.753078882009478
17,0.5935030109657663,0.34706197539933914,-0.2834808464048875,"{""zone1"": ""1.39|3.87|99|1"", ""zone2"": ""3.87|4.40|99|0.71"", ""zone3"": ""4.40|8.11|8|0.60"", ""thresold1"": ""0.20|3|0.010"", ""thresold2"": ""3|4|0.010"", ""thresold3"": ""4|7|0.010"", ""thresold4"": ""7|20|0.224"", ""thresold5"": ""20|99|0.224"", ""greenground"": ""1.37"", ""greenhigh"": ""2.79"", ""topweight"": ""0.44"", ""pointvolumefactor"": ""0.06"", ""firstandlastreturnasground"": ""3"", ""firstandlastreturnfactor"": ""0.68"", ""lastreturnfactor"": ""0.72"", ""greendetectsize"": ""7"", ""groundboxsize"": ""3"", ""medianboxsize"": ""27"", ""medianboxsize2"": ""1"", ""greenshades"": ""0.081|0.807|1.096"", ""greenshadeisom"": ""406|408|410"", ""vegesimplify"": ""2.48""}",False,2.886413154170849,0.813418395096972,0.023577365728900252,66.75007365911951,1.283488552070894,0.6161946899599183,0.0,False,2.6257181140142913
18,0.6608586491360914,0.3635976393543026,-0.4220948763420487,"{""zone1"": ""1.30|1.85|99|1"", ""zone2"": ""1.85|3.30|99|0.20"", ""zone3"": ""3.30|3.99|8|0.01"", ""thresold1"": ""0.20|3|0.162"", ""thresold2"": ""3|4|0.162"", ""thresold3"": ""4|7|0.162"", ""thresold4"": ""7|20|0.013"", ""thresold5"": ""20|99|0.013"", ""greenground"": ""0.60"", ""greenhigh"": ""2.94"", ""topweight"": ""0.60"", ""pointvolumefactor"": ""0.19"", ""firstandlastreturnasground"": ""4"", ""firstandlastreturnfactor"": ""0.92"", ""lastreturnfactor"": ""0.54"", ""greendetectsize"": ""2"", ""groundboxsize"": ""3"", ""medianboxsize"": ""9"", ""medianboxsize2"": ""3"", ""greenshades"": ""0.141|2.124|3.774"", ""greenshadeisom"": ""406|408|410"", ""vegesimplify"": ""1.65""}",False,1.4656160907538258,0.9609540074233522,0.22829205625912338,105.44303559367768,1.5593548429363822,0.6146802470519849,0.005240896760483502,False,1.411124640966698
19,0.5748517554421069,0.13018243208587926,-0.4683464916217231,"{""zone1"": ""0.70|4.79|99|1"", ""zone2"": ""4.79|6.72|99|0.23"", ""zone3"": ""6.72|8.93|8|0.15"", ""thresold1"": ""0.20|3|0.006"", ""thresold2"": ""3|4|0.006"", ""thresold3"": ""4|7|0.006"", ""thresold4"": ""7|20|0.034"", ""thresold5"": ""20|99|0.034"", ""greenground"": ""0.43"", ""greenhigh"": ""1.39"", ""topweight"": ""0.70"", ""pointvolumefactor"": ""0.36"", ""firstandlastreturnasground"": ""3"", ""firstandlastreturnfactor"": ""1.35"", ""lastreturnfactor"": ""0.99"", ""greendetectsize"": ""3"", ""groundboxsize"": ""3"", ""medianboxsize"": ""9"", ""medianboxsize2"": ""1"", ""greenshades"": ""0.127|1.068|1.688"", ""greenshadeisom"": ""406|408|410"", ""vegesimplify"": ""4.67""}",False,2.881712354287016,0.9333046615426209,0.13104219948849105,91.5296377466298,1.7655278522581972,0.6171325653109415,0.004614991536520711,False,2.666931388754999
20,0.6738515445320884,0.25596729114851907,-0.17560519195330507,"{""zone1"": ""0.98|1.29|99|1"", ""zone2"": ""1.29|2.53|99|0.03"", ""zone3"": ""2.53|4.14|8|0.47"", ""thresold1"": ""0.20|3|0.076"", ""thresold2"": ""3|4|0.076"", ""thresold3"": ""4|7|0.076"", ""thresold4"": ""7|20|0.074"", ""thresold5"": ""20|99|0.074"", ""greenground"": ""0.77"", ""greenhigh"": ""1.61"", ""topweight"": ""0.06"", ""pointvolumefactor"": ""0.26"", ""firstandlastreturnasground"": ""2"", ""firstandlastreturnfactor"": ""0.28"", ""lastreturnfactor"": ""0.06"", ""greendetectsize"": ""8"", ""groundboxsize"": ""1"", ""medianboxsize"": ""11"", ""medianboxsize2"": ""9"", ""greenshades"": ""0.052|2.504|3.081"", ""greenshadeisom"": ""406|408|410"", ""vegesimplify"": ""0.56""}",False,2.0174248422445706,0.8771518685438044,0.008695652173913044,87.46371493615884,1.204287374445862,0.6182817102831071,0.0,False,1.9419875075490898
21,0.6701526875976791,0.3143477834932214,-0.16923636395519523,"{""zone1"": ""0.77|2.62|99|1"", ""zone2"": ""2.62|3.86|99|0.82"", ""zone3"": ""3.86|7.30|8|0.48"", ""thresold1"": ""0.20|3|0.332"", ""thresold2"": ""3|4|0.332"", ""thresold3"": ""4|7|0.332"", ""thresold4"": ""7|20|0.083"", ""thresold5"": ""20|99|0.083"", ""greenground"": ""0.83"", ""greenhigh"": ""3.29"", ""topweight"": ""0.34"", ""pointvolumefactor"": ""0.29"", ""firstandlastreturnasground"": ""1"", ""firstandlastreturnfactor"": ""0.31"", ""lastreturnfactor"": ""0.16"", ""greendetectsize"": ""4"", ""groundboxsize"": ""1"", ""medianboxsize"": ""29"", ""medianboxsize2"": ""7"", ""greenshades"": ""0.439|0.546|1.470"", ""greenshadeisom"": ""406|408|410"", ""vegesimplify"": ""2.37""}",False,1.8720238740829023,0.9158067808798861,0.126172958466914,60.07370845599792,1.0149629987633382,0.6095673566547722,0.0005668934240362812,False,1.7978594590630925
22,0.6809847128325918,0.35992551367175235,-0.274058962430486,"{""zone1"": ""0.87|2.60|99|1"", ""zone2"": ""2.60|3.72|99|0.80"", ""zone3"": ""3.72|5.50|8|0.29"", ""thresold1"": ""0.20|3|0.048"", ""thresold2"": ""3|4|0.048"", ""thresold3"": ""4|7|0.048"", ""thresold4"": ""7|20|0.067"", ""thresold5"": ""20|99|0.067"", ""greenground"": ""1.28"", ""greenhigh"": ""3.30"", ""topweight"": ""0.33"", ""pointvolumefactor"": ""0.58"", ""firstandlastreturnasground"": ""2"", ""firstandlastreturnfactor"": ""0.04"", ""lastreturnfactor"": ""0.21"", ""greendetectsize"": ""3"", ""groundboxsize"": ""1"", ""medianboxsize"": ""13"", ""medianboxsize2"": ""7"", ""greenshades"": ""0.282|2.115|5.362"", ""greenshadeisom"": ""406|408|410"", ""vegesimplify"": ""2.11""}",False,1.654159832940027,0.9634655284238889,0.13104219948849105,81.9631418017194,1.3586583091935276,0.615451133149099,0.004614991536520711,False,1.5969854391507534
23,0.5691771433911019,0.11096489361781607,-0.2933818687693339,"{""zone1"": ""0.72|2.35|99|1"", ""zone2"": ""2.35|2.70|99|0.03"", ""zone3"": ""2.70|5.11|8|0.43"", ""thresold1"": ""0.20|3|0.020"", ""thresold2"": ""3|4|0.020"", ""thresold3"": ""4|7|0.020"", ""thresold4"": ""7|20|0.005"", ""thresold5"": ""20|99|0.005"", ""greenground"": ""0.79"", ""greenhigh"": ""2.35"", ""topweight"": ""0.16"", ""pointvolumefactor"": ""0.29"", ""firstandlastreturnasground"": ""1"", ""firstandlastreturnfactor"": ""0.35"", ""lastreturnfactor"": ""0.20"", ""greendetectsize"": ""4"", ""groundboxsize"": ""1"", ""medianboxsize"": ""13"", ""medianboxsize2"": ""9"", ""greenshades"": ""0.548|1.377|2.349"", ""greenshadeisom"": ""406|408|410"", ""vegesimplify"": ""2.99""}",False,2.83180579867136,0.8919671735841336,0.126172958466914,64.10738270027998,1.3325341129861832,0.6198973009971048,0.0005668934240362812,False,2.6526627919497563
24,0.659679406489975,0.4203963227826808,-0.1808243884909196,"{""zone1"": ""0.86|3.05|99|1"", ""zone2"": ""3.05|4.29|99|0.95"", ""zone3"": ""4.29|7.66|8|0.26"", ""thresold1"": ""0.20|3|0.156"", ""thresold2"": ""3|4|0.156"", ""thresold3"": ""4|7|0.156"", ""thresold4"": ""7|20|0.118"", ""thresold5"": ""20|99|0.118"", ""greenground"": ""0.90"", ""greenhigh"": ""2.26"", ""topweight"": ""0.34"", ""pointvolumefactor"": ""0.55"", ""firstandlastreturnasground"": ""1"", ""firstandlastreturnfactor"": ""0.20"", ""lastreturnfactor"": ""0.13"", ""greendetectsize"": ""4"", ""groundboxsize"": ""1"", ""medianboxsize"": ""23"", ""medianboxsize2"": ""7"", ""greenshades"": ""0.251|1.208|1.815"", ""greenshadeisom"": ""406|408|410"", ""vegesimplify"": ""1.90""}",False,2.1359232507740598,0.92650553421425,0.126172958466914,71.82030397877259,1.211433875307313,0.6110120615259412,0.0005668934240362812,False,2.0377938566853335
25,0.6033007407866112,0.20567178199877145,-0.27148009865972994,"{""zone1"": ""0.67|4.41|99|1"", ""zone2"": ""4.41|5.24|99|0.78"", ""zone3"": ""5.24|6.41|8|0.54"", ""thresold1"": ""0.20|3|0.048"", ""thresold2"": ""3|4|0.048"", ""thresold3"": ""4|7|0.048"", ""thresold4"": ""7|20|0.017"", ""thresold5"": ""20|99|0.017"", ""greenground"": ""1.25"", ""greenhigh"": ""3.34"", ""topweight"": ""0.05"", ""pointvolumefactor"": ""0.73"", ""firstandlastreturnasground"": ""2"", ""firstandlastreturnfactor"": ""0.00"", ""lastreturnfactor"": ""0.02"", ""greendetectsize"": ""3"", ""groundboxsize"": ""1"", ""medianboxsize"": ""21"", ""medianboxsize2"": ""9"", ""greenshades"": ""0.619|2.590|3.030"", ""greenshadeisom"": ""406|408|410"", ""vegesimplify"": ""0.52""}",False,2.49305453115502,0.9695861763637971,0.13104219948849105,71.22619531399202,1.3788285273161485,0.6148362905581717,0.004614991536520711,False,2.327981299639691
26,0.6267059617430878,0.3802813712378906,-0.23162338148200348,"{""zone1"": ""0.78|3.08|99|1"", ""zone2"": ""3.08|4.47|99|0.37"", ""zone3"": ""4.47|6.92|8|0.33"", ""thresold1"": ""0.20|3|0.023"", ""thresold2"": ""3|4|0.023"", ""thresold3"": ""4|7|0.023"", ""thresold4"": ""7|20|0.055"", ""thresold5"": ""20|99|0.055"", ""greenground"": ""0.71"", ""greenhigh"": ""3.14"", ""topweight"": ""0.32"", ""pointvolumefactor"": ""0.20"", ""firstandlastreturnasground"": ""4"", ""firstandlastreturnfactor"": ""0.39"", ""lastreturnfactor"": ""0.29"", ""greendetectsize"": ""8"", ""groundboxsize"": ""1"", ""medianboxsize"": ""31"", ""medianboxsize2"": ""7"", ""greenshades"": ""0.398|1.997|3.096"", ""greenshadeisom"": ""406|408|410"", ""vegesimplify"": ""2.90""}",False,2.5326960950952233,0.8595597666182964,0.008695652173913044,66.13074836760659,1.1526804710178005,0.6087295053640422,0.0,False,2.3658484974923737
27,0.7039218898211795,0.4102615664927667,-0.12493792845617524,"{""zone1"": ""0.97|2.30|99|1"", ""zone2"": ""2.30|3.34|99|0.11"", ""zone3"": ""3.34|6.90|8|0.22"", ""thresold1"": ""0.20|3|0.100"", ""thresold2"": ""3|4|0.100"", ""thresold3"": ""4|7|0.100"", ""thresold4"": ""7|20|0.106"", ""thresold5"": ""20|99|0.106"", ""greenground"": ""0.85"", ""greenhigh"": ""1.70"", ""topweight"": ""0.15"", ""pointvolumefactor"": ""0.32"", ""firstandlastreturnasground"": ""1"", ""firstandlastreturnfactor"": ""0.21"", ""lastreturnfactor"": ""0.24"", ""greendetectsize"": ""7"", ""groundboxsize"": ""1"", ""medianboxsize"": ""5"", ""medianboxsize2"": ""5"", ""greenshades"": ""0.289|1.257|4.145"", ""greenshadeisom"": ""406|408|410"", ""vegesimplify"": ""1.88""}",False,1.6155565853036913,0.9237247307436097,0.023577365728900252,84.5240180928624,1.1099253069824766,0.6168156145150779,0.0,False,1.5574964748733575
28,0.6523445604635115,0.23932187236830918,-0.45904393480467176,"{""zone1"": ""0.95|1.51|99|1"", ""zone2"": ""1.51|2.04|99|0.50"", ""zone3"": ""2.04|6.04|8|0.46"", ""thresold1"": ""0.20|3|0.250"", ""thresold2"": ""3|4|0.250"", ""thresold3"": ""4|7|0.250"", ""thresold4"": ""7|20|0.023"", ""thresold5"": ""20|99|0.023"", ""greenground"": ""0.96"", ""greenhigh"": ""3.54"", ""topweight"": ""0.90"", ""pointvolumefactor"": ""0.61"", ""firstandlastreturnasground"": ""2"", ""firstandlastreturnfactor"": ""0.00"", ""lastreturnfactor"": ""0.49"", ""greendetectsize"": ""3"", ""groundboxsize"": ""1"", ""medianboxsize"": ""15"", ""medianboxsize2"": ""7"", ""greenshades"": ""0.494|2.944|3.695"", ""greenshadeisom"": ""406|408|410"", ""vegesimplify"": ""2.28""}",False,0.6559195268552757,0.938600084151804,0.13104219948849105,61.83142020162838,0.70583342014053,0.6138014348735786,0.004614991536520711,False,0.5013594833594927
29,0.6846703238518351,0.40645007172305875,-0.12278735182011004,"{""zone1"": ""0.78|2.89|99|1"", ""zone2"": ""2.89|3.57|99|0.88"", ""zone3"": ""3.57|6.68|8|0.34"", ""thresold1"": ""0.20|3|0.044"", ""thresold2"": ""3|4|0.044"", ""thresold3"": ""4|7|0.044"", ""thresold4"": ""7|20|0.056"", ""thresold5"": ""20|99|0.056"", ""greenground"": ""0.71"", ""greenhigh"": ""2.79"", ""topweight"": ""0.48"", ""pointvolumefactor"": ""0.22"", ""firstandlastreturnasground"": ""1"", ""firstandlastreturnfactor"": ""0.25"", ""lastreturnfactor"": ""0.08"", ""greendetectsize"": ""4"", ""groundboxsize"": ""1"", ""medianboxsize"": ""21"", ""medianboxsize2"": ""9"", ""greenshades"": ""0.655|1.176|2.555"", ""greenshadeisom"": ""406|408|410"", ""vegesimplify"": ""3.52""}",False,1.8386464764169803,0.9066668258681446,0.126172958466914,67.6939401179886,1.0997183007075424,0.616133702586879,0.0005668934240362812,False,1.774058341206807
30,0.5006969325242155,0.001284438966211295,-6.03927221715028,"{""zone1"": ""0.51|2.28|99|1"", ""zone2"": ""2.28|2.62|99|0.15"", ""zone3"": ""2.62|5.66|8|0.53"", ""thresold1"": ""0.20|3|0.068"", ""thresold2"": ""3|4|0.068"", ""thresold3"": ""4|7|0.068"", ""thresold4"": ""7|20|0.145"", ""thresold5"": ""20|99|0.145"", ""greenground"": ""1.23"", ""greenhigh"": ""2.14"", ""topweight"": ""0.41"", ""pointvolumefactor"": ""0.51"", ""firstandlastreturnasground"": ""1"", ""firstandlastreturnfactor"": ""0.13"", ""lastreturnfactor"": ""0.35"", ""greendetectsize"": ""7"", ""groundboxsize"": ""1"", ""medianboxsize"": ""25"", ""medianboxsize2"": ""5"", ""greenshades"": ""0.976|2.004|5.868"", ""greenshadeisom"": ""406|408|410"", ""vegesimplify"": ""0.85""}",False,0.0014866988211097766,0.9451367398595848,0.023577365728900252,0.7009648061877573,0.003206297395772908,0.6131446208161888,0.0,False,0.0013348517373934234
31,0.7062717839823062,0.4408954507965532,-0.2170776166187743,"{""zone1"": ""1.54|2.15|99|1"", ""zone2"": ""2.15|3.09|99|0.42"", ""zone3"": ""3.09|6.25|8|0.32"", ""thresold1"": ""0.20|3|0.040"", ""thresold2"": ""3|4|0.040"", ""thresold3"": ""4|7|0.040"", ""thresold4"": ""7|20|0.025"", ""thresold5"": ""20|99|0.025"", ""greenground"": ""1.00"", ""greenhigh"": ""3.55"", ""topweight"": ""0.17"", ""pointvolumefactor"": ""0.37"", ""firstandlastreturnasground"": ""1"", ""firstandlastreturnfactor"": ""0.13"", ""lastreturnfactor"": ""0.51"", ""greendetectsize"": ""2"", ""groundboxsize"": ""3"", ""medianboxsize"": ""19"", ""medianboxsize2"": ""5"", ""greenshades"": ""0.530|0.701|3.415"", ""greenshadeisom"": ""406|408|410"", ""vegesimplify"": ""1.65""}",False,1.0569798538131652,0.9524533290564499,0.22829205625912338,69.41262788321588,0.8124291351601403,0.6152887623380129,0.005240896760483502,False,0.9623520207122191
32,0.7079201657418954,0.47429198567775144,-0.09893952942383537,"{""zone1"": ""1.13|1.53|99|1"", ""zone2"": ""1.53|2.41|99|0.59"", ""zone3"": ""2.41|5.63|8|0.41"", ""thresold1"": ""0.20|3|0.025"", ""thresold2"": ""3|4|0.025"", ""thresold3"": ""4|7|0.025"", ""thresold4"": ""7|20|0.048"", ""thresold5"": ""20|99|0.048"", ""greenground"": ""0.50"", ""greenhigh"": ""1.23"", ""topweight"": ""0.31"", ""pointvolumefactor"": ""0.34"", ""firstandlastreturnasground"": ""1"", ""firstandlastreturnfactor"": ""0.15"", ""lastreturnfactor"": ""0.57"", ""greendetectsize"": ""3"", ""groundboxsize"": ""1"", ""medianboxsize"": ""15"", ""medianboxsize2"": ""3"", ""greenshades"": ""0.437|0.861|3.436"", ""greenshadeisom"": ""406|408|410"", ""vegesimplify"": ""2.63""}",False,1.0622958388255523,0.9467029384800328,0.13104219948849105,89.10505799389175,0.9707246875032608,0.6143745015601451,0.004614991536520711,True,0.9797357710194542
33,0.6551311017606439,0.38943188533888345,-0.6822560109644553,"{""zone1"": ""1.10|1.51|99|1"", ""zone2"": ""1.51|2.39|99|0.60"", ""zone3"": ""2.39|5.62|8|0.30"", ""thresold1"": ""0.20|3|0.025"", ""thresold2"": ""3|4|0.025"", ""thresold3"": ""4|7|0.025"", ""thresold4"": ""7|20|0.047"", ""thresold5"": ""20|99|0.047"", ""greenground"": ""1.56"", ""greenhigh"": ""3.99"", ""topweight"": ""0.29"", ""pointvolumefactor"": ""0.35"", ""firstandlastreturnasground"": ""1"", ""firstandlastreturnfactor"": ""0.18"", ""lastreturnfactor"": ""0.59"", ""greendetectsize"": ""2"", ""groundboxsize"": ""3"", ""medianboxsize"": ""13"", ""medianboxsize2"": ""3"", ""greenshades"": ""0.447|0.826|3.196"", ""greenshadeisom"": ""406|408|410"", ""vegesimplify"": ""2.51""}",False,0.4646794922626282,0.9451554716417502,0.22829205625912338,56.56946551479865,0.5600756651850688,0.6134059525492657,0.005240896760483502,False,0.37506183573331464
34,0.7010362124068924,0.4617739576558579,-0.18536713076464387,"{""zone1"": ""1.16|1.56|99|1"", ""zone2"": ""1.56|2.33|99|0.35"", ""zone3"": ""2.33|5.31|8|0.42"", ""thresold1"": ""0.20|3|0.013"", ""thresold2"": ""3|4|0.013"", ""thresold3"": ""4|7|0.013"", ""thresold4"": ""7|20|0.088"", ""thresold5"": ""20|99|0.088"", ""greenground"": ""0.51"", ""greenhigh"": ""1.28"", ""topweight"": ""0.38"", ""pointvolumefactor"": ""0.34"", ""firstandlastreturnasground"": ""2"", ""firstandlastreturnfactor"": ""0.50"", ""lastreturnfactor"": ""0.60"", ""greendetectsize"": ""3"", ""groundboxsize"": ""1"", ""medianboxsize"": ""15"", ""medianboxsize2"": ""3"", ""greenshades"": ""0.215|0.692|2.630"", ""greenshadeisom"": ""406|408|410"", ""vegesimplify"": ""3.43""}",False,0.9103417880621043,0.9296448717909688,0.13104219948849105,81.47198220847959,0.8652384379465697,0.6171902973306462,0.004614991536520711,False,0.815128544951239
35,0.6876268477799831,0.4678107693508588,-0.4783663641395493,"{""zone1"": ""1.48|1.64|99|1"", ""zone2"": ""1.64|2.10|99|0.62"", ""zone3"": ""2.10|5.48|8|0.37"", ""thresold1"": ""0.20|3|0.010"", ""thresold2"": ""3|4|0.010"", ""thresold3"": ""4|7|0.010"", ""thresold4"": ""7|20|0.028"", ""thresold5"": ""20|99|0.028"", ""greenground"": ""0.50"", ""greenhigh"": ""1.82"", ""topweight"": ""0.29"", ""pointvolumefactor"": ""0.24"", ""firstandlastreturnasground"": ""1"", ""firstandlastreturnfactor"": ""0.15"", ""lastreturnfactor"": ""0.42"", ""greendetectsize"": ""2"", ""groundboxsize"": ""1"", ""medianboxsize"": ""19"", ""medianboxsize2"": ""1"", ""greenshades"": ""0.323|0.579|4.021"", ""greenshadeisom"": ""406|408|410"", ""vegesimplify"": ""1.92""}",False,0.6968135313358085,0.9463200872310941,0.22829205625912338,52.53389782438452,0.6498682005837627,0.61379319268666,0.005240896760483502,False,0.603123294611519
36,0.6884939754365239,0.45894362132685257,-0.4521841206581405,"{""zone1"": ""1.20|2.19|99|1"", ""zone2"": ""2.19|2.92|99|0.48"", ""zone3"": ""2.92|5.42|8|0.21"", ""thresold1"": ""0.20|3|0.027"", ""thresold2"": ""3|4|0.027"", ""thresold3"": ""4|7|0.027"", ""thresold4"": ""7|20|0.048"", ""thresold5"": ""20|99|0.048"", ""greenground"": ""0.65"", ""greenhigh"": ""3.63"", ""topweight"": ""0.20"", ""pointvolumefactor"": ""0.48"", ""firstandlastreturnasground"": ""2"", ""firstandlastreturnfactor"": ""0.31"", ""lastreturnfactor"": ""0.45"", ""greendetectsize"": ""2"", ""groundboxsize"": ""1"", ""medianboxsize"": ""15"", ""medianboxsize2"": ""5"", ""greenshades"": ""0.739|1.234|3.985"", ""greenshadeisom"": ""406|408|410"", ""vegesimplify"": ""2.73""}",False,0.7371874083642971,0.9400618977485689,0.22829205625912338,58.82043374441122,0.6786941085188561,0.6137995977837996,0.005240896760483502,False,0.6145099825406194
37,0.7041619176413846,0.4634962487310717,-0.25457987983087377,"{""zone1"": ""1.05|1.24|99|1"", ""zone2"": ""1.24|2.11|99|0.71"", ""zone3"": ""2.11|4.69|8|0.28"", ""thresold1"": ""0.20|3|0.034"", ""thresold2"": ""3|4|0.034"", ""thresold3"": ""4|7|0.034"", ""thresold4"": ""7|20|0.018"", ""thresold5"": ""20|99|0.018"", ""greenground"": ""0.41"", ""greenhigh"": ""1.82"", ""topweight"": ""0.11"", ""pointvolumefactor"": ""0.16"", ""firstandlastreturnasground"": ""1"", ""firstandlastreturnfactor"": ""0.09"", ""lastreturnfactor"": ""0.55"", ""greendetectsize"": ""2"", ""groundboxsize"": ""1"", ""medianboxsize"": ""19"", ""medianboxsize2"": ""3"", ""greenshades"": ""0.580|0.778|2.556"", ""greenshadeisom"": ""406|408|410"", ""vegesimplify"": ""1.29""}",False,0.9729499249343148,0.9506155176619817,0.22829205625912338,67.19968656777085,0.7847393305551278,0.6134787945146319,0.005240896760483502,False,0.8900285145852475
38,0.6554602890537113,0.389289394091229,-1.0951158749716412,"{""zone1"": ""1.38|1.66|99|1"", ""zone2"": ""1.66|2.83|99|0.24"", ""zone3"": ""2.83|5.78|8|0.37"", ""thresold1"": ""0.20|3|0.056"", ""thresold2"": ""3|4|0.056"", ""thresold3"": ""4|7|0.056"", ""thresold4"": ""7|20|0.043"", ""thresold5"": ""20|99|0.043"", ""greenground"": ""0.51"", ""greenhigh"": ""1.27"", ""topweight"": ""0.29"", ""pointvolumefactor"": ""0.39"", ""firstandlastreturnasground"": ""1"", ""firstandlastreturnfactor"": ""0.23"", ""lastreturnfactor"": ""0.46"", ""greendetectsize"": ""3"", ""groundboxsize"": ""3"", ""medianboxsize"": ""23"", ""medianboxsize2"": ""5"", ""greenshades"": ""0.737|1.050|3.177"", ""greenshadeisom"": ""406|408|410"", ""vegesimplify"": ""3.34""}",False,0.4674385104022747,0.9311637692906499,0.13104219948849105,33.29747045335433,0.38813897975695116,0.6141401653233629,0.004614991536520711,False,0.34405111846403724
39,0.7045254528955032,0.45341855399828956,-0.29823913231035065,"{""zone1"": ""1.23|2.05|99|1"", ""zone2"": ""2.05|3.01|99|0.58"", ""zone3"": ""3.01|6.59|8|0.43"", ""thresold1"": ""0.20|3|0.021"", ""thresold2"": ""3|4|0.021"", ""thresold3"": ""4|7|0.021"", ""thresold4"": ""7|20|0.056"", ""thresold5"": ""20|99|0.056"", ""greenground"": ""0.75"", ""greenhigh"": ""2.36"", ""topweight"": ""0.22"", ""pointvolumefactor"": ""0.42"", ""firstandlastreturnasground"": ""2"", ""firstandlastreturnfactor"": ""0.11"", ""lastreturnfactor"": ""0.38"", ""greendetectsize"": ""2"", ""groundboxsize"": ""1"", ""medianboxsize"": ""15"", ""medianboxsize2"": ""7"", ""greenshades"": ""0.460|0.597|3.138"", ""greenshadeisom"": ""406|408|410"", ""vegesimplify"": ""2.10""}",False,0.9171216511130712,0.9528536802098978,0.22829205625912338,62.159508925099395,0.7633162978492551,0.6146673904673952,0.005240896760483502,False,0.8036424444499505
40,0.6891721063241468,0.3802935657667592,-0.15342836169820542,"{""zone1"": ""0.62|2.79|99|1"", ""zone2"": ""2.79|3.43|99|0.37"", ""zone3"": ""3.43|6.68|8|0.51"", ""thresold1"": ""0.20|3|0.037"", ""thresold2"": ""3|4|0.037"", ""thresold3"": ""4|7|0.037"", ""thresold4"": ""7|20|0.030"", ""thresold5"": ""20|99|0.030"", ""greenground"": ""0.89"", ""greenhigh"": ""2.20"", ""topweight"": ""0.26"", ""pointvolumefactor"": ""0.44"", ""firstandlastreturnasground"": ""1"", ""firstandlastreturnfactor"": ""0.04"", ""lastreturnfactor"": ""0.67"", ""greendetectsize"": ""3"", ""groundboxsize"": ""1"", ""medianboxsize"": ""21"", ""medianboxsize2"": ""7"", ""greenshades"": ""0.679|1.115|2.954"", ""greenshadeisom"": ""406|408|410"", ""vegesimplify"": ""1.09""}",False,1.7017830458621785,0.9551557784469585,0.13104219948849105,70.31856592332021,1.1934590123282571,0.615406727472008,0.004614991536520711,False,1.6413784453338753
41,0.6869441342163319,0.4401275562699482,-0.3800854481493971,"{""zone1"": ""0.51|1.77|99|1"", ""zone2"": ""1.77|2.84|99|0.57"", ""zone3"": ""2.84|5.49|8|0.39"", ""thresold1"": ""0.20|3|0.081"", ""thresold2"": ""3|4|0.081"", ""thresold3"": ""4|7|0.081"", ""thresold4"": ""7|20|0.039"", ""thresold5"": ""20|99|0.039"", ""greenground"": ""0.96"", ""greenhigh"": ""2.59"", ""topweight"": ""0.24"", ""pointvolumefactor"": ""0.42"", ""firstandlastreturnasground"": ""1"", ""firstandlastreturnfactor"": ""0.08"", ""lastreturnfactor"": ""0.26"", ""greendetectsize"": ""2"", ""groundboxsize"": ""1"", ""medianboxsize"": ""17"", ""medianboxsize2"": ""7"", ""greenshades"": ""0.858|1.980|3.492"", ""greenshadeisom"": ""406|408|410"", ""vegesimplify"": ""0.86""}",False,0.7819831539171478,0.9506851507762636,0.22829205625912338,52.2858218666687,0.7203271531495394,0.6135455146192698,0.005240896760483502,False,0.6675957340971843
42,0.6846151545770577,0.34608705830509584,-0.1628457037837084,"{""zone1"": ""0.57|2.45|99|1"", ""zone2"": ""2.45|3.23|99|0.64"", ""zone3"": ""3.23|6.11|8|0.40"", ""thresold1"": ""0.20|3|0.028"", ""thresold2"": ""3|4|0.028"", ""thresold3"": ""4|7|0.028"", ""thresold4"": ""7|20|0.013"", ""thresold5"": ""20|99|0.013"", ""greenground"": ""0.63"", ""greenhigh"": ""3.00"", ""topweight"": ""0.19"", ""pointvolumefactor"": ""0.30"", ""firstandlastreturnasground"": ""1"", ""firstandlastreturnfactor"": ""0.00"", ""lastreturnfactor"": ""0.32"", ""greendetectsize"": ""2"", ""groundboxsize"": ""1"", ""medianboxsize"": ""17"", ""medianboxsize2"": ""5"", ""greenshades"": ""0.793|2.230|3.759"", ""greenshadeisom"": ""406|408|410"", ""vegesimplify"": ""1.47""}",False,1.5599591161725446,0.9591001701540497,0.22829205625912338,67.81791238792697,1.202197751543865,0.6150798680582231,0.005240896760483502,False,1.504321833601585
43,0.6109274688015044,0.2671881084467906,-0.2640579501617017,"{""zone1"": ""0.65|1.99|99|1"", ""zone2"": ""1.99|2.94|99|0.44"", ""zone3"": ""2.94|5.20|8|0.35"", ""thresold1"": ""0.20|3|0.057"", ""thresold2"": ""3|4|0.057"", ""thresold3"": ""4|7|0.057"", ""thresold4"": ""7|20|0.020"", ""thresold5"": ""20|99|0.020"", ""greenground"": ""0.83"", ""greenhigh"": ""2.74"", ""topweight"": ""0.13"", ""pointvolumefactor"": ""0.01"", ""firstandlastreturnasground"": ""1"", ""firstandlastreturnfactor"": ""0.18"", ""lastreturnfactor"": ""0.15"", ""greendetectsize"": ""4"", ""groundboxsize"": ""1"", ""medianboxsize"": ""17"", ""medianboxsize2"": ""7"", ""greenshades"": ""0.391|1.171|3.142"", ""greenshadeisom"": ""406|408|410"", ""vegesimplify"": ""1.07""}",False,2.599661240323224,0.936749513781609,0.126172958466914,77.1073154040496,1.3819512971529548,0.6179217135101183,0.0005668934240362812,False,2.435931964039069
44,0.6763369902860846,0.33953707301461034,-0.13776479499595345,"{""zone1"": ""0.58|3.41|99|1"", ""zone2"": ""3.41|4.80|99|0.54"", ""zone3"": ""4.80|7.61|8|0.26"", ""thresold1"": ""0.20|3|0.015"", ""thresold2"": ""3|4|0.015"", ""thresold3"": ""4|7|0.015"", ""thresold4"": ""7|20|0.033"", ""thresold5"": ""20|99|0.033"", ""greenground"": ""1.07"", ""greenhigh"": ""2.47"", ""topweight"": ""0.38"", ""pointvolumefactor"": ""0.50"", ""firstandlastreturnasground"": ""2"", ""firstandlastreturnfactor"": ""0.08"", ""lastreturnfactor"": ""0.36"", ""greendetectsize"": ""5"", ""groundboxsize"": ""1"", ""medianboxsize"": ""19"", ""medianboxsize2"": ""5"", ""greenshades"": ""0.988|1.577|2.642"", ""greenshadeisom"": ""406|408|410"", ""vegesimplify"": ""1.64""}",False,1.8520341779403633,0.941272349354119,0.04814386639530276,64.4239902798519,1.1426202416331792,0.6141935960856112,0.0011716461628588166,False,1.7735436038483314
45,0.7123879340814906,0.454112413047764,-0.07066437168115353,"{""zone1"": ""1.05|1.80|99|1"", ""zone2"": ""1.80|2.90|99|0.67"", ""zone3"": ""2.90|5.52|8|0.32"", ""thresold1"": ""0.20|3|0.032"", ""thresold2"": ""3|4|0.032"", ""thresold3"": ""4|7|0.032"", ""thresold4"": ""7|20|0.067"", ""thresold5"": ""20|99|0.067"", ""greenground"": ""0.48"", ""greenhigh"": ""1.44"", ""topweight"": ""0.25"", ""pointvolumefactor"": ""0.39"", ""firstandlastreturnasground"": ""1"", ""firstandlastreturnfactor"": ""0.37"", ""lastreturnfactor"": ""0.26"", ""greendetectsize"": ""3"", ""groundboxsize"": ""3"", ""medianboxsize"": ""11"", ""medianboxsize2"": ""7"", ""greenshades"": ""0.532|0.836|3.952"", ""greenshadeisom"": ""406|408|410"", ""vegesimplify"": ""0.73""}",False,1.1419540506993002,0.9559312840681228,0.13104219948849105,81.64117494597029,1.0338746035208453,0.6145806373358159,0.004614991536520711,True,1.0662117124978634
46,0.6956329699692159,0.451965301248809,-0.1712616199450597,"{""zone1"": ""1.23|1.38|99|1"", ""zone2"": ""1.38|2.54|99|0.73"", ""zone3"": ""2.54|4.52|8|0.21"", ""thresold1"": ""0.20|3|0.032"", ""thresold2"": ""3|4|0.032"", ""thresold3"": ""4|7|0.032"", ""thresold4"": ""7|20|0.066"", ""thresold5"": ""20|99|0.066"", ""greenground"": ""0.50"", ""greenhigh"": ""1.51"", ""topweight"": ""0.26"", ""pointvolumefactor"": ""0.38"", ""firstandlastreturnasground"": ""1"", ""firstandlastreturnfactor"": ""0.38"", ""lastreturnfactor"": ""0.19"", ""greendetectsize"": ""3"", ""groundboxsize"": ""3"", ""medianboxsize"": ""7"", ""medianboxsize2"": ""7"", ""greenshades"": ""0.505|0.807|4.044"", ""greenshadeisom"": ""406|408|410"", ""vegesimplify"": ""1.28""}",False,0.8500033388516454,0.9673484845608898,0.13104219948849105,110.52074803836088,1.0489647224024674,0.6138642658910171,0.004614991536520711,False,0.7780311874603004
47,0.681477870568682,0.4456045574883391,-0.2662618788170917,"{""zone1"": ""1.07|1.79|99|1"", ""zone2"": ""1.79|2.37|99|0.67"", ""zone3"": ""2.37|4.64|8|0.31"", ""thresold1"": ""0.20|3|0.018"", ""thresold2"": ""3|4|0.018"", ""thresold3"": ""4|7|0.018"", ""thresold4"": ""7|20|0.102"", ""thresold5"": ""20|99|0.102"", ""greenground"": ""0.54"", ""greenhigh"": ""1.46"", ""topweight"": ""0.45"", ""pointvolumefactor"": ""0.45"", ""firstandlastreturnasground"": ""1"", ""firstandlastreturnfactor"": ""0.61"", ""lastreturnfactor"": ""0.24"", ""greendetectsize"": ""3"", ""groundboxsize"": ""3"", ""medianboxsize"": ""1"", ""medianboxsize2"": ""3"", ""greenshades"": ""0.415|0.688|3.707"", ""greenshadeisom"": ""406|408|410"", ""vegesimplify"": ""0.74""}",False,0.6875386607520313,0.9600397520999259,0.13104219948849105,116.25112518127561,1.0100228855892268,0.6155233649713487,0.004614991536520711,False,0.6150592186172319
48,0.7092027628993897,0.47368250982696997,-0.07606658373824855,"{""zone1"": ""0.92|3.31|99|1"", ""zone2"": ""3.31|4.17|99|0.33"", ""zone3"": ""4.17|6.85|8|0.28"", ""thresold1"": ""0.20|3|0.023"", ""thresold2"": ""3|4|0.023"", ""thresold3"": ""4|7|0.023"", ""thresold4"": ""7|20|0.150"", ""thresold5"": ""20|99|0.150"", ""greenground"": ""0.69"", ""greenhigh"": ""1.23"", ""topweight"": ""0.36"", ""pointvolumefactor"": ""0.27"", ""firstandlastreturnasground"": ""2"", ""firstandlastreturnfactor"": ""0.48"", ""lastreturnfactor"": ""0.95"", ""greendetectsize"": ""2"", ""groundboxsize"": ""3"", ""medianboxsize"": ""11"", ""medianboxsize2"": ""7"", ""greenshades"": ""0.326|0.703|3.059"", ""greenshadeisom"": ""406|408|410"", ""vegesimplify"": ""2.65""}",False,1.1844657732454975,0.9518633333145977,0.22829205625912338,76.57413102155873,1.0298755309858028,0.6151394597852717,0.005240896760483502,True,1.0955075233716485
49,0.7068211528185188,0.4878093295792559,-0.16189980650902216,"{""zone1"": ""0.91|3.33|99|1"", ""zone2"": ""3.33|4.16|99|0.09"", ""zone3"": ""4.16|6.81|8|0.19"", ""thresold1"": ""0.20|3|0.024"", ""thresold2"": ""3|4|0.024"", ""thresold3"": ""4|7|0.024"", ""thresold4"": ""7|20|0.190"", ""thresold5"": ""20|99|0.190"", ""greenground"": ""0.69"", ""greenhigh"": ""1.22"", ""topweight"": ""0.40"", ""pointvolumefactor"": ""0.28"", ""firstandlastreturnasground"": ""2"", ""firstandlastreturnfactor"": ""0.78"", ""lastreturnfactor"": ""0.93"", ""greendetectsize"": ""2"", ""groundboxsize"": ""3"", ""medianboxsize"": ""11"", ""medianboxsize2"": ""9"", ""greenshades"": ""0.333|0.733|3.020"", ""greenshadeisom"": ""406|408|410"", ""vegesimplify"": ""2.62""}",False,0.9836322308177022,0.9478171852300572,0.22829205625912338,81.88395755650457,0.9013838186001139,0.6160384572029293,0.005240896760483502,True,0.8731421651995923
50,0.7075836446516299,0.45208299457546786,-0.10634457702947513,"{""zone1"": ""0.92|3.29|99|1"", ""zone2"": ""3.29|4.60|99|0.09"", ""zone3"": ""4.60|7.26|8|0.12"", ""thresold1"": ""0.20|3|0.009"", ""thresold2"": ""3|4|0.009"", ""thresold3"": ""4|7|0.009"", ""thresold4"": ""7|20|0.195"", ""thresold5"": ""20|99|0.195"", ""greenground"": ""0.71"", ""greenhigh"": ""1.67"", ""topweight"": ""0.49"", ""pointvolumefactor"": ""0.27"", ""firstandlastreturnasground"": ""2"", ""firstandlastreturnfactor"": ""0.75"", ""lastreturnfactor"": ""0.97"", ""greendetectsize"": ""2"", ""groundboxsize"": ""3"", ""medianboxsize"": ""9"", ""medianboxsize2"": ""9"", ""greenshades"": ""0.213|0.389|1.717"", ""greenshadeisom"": ""406|408|410"", ""vegesimplify"": ""3.71""}",False,1.1837262141613805,0.940290011293885,0.22829205625912338,101.78254671881302,1.107480769569654,0.6166265789057516,0.005240896760483502,False,1.097741841990806
51,0.7073638181214612,0.4722834916116838,-0.07520056856423026,"{""zone1"": ""1.02|3.87|99|1"", ""zone2"": ""3.87|4.70|99|0.17"", ""zone3"": ""4.70|7.31|8|0.19"", ""thresold1"": ""0.20|3|0.021"", ""thresold2"": ""3|4|0.021"", ""thresold3"": ""4|7|0.021"", ""thresold4"": ""7|20|0.168"", ""thresold5"": ""20|99|0.168"", ""greenground"": ""0.47"", ""greenhigh"": ""1.34"", ""topweight"": ""0.41"", ""pointvolumefactor"": ""0.32"", ""firstandlastreturnasground"": ""2"", ""firstandlastreturnfactor"": ""0.86"", ""lastreturnfactor"": ""0.92"", ""greendetectsize"": ""2"", ""groundboxsize"": ""3"", ""medianboxsize"": ""11"", ""medianboxsize2"": ""9"", ""greenshades"": ""0.329|0.770|3.112"", ""greenshadeisom"": ""406|408|410"", ""vegesimplify"": ""2.70""}",False,1.2416419851139613,0.9493275506200676,0.22829205625912338,86.6436187669447,1.0669613857003997,0.6152616209587082,0.005240896760483502,True,1.1536177592231305
52,0.699769743893247,0.4615059000296071,-0.31434483565770915,"{""zone1"": ""1.01|3.80|99|1"", ""zone2"": ""3.80|4.51|99|0.17"", ""zone3"": ""4.51|6.66|8|0.19"", ""thresold1"": ""0.20|3|0.022"", ""thresold2"": ""3|4|0.022"", ""thresold3"": ""4|7|0.022"", ""thresold4"": ""7|20|0.359"", ""thresold5"": ""20|99|0.359"", ""greenground"": ""0.46"", ""greenhigh"": ""1.35"", ""topweight"": ""0.52"", ""pointvolumefactor"": ""0.13"", ""firstandlastreturnasground"": ""2"", ""firstandlastreturnfactor"": ""0.93"", ""lastreturnfactor"": ""0.92"", ""greendetectsize"": ""2"", ""groundboxsize"": ""3"", ""medianboxsize"": ""11"", ""medianboxsize2"": ""9"", ""greenshades"": ""0.329|0.679|3.011"", ""greenshadeisom"": ""406|408|410"", ""vegesimplify"": ""3.19""}",False,0.7819654863703794,0.938408974705057,0.22829205625912338,68.2248679640053,0.7689545928016152,0.6167555135454954,0.005240896760483502,False,0.6762144324052215
53,0.6952000756337036,0.4529377163018234,-0.24029573658428102,"{""zone1"": ""0.90|4.29|99|1"", ""zone2"": ""4.29|5.10|99|0.29"", ""zone3"": ""5.10|7.69|8|0.10"", ""thresold1"": ""0.20|3|0.016"", ""thresold2"": ""3|4|0.016"", ""thresold3"": ""4|7|0.016"", ""thresold4"": ""7|20|0.179"", ""thresold5"": ""20|99|0.179"", ""greenground"": ""0.58"", ""greenhigh"": ""1.21"", ""topweight"": ""0.41"", ""pointvolumefactor"": ""0.27"", ""firstandlastreturnasground"": ""3"", ""firstandlastreturnfactor"": ""0.81"", ""lastreturnfactor"": ""0.90"", ""greendetectsize"": ""2"", ""groundboxsize"": ""3"", ""medianboxsize"": ""7"", ""medianboxsize2"": ""9"", ""greenshades"": ""0.295|0.876|4.401"", ""greenshadeisom"": ""406|408|410"", ""vegesimplify"": ""2.74""}",False,1.393812680148848,0.9584562990946117,0.22829205625912338,98.1750020897689,1.2788278926047305,0.6148809682020381,0.005240896760483502,False,1.3259170856897422
54,0.6998272542342726,0.4132685514639425,-0.14655917410224573,"{""zone1"": ""0.83|4.02|99|1"", ""zone2"": ""4.02|5.02|99|0.09"", ""zone3"": ""5.02|7.73|8|0.24"", ""thresold1"": ""0.20|3|0.030"", ""thresold2"": ""3|4|0.030"", ""thresold3"": ""4|7|0.030"", ""thresold4"": ""7|20|0.135"", ""thresold5"": ""20|99|0.135"", ""greenground"": ""0.62"", ""greenhigh"": ""1.61"", ""topweight"": ""0.39"", ""pointvolumefactor"": ""0.24"", ""firstandlastreturnasground"": ""2"", ""firstandlastreturnfactor"": ""1.11"", ""lastreturnfactor"": ""0.86"", ""greendetectsize"": ""2"", ""groundboxsize"": ""3"", ""medianboxsize"": ""11"", ""medianboxsize2"": ""7"", ""greenshades"": ""0.350|0.580|2.689"", ""greenshadeisom"": ""406|408|410"", ""vegesimplify"": ""2.09""}",False,1.4225737012848347,0.9604445519210622,0.22829205625912338,81.41646652698226,1.163068070301852,0.6161266835338971,0.005240896760483502,False,1.3519727206346583
55,0.7019137294274621,0.4752855559191726,-0.18938617257094126,"{""zone1"": ""1.01|3.27|99|1"", ""zone2"": ""3.27|3.70|99|0.24"", ""zone3"": ""3.70|6.05|8|0.17"", ""thresold1"": ""0.20|3|0.012"", ""thresold2"": ""3|4|0.012"", ""thresold3"": ""4|7|0.012"", ""thresold4"": ""7|20|0.272"", ""thresold5"": ""20|99|0.272"", ""greenground"": ""0.67"", ""greenhigh"": ""1.40"", ""topweight"": ""0.43"", ""pointvolumefactor"": ""0.31"", ""firstandlastreturnasground"": ""2"", ""firstandlastreturnfactor"": ""1.06"", ""lastreturnfactor"": ""0.77"", ""greendetectsize"": ""2"", ""groundboxsize"": ""3"", ""medianboxsize"": ""7"", ""medianboxsize2"": ""9"", ""greenshades"": ""0.251|0.664|2.340"", ""greenshadeisom"": ""406|408|410"", ""vegesimplify"": ""2.25""}",False,0.9326653985406878,0.9555991343089527,0.22829205625912338,89.3218461139715,0.9995148718465462,0.6155684615139793,0.005240896760483502,False,0.831661159402177
56,0.7017984270223284,0.46952554692555265,-0.07990101046784313,"{""zone1"": ""0.92|3.64|99|1"", ""zone2"": ""3.64|4.73|99|0.06"", ""zone3"": ""4.73|6.76|8|0.28"", ""thresold1"": ""0.20|3|0.040"", ""thresold2"": ""3|4|0.040"", ""thresold3"": ""4|7|0.040"", ""thresold4"": ""7|20|0.165"", ""thresold5"": ""20|99|0.165"", ""greenground"": ""0.78"", ""greenhigh"": ""1.99"", ""topweight"": ""0.36"", ""pointvolumefactor"": ""0.33"", ""firstandlastreturnasground"": ""3"", ""firstandlastreturnfactor"": ""0.79"", ""lastreturnfactor"": ""0.89"", ""greendetectsize"": ""2"", ""groundboxsize"": ""3"", ""medianboxsize"": ""13"", ""medianboxsize2"": ""7"", ""greenshades"": ""0.255|0.910|3.216"", ""greenshadeisom"": ""406|408|410"", ""vegesimplify"": ""2.81""}",False,1.2450196745044064,0.9494800606676933,0.22829205625912338,80.13163812768653,1.063278196472618,0.6158815109267646,0.005240896760483502,False,1.1520650772130845
57,0.691209064204569,0.428545722264124,-0.40323891939197026,"{""zone1"": ""0.80|4.20|99|1"", ""zone2"": ""4.20|4.85|99|0.16"", ""zone3"": ""4.85|7.71|8|0.24"", ""thresold1"": ""0.20|3|0.014"", ""thresold2"": ""3|4|0.014"", ""thresold3"": ""4|7|0.014"", ""thresold4"": ""7|20|0.266"", ""thresold5"": ""20|99|0.266"", ""greenground"": ""0.45"", ""greenhigh"": ""1.85"", ""topweight"": ""0.53"", ""pointvolumefactor"": ""0.39"", ""firstandlastreturnasground"": ""2"", ""firstandlastreturnfactor"": ""0.48"", ""lastreturnfactor"": ""0.94"", ""greendetectsize"": ""3"", ""groundboxsize"": ""3"", ""medianboxsize"": ""9"", ""medianboxsize2"": ""9"", ""greenshades"": ""0.173|0.466|3.434"", ""greenshadeisom"": ""406|408|410"", ""vegesimplify"": ""2.50""}",False,1.589227809252239,0.9542899068042576,0.13104219948849105,114.43306310838653,1.528274125783043,0.6164054551858626,0.004614991536520711,False,1.538912011349067
58,0.6988671104962187,0.4712053659110376,-0.181932609586869,"{""zone1"": ""0.75|3.57|99|1"", ""zone2"": ""3.57|4.38|99|0.20"", ""zone3"": ""4.38|6.91|8|0.13"", ""thresold1"": ""0.20|3|0.024"", ""thresold2"": ""3|4|0.024"", ""thresold3"": ""4|7|0.024"", ""thresold4"": ""7|20|0.222"", ""thresold5"": ""20|99|0.222"", ""greenground"": ""0.73"", ""greenhigh"": ""1.52"", ""topweight"": ""0.35"", ""pointvolumefactor"": ""0.21"", ""firstandlastreturnasground"": ""3"", ""firstandlastreturnfactor"": ""0.68"", ""lastreturnfactor"": ""0.78"", ""greendetectsize"": ""2"", ""groundboxsize"": ""3"", ""medianboxsize"": ""5"", ""medianboxsize2"": ""7"", ""greenshades"": ""0.371|0.713|1.953"", ""greenshadeisom"": ""406|408|410"", ""vegesimplify"": ""5.86""}",False,0.8747886097086305,0.936592457261925,0.22714915344582418,108.61876903698483,0.930987768409468,0.6126411539916136,0.0031816309719934106,False,0.7688871361786476
59,0.6442493875323877,0.33739283085174526,-0.31810467325345365,"{""zone1"": ""1.04|4.69|99|1"", ""zone2"": ""4.69|6.35|99|0.32"", ""zone3"": ""6.35|8.12|8|0.18"", ""thresold1"": ""0.20|3|0.020"", ""thresold2"": ""3|4|0.020"", ""thresold3"": ""4|7|0.020"", ""thresold4"": ""7|20|0.117"", ""thresold5"": ""20|99|0.117"", ""greenground"": ""0.80"", ""greenhigh"": ""1.33"", ""topweight"": ""0.60"", ""pointvolumefactor"": ""0.17"", ""firstandlastreturnasground"": ""2"", ""firstandlastreturnfactor"": ""0.55"", ""lastreturnfactor"": ""1.00"", ""greendetectsize"": ""3"", ""groundboxsize"": ""3"", ""medianboxsize"": ""11"", ""medianboxsize2"": ""9"", ""greenshades"": ""0.317|1.023|4.949"", ""greenshadeisom"": ""406|408|410"", ""vegesimplify"": ""3.10""}",False,2.189020132261532,0.9449367577972043,0.13104219948849105,84.68322178229691,1.4752291927048669,0.6176275458769355,0.004614991536520711,False,2.0909982955858473
60,0.7030180851998292,0.4456868923141162,-0.0682009290849333,"{""zone1"": ""0.88|2.91|99|1"", ""zone2"": ""2.91|3.91|99|0.00"", ""zone3"": ""3.91|6.87|8|0.34"", ""thresold1"": ""0.20|3|0.035"", ""thresold2"": ""3|4|0.035"", ""thresold3"": ""4|7|0.035"", ""thresold4"": ""7|20|0.089"", ""thresold5"": ""20|99|0.089"", ""greenground"": ""0.87"", ""greenhigh"": ""1.58"", ""topweight"": ""0.46"", ""pointvolumefactor"": ""0.29"", ""firstandlastreturnasground"": ""2"", ""firstandlastreturnfactor"": ""0.85"", ""lastreturnfactor"": ""0.87"", ""greendetectsize"": ""2"", ""groundboxsize"": ""3"", ""medianboxsize"": ""13"", ""medianboxsize2"": ""7"", ""greenshades"": ""0.269|1.853|3.914"", ""greenshadeisom"": ""406|408|410"", ""vegesimplify"": ""4.01""}",False,1.2905777660958824,0.952003338366309,0.22829205625912338,79.2372847218558,1.064278974072705,0.6141623496203331,0.005240896760483502,False,1.2053781908848775
61,0.7059573095929358,0.42770519803827467,-0.08474758908804376,"{""zone1"": ""0.95|2.78|99|1"", ""zone2"": ""2.78|3.92|99|0.00"", ""zone3"": ""3.92|6.90|8|0.29"", ""thresold1"": ""0.20|3|0.035"", ""thresold2"": ""3|4|0.035"", ""thresold3"": ""4|7|0.035"", ""thresold4"": ""7|20|0.093"", ""thresold5"": ""20|99|0.093"", ""greenground"": ""0.89"", ""greenhigh"": ""1.62"", ""topweight"": ""0.43"", ""pointvolumefactor"": ""0.29"", ""firstandlastreturnasground"": ""2"", ""firstandlastreturnfactor"": ""0.83"", ""lastreturnfactor"": ""0.87"", ""greendetectsize"": ""2"", ""groundboxsize"": ""3"", ""medianboxsize"": ""13"", ""medianboxsize2"": ""7"", ""greenshades"": ""0.270|1.903|3.953"", ""greenshadeisom"": ""406|408|410"", ""vegesimplify"": ""4.60""}",False,1.1865962816374824,0.9445214616638739,0.22829205625912338,85.97056397215097,0.987101255408982,0.6127052989033931,0.005240896760483502,False,1.0934822344233543
62,0.6979376839145077,0.430179564109234,-0.1272200129756753,"{""zone1"": ""0.88|3.21|99|1"", ""zone2"": ""3.21|4.23|99|0.12"", ""zone3"": ""4.23|7.05|8|0.34"", ""thresold1"": ""0.20|3|0.048"", ""thresold2"": ""3|4|0.048"", ""thresold3"": ""4|7|0.048"", ""thresold4"": ""7|20|0.128"", ""thresold5"": ""20|99|0.128"", ""greenground"": ""0.86"", ""greenhigh"": ""1.44"", ""topweight"": ""0.46"", ""pointvolumefactor"": ""0.36"", ""firstandlastreturnasground"": ""2"", ""firstandlastreturnfactor"": ""0.88"", ""lastreturnfactor"": ""0.93"", ""greendetectsize"": ""2"", ""groundboxsize"": ""3"", ""medianboxsize"": ""11"", ""medianboxsize2"": ""7"", ""greenshades"": ""0.209|1.518|3.193"", ""greenshadeisom"": ""406|408|410"", ""vegesimplify"": ""4.06""}",False,1.4195848881689164,0.9494429739692628,0.22829205625912338,74.55207694758415,1.14067530612939,0.6126230504932743,0.005240896760483502,False,1.347490880296664
63,0.7084031064407489,0.4067802585491192,-0.12514712512957402,"{""zone1"": ""0.83|3.00|99|1"", ""zone2"": ""3.00|3.90|99|0.07"", ""zone3"": ""3.90|6.58|8|0.38"", ""thresold1"": ""0.20|3|0.029"", ""thresold2"": ""3|4|0.029"", ""thresold3"": ""4|7|0.029"", ""thresold4"": ""7|20|0.160"", ""thresold5"": ""20|99|0.160"", ""greenground"": ""0.68"", ""greenhigh"": ""1.72"", ""topweight"": ""0.67"", ""pointvolumefactor"": ""0.31"", ""firstandlastreturnasground"": ""2"", ""firstandlastreturnfactor"": ""0.75"", ""lastreturnfactor"": ""0.83"", ""greendetectsize"": ""2"", ""groundboxsize"": ""3"", ""medianboxsize"": ""13"", ""medianboxsize2"": ""7"", ""greenshades"": ""0.231|1.386|3.868"", ""greenshadeisom"": ""406|408|410"", ""vegesimplify"": ""3.92""}",False,1.1077099928187089,0.947207780526683,0.22829205625912338,86.13812340912268,0.9517509726821101,0.6150651094201361,0.005240896760483502,False,0.9977561393266856
64,0.6219905788610475,0.3616959081271558,-0.3109162103528667,"{""zone1"": ""0.99|3.73|99|1"", ""zone2"": ""3.73|4.45|99|0.19"", ""zone3"": ""4.45|6.83|8|0.34"", ""thresold1"": ""0.20|3|0.042"", ""thresold2"": ""3|4|0.042"", ""thresold3"": ""4|7|0.042"", ""thresold4"": ""7|20|0.077"", ""thresold5"": ""20|99|0.077"", ""greenground"": ""1.01"", ""greenhigh"": ""1.54"", ""topweight"": ""0.56"", ""pointvolumefactor"": ""0.25"", ""firstandlastreturnasground"": ""2"", ""firstandlastreturnfactor"": ""1.03"", ""lastreturnfactor"": ""0.97"", ""greendetectsize"": ""3"", ""groundboxsize"": ""3"", ""medianboxsize"": ""11"", ""medianboxsize2"": ""7"", ""greenshades"": ""0.184|1.020|1.898"", ""greenshadeisom"": ""406|408|410"", ""vegesimplify"": ""5.09""}",False,2.386783069170367,0.9406121130210949,0.13104219948849105,76.11083951454209,1.4530021236106212,0.6115906250823047,0.004614991536520711,False,2.258760603329785
65,0.7039614498417531,0.4850969787423363,-0.1757450152597897,"{""zone1"": ""0.90|3.43|99|1"", ""zone2"": ""3.43|5.93|99|0.13"", ""zone3"": ""5.93|9.05|8|0.26"", ""thresold1"": ""0.20|3|0.019"", ""thresold2"": ""3|4|0.019"", ""thresold3"": ""4|7|0.019"", ""thresold4"": ""7|20|0.101"", ""thresold5"": ""20|99|0.101"", ""greenground"": ""0.94"", ""greenhigh"": ""1.33"", ""topweight"": ""0.33"", ""pointvolumefactor"": ""0.28"", ""firstandlastreturnasground"": ""2"", ""firstandlastreturnfactor"": ""0.63"", ""lastreturnfactor"": ""0.72"", ""greendetectsize"": ""2"", ""groundboxsize"": ""3"", ""medianboxsize"": ""9"", ""medianboxsize2"": ""9"", ""greenshades"": ""0.598|2.128|2.845"", ""greenshadeisom"": ""406|408|410"", ""vegesimplify"": ""1.79""}",False,1.1792050930967788,0.962877544487163,0.22829205625912338,109.46698097819394,1.198632147072688,0.6144614751629481,0.005240896760483502,False,1.1040435714292274
66,0.6978460591981558,0.3383496574833773,-0.2042325958059674,"{""zone1"": ""0.73|3.99|99|1"", ""zone2"": ""3.99|4.83|99|0.27"", ""zone3"": ""4.83|7.32|8|0.30"", ""thresold1"": ""0.20|3|0.025"", ""thresold2"": ""3|4|0.025"", ""thresold3"": ""4|7|0.025"", ""thresold4"": ""7|20|0.193"", ""thresold5"": ""20|99|0.193"", ""greenground"": ""0.82"", ""greenhigh"": ""1.42"", ""topweight"": ""0.27"", ""pointvolumefactor"": ""0.40"", ""firstandlastreturnasground"": ""2"", ""firstandlastreturnfactor"": ""1.18"", ""lastreturnfactor"": ""0.09"", ""greendetectsize"": ""3"", ""groundboxsize"": ""3"", ""medianboxsize"": ""13"", ""medianboxsize2"": ""7"", ""greenshades"": ""0.307|2.104|5.200"", ""greenshadeisom"": ""406|408|410"", ""vegesimplify"": ""4.44""}",False,1.610949083449584,0.9360319992452468,0.13104219948849105,87.60770212766056,1.2412003286020392,0.6162954402388455,0.004614991536520711,False,1.553662683259604
67,0.6949784637351423,0.4578960172034277,-0.22271672652922161,"{""zone1"": ""0.69|2.92|99|1"", ""zone2"": ""2.92|4.13|99|0.03"", ""zone3"": ""4.13|7.04|8|0.31"", ""thresold1"": ""0.20|3|0.032"", ""thresold2"": ""3|4|0.032"", ""thresold3"": ""4|7|0.032"", ""thresold4"": ""7|20|0.068"", ""thresold5"": ""20|99|0.068"", ""greenground"": ""0.56"", ""greenhigh"": ""1.26"", ""topweight"": ""0.50"", ""pointvolumefactor"": ""0.43"", ""firstandlastreturnasground"": ""3"", ""firstandlastreturnfactor"": ""0.96"", ""lastreturnfactor"": ""0.84"", ""greendetectsize"": ""2"", ""groundboxsize"": ""3"", ""medianboxsize"": ""7"", ""medianboxsize2"": ""9"", ""greenshades"": ""0.383|1.470|5.007"", ""greenshadeisom"": ""406|408|410"", ""vegesimplify"": ""0.71""}",False,1.2158792017279978,0.9680861407393023,0.22829205625912338,100.63484405531624,1.2569194650759872,0.6144103397353358,0.005240896760483502,False,1.1311100137071677
68,0.6443536113848113,0.3156587797024094,-0.7142593384880539,"{""zone1"": ""1.07|2.69|99|1"", ""zone2"": ""2.69|3.25|99|0.12"", ""zone3"": ""3.25|6.31|8|0.04"", ""thresold1"": ""0.20|3|0.038"", ""thresold2"": ""3|4|0.038"", ""thresold3"": ""4|7|0.038"", ""thresold4"": ""7|20|0.298"", ""thresold5"": ""20|99|0.298"", ""greenground"": ""0.75"", ""greenhigh"": ""2.10"", ""topweight"": ""0.40"", ""pointvolumefactor"": ""0.34"", ""firstandlastreturnasground"": ""2"", ""firstandlastreturnfactor"": ""0.87"", ""lastreturnfactor"": ""0.79"", ""greendetectsize"": ""2"", ""groundboxsize"": ""3"", ""medianboxsize"": ""9"", ""medianboxsize2"": ""7"", ""greenshades"": ""0.351|0.886|1.230"", ""greenshadeisom"": ""406|408|410"", ""vegesimplify"": ""1.46""}",False,0.41651176411842816,0.9507787492471672,0.22829205625912338,56.840980783405875,0.5684802986583142,0.612917381499796,0.005240896760483502,False,0.3362818656667837
69,0.6188339608622727,0.2133384210496675,-1.1375168381544631,"{""zone1"": ""0.82|2.50|99|1"", ""zone2"": ""2.50|3.47|99|0.00"", ""zone3"": ""3.47|6.21|8|0.24"", ""thresold1"": ""0.20|3|0.022"", ""thresold2"": ""3|4|0.022"", ""thresold3"": ""4|7|0.022"", ""thresold4"": ""7|20|0.218"", ""thresold5"": ""20|99|0.218"", ""greenground"": ""0.61"", ""greenhigh"": ""1.21"", ""topweight"": ""0.80"", ""pointvolumefactor"": ""0.37"", ""firstandlastreturnasground"": ""2"", ""firstandlastreturnfactor"": ""0.72"", ""lastreturnfactor"": ""0.96"", ""greendetectsize"": ""3"", ""groundboxsize"": ""3"", ""medianboxsize"": ""15"", ""medianboxsize2"": ""9"", ""greenshades"": ""0.479|2.720|4.550"", ""greenshadeisom"": ""406|408|410"", ""vegesimplify"": ""3.61""}",False,0.3141666089605723,0.9321809316881092,0.13104219948849105,33.44452057642021,0.3833927046243208,0.6146192961863712,0.004614991536520711,False,0.24964260001433888
70,0.7021114953878952,0.4551255784315407,-0.32944082004407194,"{""zone1"": ""0.96|3.18|99|1"", ""zone2"": ""3.18|4.49|99|0.06"", ""zone3"": ""4.49|6.66|8|0.35"", ""thresold1"": ""0.20|3|0.052"", ""thresold2"": ""3|4|0.052"", ""thresold3"": ""4|7|0.052"", ""thresold4"": ""7|20|0.118"", ""thresold5"": ""20|99|0.118"", ""greenground"": ""0.47"", ""greenhigh"": ""1.91"", ""topweight"": ""0.35"", ""pointvolumefactor"": ""0.17"", ""firstandlastreturnasground"": ""4"", ""firstandlastreturnfactor"": ""0.39"", ""lastreturnfactor"": ""0.89"", ""greendetectsize"": ""4"", ""groundboxsize"": ""3"", ""medianboxsize"": ""13"", ""medianboxsize2"": ""7"", ""greenshades"": ""0.549|0.936|3.677"", ""greenshadeisom"": ""406|408|410"", ""vegesimplify"": ""3.23""}",False,0.9494730394302932,0.9328326639675332,0.126172958466914,60.83994535573752,0.7407453143670546,0.6162627703860635,0.0005668934240362812,False,0.832975805992096
71,0.668987982327582,0.3579425926769599,-0.3501504442044971,"{""zone1"": ""1.16|3.43|99|1"", ""zone2"": ""3.43|4.31|99|0.76"", ""zone3"": ""4.31|7.52|8|0.41"", ""thresold1"": ""0.20|3|0.024"", ""thresold2"": ""3|4|0.024"", ""thresold3"": ""4|7|0.024"", ""thresold4"": ""7|20|0.059"", ""thresold5"": ""20|99|0.059"", ""greenground"": ""0.41"", ""greenhigh"": ""1.22"", ""topweight"": ""0.31"", ""pointvolumefactor"": ""0.35"", ""firstandlastreturnasground"": ""2"", ""firstandlastreturnfactor"": ""0.27"", ""lastreturnfactor"": ""0.74"", ""greendetectsize"": ""3"", ""groundboxsize"": ""1"", ""medianboxsize"": ""15"", ""medianboxsize2"": ""1"", ""greenshades"": ""0.436|0.891|3.460"", ""greenshadeisom"": ""406|408|410"", ""vegesimplify"": ""2.62""}",False,1.9052459007885314,0.9595987124342731,0.13104219948849105,91.25535274787676,1.509045016088027,0.6147307404093957,0.004614991536520711,False,1.833229561632608
72,0.6525985058296898,0.38451435449765975,-0.9323081275602156,"{""zone1"": ""1.12|1.39|99|1"", ""zone2"": ""1.39|2.42|99|0.64"", ""zone3"": ""2.42|5.90|8|0.44"", ""thresold1"": ""0.20|3|0.027"", ""thresold2"": ""3|4|0.027"", ""thresold3"": ""4|7|0.027"", ""thresold4"": ""7|20|0.143"", ""thresold5"": ""20|99|0.143"", ""greenground"": ""0.54"", ""greenhigh"": ""1.38"", ""topweight"": ""0.31"", ""pointvolumefactor"": ""0.32"", ""firstandlastreturnasground"": ""1"", ""firstandlastreturnfactor"": ""0.43"", ""lastreturnfactor"": ""0.28"", ""greendetectsize"": ""2"", ""groundboxsize"": ""3"", ""medianboxsize"": ""15"", ""medianboxsize2"": ""9"", ""greenshades"": ""0.419|0.754|2.981"", ""greenshadeisom"": ""406|408|410"", ""vegesimplify"": ""2.98""}",False,0.43674270928045206,0.9298862495590664,0.22829205625912338,37.34567224355346,0.4442409319912415,0.6144927830092701,0.005240896760483502,False,0.3484022650037729
73,0.6921849785630174,0.4205114823613297,-0.24357987455055,"{""zone1"": ""1.00|2.09|99|1"", ""zone2"": ""2.09|2.86|99|0.59"", ""zone3"": ""2.86|5.48|8|0.38"", ""thresold1"": ""0.20|3|0.032"", ""thresold2"": ""3|4|0.032"", ""thresold3"": ""4|7|0.032"", ""thresold4"": ""7|20|0.078"", ""thresold5"": ""20|99|0.078"", ""greenground"": ""0.47"", ""greenhigh"": ""1.59"", ""topweight"": ""0.22"", ""pointvolumefactor"": ""0.22"", ""firstandlastreturnasground"": ""1"", ""firstandlastreturnfactor"": ""1.48"", ""lastreturnfactor"": ""0.18"", ""greendetectsize"": ""3"", ""groundboxsize"": ""1"", ""medianboxsize"": ""13"", ""medianboxsize2"": ""5"", ""greenshades"": ""0.357|0.742|3.409"", ""greenshadeisom"": ""406|408|410"", ""vegesimplify"": ""2.17""}",False,1.6068338622086225,0.9432104235590796,0.13104219948849105,91.68507793182164,1.3010031002234055,0.6169231133624586,0.004614991536520711,False,1.5525808921729205
74,0.6821975998658267,0.4591627310936885,-0.2512778212309374,"{""zone1"": ""1.08|3.33|99|1"", ""zone2"": ""3.33|4.24|99|0.70"", ""zone3"": ""4.24|7.55|8|0.46"", ""thresold1"": ""0.20|3|0.018"", ""thresold2"": ""3|4|0.018"", ""thresold3"": ""4|7|0.018"", ""thresold4"": ""7|20|0.090"", ""thresold5"": ""20|99|0.090"", ""greenground"": ""0.59"", ""greenhigh"": ""1.45"", ""topweight"": ""0.28"", ""pointvolumefactor"": ""0.28"", ""firstandlastreturnasground"": ""2"", ""firstandlastreturnfactor"": ""0.33"", ""lastreturnfactor"": ""0.91"", ""greendetectsize"": ""2"", ""groundboxsize"": ""1"", ""medianboxsize"": ""11"", ""medianboxsize2"": ""9"", ""greenshades"": ""0.269|1.520|3.911"", ""greenshadeisom"": ""406|408|410"", ""vegesimplify"": ""2.39""}",False,1.6838812741059668,0.9588618072725814,0.22829205625912338,80.70533381583341,1.3200682298789477,0.6158230533872093,0.005240896760483502,False,1.6253842294236784
75,0.6575405913502038,0.4079276565537296,-0.866551329367481,"{""zone1"": ""1.04|1.71|99|1"", ""zone2"": ""1.71|2.56|99|0.09"", ""zone3"": ""2.56|5.61|8|0.32"", ""thresold1"": ""0.20|3|0.020"", ""thresold2"": ""3|4|0.020"", ""thresold3"": ""4|7|0.020"", ""thresold4"": ""7|20|0.062"", ""thresold5"": ""20|99|0.062"", ""greenground"": ""0.66"", ""greenhigh"": ""1.30"", ""topweight"": ""0.24"", ""pointvolumefactor"": ""0.46"", ""firstandlastreturnasground"": ""1"", ""firstandlastreturnfactor"": ""0.59"", ""lastreturnfactor"": ""0.22"", ""greendetectsize"": ""3"", ""groundboxsize"": ""3"", ""medianboxsize"": ""17"", ""medianboxsize2"": ""7"", ""greenshades"": ""0.675|1.089|2.518"", ""greenshadeisom"": ""406|408|410"", ""vegesimplify"": ""2.58""}",False,0.4972508000515759,0.9358174480188106,0.13104219948849105,40.9548414615204,0.46881939476352086,0.6136513555589557,0.004614991536520711,False,0.40082120502428603
76,0.6979622919900552,0.4315306271205799,-0.2974614079782385,"{""zone1"": ""0.86|1.89|99|1"", ""zone2"": ""1.89|2.52|99|0.89"", ""zone3"": ""2.52|5.46|8|0.20"", ""thresold1"": ""0.20|3|0.012"", ""thresold2"": ""3|4|0.012"", ""thresold3"": ""4|7|0.012"", ""thresold4"": ""7|20|0.051"", ""thresold5"": ""20|99|0.051"", ""greenground"": ""0.87"", ""greenhigh"": ""1.68"", ""topweight"": ""0.36"", ""pointvolumefactor"": ""0.43"", ""firstandlastreturnasground"": ""2"", ""firstandlastreturnfactor"": ""0.52"", ""lastreturnfactor"": ""0.63"", ""greendetectsize"": ""2"", ""groundboxsize"": ""1"", ""medianboxsize"": ""9"", ""medianboxsize2"": ""5"", ""greenshades"": ""0.234|0.508|2.525"", ""greenshadeisom"": ""406|408|410"", ""vegesimplify"": ""1.08""}",False,1.2529729812360673,0.9666381935503056,0.22829205625912338,118.2057146548021,1.3547707482516538,0.6139873198075803,0.005240896760483502,False,1.1897075976115083
77,0.6096014768512453,0.2914617195006189,-0.27638289257340076,"{""zone1"": ""1.12|3.12|99|1"", ""zone2"": ""3.12|4.10|99|0.52"", ""zone3"": ""4.10|6.65|8|0.35"", ""thresold1"": ""0.20|3|0.027"", ""thresold2"": ""3|4|0.027"", ""thresold3"": ""4|7|0.027"", ""thresold4"": ""7|20|0.044"", ""thresold5"": ""20|99|0.044"", ""greenground"": ""0.92"", ""greenhigh"": ""1.50"", ""topweight"": ""0.18"", ""pointvolumefactor"": ""0.25"", ""firstandlastreturnasground"": ""1"", ""firstandlastreturnfactor"": ""0.23"", ""lastreturnfactor"": ""0.11"", ""greendetectsize"": ""4"", ""groundboxsize"": ""3"", ""medianboxsize"": ""15"", ""medianboxsize2"": ""7"", ""greenshades"": ""0.334|1.215|2.348"", ""greenshadeisom"": ""406|408|410"", ""vegesimplify"": ""1.96""}",False,2.6329537473683815,0.9264238668490625,0.126172958466914,70.22239039380547,1.3869832401416258,0.6175763819619239,0.0005668934240362812,False,2.4515050672936383
78,0.6495078119432651,0.37059523093599056,-0.9003405633272236,"{""zone1"": ""0.94|2.90|99|1"", ""zone2"": ""2.90|3.59|99|0.19"", ""zone3"": ""3.59|6.39|8|0.15"", ""thresold1"": ""0.20|3|0.045"", ""thresold2"": ""3|4|0.045"", ""thresold3"": ""4|7|0.045"", ""thresold4"": ""7|20|0.110"", ""thresold5"": ""20|99|0.110"", ""greenground"": ""0.74"", ""greenhigh"": ""1.30"", ""topweight"": ""0.42"", ""pointvolumefactor"": ""0.80"", ""firstandlastreturnasground"": ""3"", ""firstandlastreturnfactor"": ""0.05"", ""lastreturnfactor"": ""0.34"", ""greendetectsize"": ""2"", ""groundboxsize"": ""1"", ""medianboxsize"": ""17"", ""medianboxsize2"": ""9"", ""greenshades"": ""0.504|0.729|2.339"", ""greenshadeisom"": ""406|408|410"", ""vegesimplify"": ""1.75""}",False,0.46856246129015583,0.9424582555233697,0.22829205625912338,41.206910895183604,0.48462289521821317,0.6140008555009723,0.005240896760483502,False,0.34508207515064254
79,0.6699315613449963,0.3851604376782935,-0.7149984609649699,"{""zone1"": ""0.61|1.41|99|1"", ""zone2"": ""1.41|2.52|99|0.15"", ""zone3"": ""2.52|4.83|8|0.33"", ""thresold1"": ""0.20|3|0.038"", ""thresold2"": ""3|4|0.038"", ""thresold3"": ""4|7|0.038"", ""thresold4"": ""7|20|0.072"", ""thresold5"": ""20|99|0.072"", ""greenground"": ""0.52"", ""greenhigh"": ""1.75"", ""topweight"": ""0.46"", ""pointvolumefactor"": ""0.30"", ""firstandlastreturnasground"": ""1"", ""firstandlastreturnfactor"": ""0.17"", ""lastreturnfactor"": ""0.04"", ""greendetectsize"": ""3"", ""groundboxsize"": ""3"", ""medianboxsize"": ""19"", ""medianboxsize2"": ""1"", ""greenshades"": ""0.463|0.995|2.888"", ""greenshadeisom"": ""406|408|410"", ""vegesimplify"": ""2.89""}",False,0.5521718442809299,0.9342764038735881,0.13104219948849105,46.52960740315604,0.5414201169375915,0.6139313908204757,0.004614991536520711,False,0.4484382887795348
80,0.7001945326653202,0.4909189712580622,-0.11373377410032028,"{""zone1"": ""0.93|2.40|99|1"", ""zone2"": ""2.40|2.88|99|0.82"", ""zone3"": ""2.88|6.56|8|0.40"", ""thresold1"": ""0.20|3|0.017"", ""thresold2"": ""3|4|0.017"", ""thresold3"": ""4|7|0.017"", ""thresold4"": ""7|20|0.038"", ""thresold5"": ""20|99|0.038"", ""greenground"": ""0.49"", ""greenhigh"": ""1.38"", ""topweight"": ""0.31"", ""pointvolumefactor"": ""0.34"", ""firstandlastreturnasground"": ""2"", ""firstandlastreturnfactor"": ""0.30"", ""lastreturnfactor"": ""0.00"", ""greendetectsize"": ""2"", ""groundboxsize"": ""1"", ""medianboxsize"": ""11"", ""medianboxsize2"": ""5"", ""greenshades"": ""0.562|1.995|4.187"", ""greenshadeisom"": ""406|408|410"", ""vegesimplify"": ""2.41""}",False,1.2236473205799439,0.9567578079670072,0.22829205625912338,90.30390459215437,1.1243895612477643,0.6148148884144408,0.005240896760483502,False,1.1488600695351014
81,0.7011680826039198,0.49155876671024307,-0.12038979815836016,"{""zone1"": ""0.89|2.37|99|1"", ""zone2"": ""2.37|2.85|99|0.83"", ""zone3"": ""2.85|6.45|8|0.40"", ""thresold1"": ""0.20|3|0.016"", ""thresold2"": ""3|4|0.016"", ""thresold3"": ""4|7|0.016"", ""thresold4"": ""7|20|0.037"", ""thresold5"": ""20|99|0.037"", ""greenground"": ""0.40"", ""greenhigh"": ""1.40"", ""topweight"": ""0.30"", ""pointvolumefactor"": ""0.35"", ""firstandlastreturnasground"": ""2"", ""firstandlastreturnfactor"": ""0.29"", ""lastreturnfactor"": ""0.45"", ""greendetectsize"": ""2"", ""groundboxsize"": ""1"", ""medianboxsize"": ""11"", ""medianboxsize2"": ""3"", ""greenshades"": ""0.573|2.024|4.231"", ""greenshadeisom"": ""406|408|410"", ""vegesimplify"": ""2.30""}",False,1.2220858303014173,0.9582527624653988,0.22829205625912338,93.07057158736313,1.1304417492785597,0.6156271469705873,0.005240896760483502,False,1.147260068190624
82,0.6945511121653974,0.460660734273953,-0.18734318621550114,"{""zone1"": ""0.92|2.45|99|1"", ""zone2"": ""2.45|2.89|99|0.88"", ""zone3"": ""2.89|6.72|8|0.40"", ""thresold1"": ""0.20|3|0.016"", ""thresold2"": ""3|4|0.016"", ""thresold3"": ""4|7|0.016"", ""thresold4"": ""7|20|0.029"", ""thresold5"": ""20|99|0.029"", ""greenground"": ""0.40"", ""greenhigh"": ""1.56"", ""topweight"": ""0.22"", ""pointvolumefactor"": ""0.38"", ""firstandlastreturnasground"": ""2"", ""firstandlastreturnfactor"": ""0.31"", ""lastreturnfactor"": ""0.01"", ""greendetectsize"": ""2"", ""groundboxsize"": ""1"", ""medianboxsize"": ""11"", ""medianboxsize2"": ""5"", ""greenshades"": ""0.562|1.935|4.250"", ""greenshadeisom"": ""406|408|410"", ""vegesimplify"": ""2.09""}",False,1.349276011000699,0.9601038241249035,0.22829205625912338,87.77802363686203,1.213956603834753,0.6154001418060185,0.005240896760483502,False,1.2886820205353278
83,0.6982472667819071,0.48324332519911195,-0.18043808844937662,"{""zone1"": ""0.88|2.23|99|1"", ""zone2"": ""2.23|2.74|99|0.85"", ""zone3"": ""2.74|6.70|8|0.44"", ""thresold1"": ""0.20|3|0.013"", ""thresold2"": ""3|4|0.013"", ""thresold3"": ""4|7|0.013"", ""thresold4"": ""7|20|0.039"", ""thresold5"": ""20|99|0.039"", ""greenground"": ""0.48"", ""greenhigh"": ""1.38"", ""topweight"": ""0.36"", ""pointvolumefactor"": ""0.41"", ""firstandlastreturnasground"": ""2"", ""firstandlastreturnfactor"": ""0.45"", ""lastreturnfactor"": ""0.27"", ""greendetectsize"": ""2"", ""groundboxsize"": ""1"", ""medianboxsize"": ""9"", ""medianboxsize2"": ""3"", ""greenshades"": ""0.634|2.110|4.327"", ""greenshadeisom"": ""406|408|410"", ""vegesimplify"": ""2.39""}",False,1.0781505953288824,0.9585635628253941,0.22829205625912338,114.76762028476837,1.184971895982321,0.6143025452508429,0.005240896760483502,False,0.9958655036688124
84,0.6736087428109773,0.32327514289906834,-0.5229583232119265,"{""zone1"": ""0.78|2.78|99|1"", ""zone2"": ""2.78|3.17|99|0.95"", ""zone3"": ""3.17|6.85|8|0.37"", ""thresold1"": ""0.20|3|0.021"", ""thresold2"": ""3|4|0.021"", ""thresold3"": ""4|7|0.021"", ""thresold4"": ""7|20|0.164"", ""thresold5"": ""20|99|0.164"", ""greenground"": ""0.77"", ""greenhigh"": ""1.46"", ""topweight"": ""0.30"", ""pointvolumefactor"": ""0.33"", ""firstandlastreturnasground"": ""2"", ""firstandlastreturnfactor"": ""0.37"", ""lastreturnfactor"": ""0.39"", ""greendetectsize"": ""2"", ""groundboxsize"": ""1"", ""medianboxsize"": ""11"", ""medianboxsize2"": ""5"", ""greenshades"": ""0.694|2.411|5.230"", ""greenshadeisom"": ""406|408|410"", ""vegesimplify"": ""1.99""}",False,0.5380377343482374,0.9522553060233818,0.22829205625912338,57.729172922565105,0.6428513170881248,0.6134183354500437,0.005240896760483502,False,0.45371849086056526
85,0.686205953169218,0.45414732004216196,-0.17202175353932278,"{""zone1"": ""0.85|2.35|99|1"", ""zone2"": ""2.35|2.65|99|0.83"", ""zone3"": ""2.65|6.24|8|0.27"", ""thresold1"": ""0.20|3|0.015"", ""thresold2"": ""3|4|0.015"", ""thresold3"": ""4|7|0.015"", ""thresold4"": ""7|20|0.023"", ""thresold5"": ""20|99|0.023"", ""greenground"": ""0.44"", ""greenhigh"": ""1.34"", ""topweight"": ""0.32"", ""pointvolumefactor"": ""0.36"", ""firstandlastreturnasground"": ""2"", ""firstandlastreturnfactor"": ""0.90"", ""lastreturnfactor"": ""0.44"", ""greendetectsize"": ""2"", ""groundboxsize"": ""1"", ""medianboxsize"": ""13"", ""medianboxsize2"": ""7"", ""greenshades"": ""0.519|2.467|4.250"", ""greenshadeisom"": ""406|408|410"", ""vegesimplify"": ""2.21""}",False,1.4442567705781257,0.9538251809464836,0.22829205625912338,81.90085762197262,1.1963510796889647,0.616179075866563,0.005240896760483502,False,1.3817442446470845
86,0.6834101335546342,0.4340937156807289,-0.2335065111953719,"{""zone1"": ""0.97|2.55|99|1"", ""zone2"": ""2.55|3.12|99|0.81"", ""zone3"": ""3.12|6.59|8|0.35"", ""thresold1"": ""0.20|3|0.008"", ""thresold2"": ""3|4|0.008"", ""thresold3"": ""4|7|0.008"", ""thresold4"": ""7|20|0.035"", ""thresold5"": ""20|99|0.035"", ""greenground"": ""0.98"", ""greenhigh"": ""1.64"", ""topweight"": ""0.25"", ""pointvolumefactor"": ""0.29"", ""firstandlastreturnasground"": ""2"", ""firstandlastreturnfactor"": ""0.29"", ""lastreturnfactor"": ""0.18"", ""greendetectsize"": ""2"", ""groundboxsize"": ""1"", ""medianboxsize"": ""11"", ""medianboxsize2"": ""7"", ""greenshades"": ""0.296|1.331|3.341"", ""greenshadeisom"": ""406|408|410"", ""vegesimplify"": ""2.34""}",False,1.6241192366285302,0.9521589508274184,0.22829205625912338,81.85085795713775,1.2934541465814973,0.6164530461922981,0.005240896760483502,False,1.567619334231181
87,0.6749717074739623,0.3275782524640796,-0.4332057839186865,"{""zone1"": ""0.89|2.63|99|1"", ""zone2"": ""2.63|3.11|99|0.76"", ""zone3"": ""3.11|6.86|8|0.22"", ""thresold1"": ""0.20|3|0.030"", ""thresold2"": ""3|4|0.030"", ""thresold3"": ""4|7|0.030"", ""thresold4"": ""7|20|0.014"", ""thresold5"": ""20|99|0.014"", ""greenground"": ""0.43"", ""greenhigh"": ""1.76"", ""topweight"": ""0.39"", ""pointvolumefactor"": ""0.32"", ""firstandlastreturnasground"": ""2"", ""firstandlastreturnfactor"": ""0.84"", ""lastreturnfactor"": ""0.23"", ""greendetectsize"": ""2"", ""groundboxsize"": ""1"", ""medianboxsize"": ""9"", ""medianboxsize2"": ""5"", ""greenshades"": ""0.063|1.682|5.063"", ""greenshadeisom"": ""406|408|410"", ""vegesimplify"": ""1.74""}",False,1.7158174485127804,0.9602818509136438,0.22829205625912338,114.13415688279962,1.6047794833865394,0.6154297693162046,0.005240896760483502,False,1.6550676205924677
88,0.7056274725045846,0.49035736194026125,-0.1993595024518822,"{""zone1"": ""0.93|2.04|99|1"", ""zone2"": ""2.04|2.80|99|0.47"", ""zone3"": ""2.80|6.12|8|0.42"", ""thresold1"": ""0.20|3|0.017"", ""thresold2"": ""3|4|0.017"", ""thresold3"": ""4|7|0.017"", ""thresold4"": ""7|20|0.026"", ""thresold5"": ""20|99|0.026"", ""greenground"": ""0.56"", ""greenhigh"": ""3.41"", ""topweight"": ""0.27"", ""pointvolumefactor"": ""0.39"", ""firstandlastreturnasground"": ""2"", ""firstandlastreturnfactor"": ""0.98"", ""lastreturnfactor"": ""0.13"", ""greendetectsize"": ""2"", ""groundboxsize"": ""3"", ""medianboxsize"": ""21"", ""medianboxsize2"": ""7"", ""greenshades"": ""0.835|2.025|4.198"", ""greenshadeisom"": ""406|408|410"", ""vegesimplify"": ""1.61""}",False,1.1211960346367864,0.9496256113945649,0.22829205625912338,67.89050050781616,0.8307537480199709,0.6152921107276285,0.005240896760483502,False,1.004283713228334
89,0.6838732581616694,0.4152253274112336,-0.37341672479898774,"{""zone1"": ""0.80|2.99|99|1"", ""zone2"": ""2.99|3.38|99|0.39"", ""zone3"": ""3.38|4.46|8|0.11"", ""thresold1"": ""0.20|3|0.035"", ""thresold2"": ""3|4|0.035"", ""thresold3"": ""4|7|0.035"", ""thresold4"": ""7|20|0.040"", ""thresold5"": ""20|99|0.040"", ""greenground"": ""0.69"", ""greenhigh"": ""3.13"", ""topweight"": ""0.15"", ""pointvolumefactor"": ""0.48"", ""firstandlastreturnasground"": ""2"", ""firstandlastreturnfactor"": ""0.25"", ""lastreturnfactor"": ""0.06"", ""greendetectsize"": ""2"", ""groundboxsize"": ""1"", ""medianboxsize"": ""7"", ""medianboxsize2"": ""3"", ""greenshades"": ""0.402|1.783|2.313"", ""greenshadeisom"": ""406|408|410"", ""vegesimplify"": ""2.65""}",False,1.452005758744451,0.9557619077910561,0.22829205625912338,110.42432330972599,1.4793674374654413,0.6136442731575659,0.005240896760483502,False,1.4001239092904587
90,0.6903045548551008,0.33199185921792346,-0.12526625219201926,"{""zone1"": ""1.01|1.96|99|1"", ""zone2"": ""1.96|2.55|99|0.74"", ""zone3"": ""2.55|4.98|8|0.39"", ""thresold1"": ""0.20|3|0.022"", ""thresold2"": ""3|4|0.022"", ""thresold3"": ""4|7|0.022"", ""thresold4"": ""7|20|0.005"", ""thresold5"": ""20|99|0.005"", ""greenground"": ""1.13"", ""greenhigh"": ""1.28"", ""topweight"": ""0.47"", ""pointvolumefactor"": ""0.26"", ""firstandlastreturnasground"": ""2"", ""firstandlastreturnfactor"": ""0.34"", ""lastreturnfactor"": ""0.48"", ""greendetectsize"": ""2"", ""groundboxsize"": ""3"", ""medianboxsize"": ""13"", ""medianboxsize2"": ""7"", ""greenshades"": ""0.598|2.646|3.640"", ""greenshadeisom"": ""406|408|410"", ""vegesimplify"": ""2.80""}",False,1.3349797127721896,0.9500032293713749,0.22829205625912338,81.20502673741146,1.1220692510054597,0.6141328753965244,0.005240896760483502,False,1.283288261328962
91,0.696488499253082,0.43818091220111755,-0.05291359211385785,"{""zone1"": ""0.91|2.40|99|1"", ""zone2"": ""2.40|3.07|99|0.50"", ""zone3"": ""3.07|6.41|8|0.50"", ""thresold1"": ""0.20|3|0.017"", ""thresold2"": ""3|4|0.017"", ""thresold3"": ""4|7|0.017"", ""thresold4"": ""7|20|0.020"", ""thresold5"": ""20|99|0.020"", ""greenground"": ""0.57"", ""greenhigh"": ""3.43"", ""topweight"": ""0.28"", ""pointvolumefactor"": ""0.40"", ""firstandlastreturnasground"": ""2"", ""firstandlastreturnfactor"": ""1.00"", ""lastreturnfactor"": ""0.12"", ""greendetectsize"": ""2"", ""groundboxsize"": ""3"", ""medianboxsize"": ""21"", ""medianboxsize2"": ""7"", ""greenshades"": ""0.821|2.017|4.128"", ""greenshadeisom"": ""406|408|410"", ""vegesimplify"": ""1.68""}",False,1.4028986786994508,0.9495636305437261,0.22829205625912338,65.96688204656738,0.985747513296642,0.6157007430055756,0.005240896760483502,False,1.3254802208194734
92,0.7008270926850022,0.47038969343241516,-0.06933920270221809,"{""zone1"": ""0.86|2.37|99|1"", ""zone2"": ""2.37|3.05|99|0.26"", ""zone3"": ""3.05|6.20|8|0.59"", ""thresold1"": ""0.20|3|0.020"", ""thresold2"": ""3|4|0.020"", ""thresold3"": ""4|7|0.020"", ""thresold4"": ""7|20|0.024"", ""thresold5"": ""20|99|0.024"", ""greenground"": ""0.49"", ""greenhigh"": ""3.72"", ""topweight"": ""0.09"", ""pointvolumefactor"": ""0.40"", ""firstandlastreturnasground"": ""2"", ""firstandlastreturnfactor"": ""1.15"", ""lastreturnfactor"": ""0.12"", ""greendetectsize"": ""2"", ""groundboxsize"": ""3"", ""medianboxsize"": ""21"", ""medianboxsize2"": ""7"", ""greenshades"": ""0.772|2.051|4.501"", ""greenshadeisom"": ""406|408|410"", ""vegesimplify"": ""1.36""}",False,1.3247157773597091,0.9538838566701079,0.22829205625912338,81.23060726509118,0.9553678552048455,0.6154061657884636,0.005240896760483502,False,1.2376977164356204
93,0.6967636461176451,0.44958758334514776,-0.06693266378182652,"{""zone1"": ""0.76|2.32|99|1"", ""zone2"": ""2.32|2.99|99|0.31"", ""zone3"": ""2.99|6.53|8|0.60"", ""thresold1"": ""0.20|3|0.014"", ""thresold2"": ""3|4|0.014"", ""thresold3"": ""4|7|0.014"", ""thresold4"": ""7|20|0.020"", ""thresold5"": ""20|99|0.020"", ""greenground"": ""0.64"", ""greenhigh"": ""3.64"", ""topweight"": ""0.11"", ""pointvolumefactor"": ""0.43"", ""firstandlastreturnasground"": ""2"", ""firstandlastreturnfactor"": ""1.19"", ""lastreturnfactor"": ""0.12"", ""greendetectsize"": ""2"", ""groundboxsize"": ""3"", ""medianboxsize"": ""23"", ""medianboxsize2"": ""7"", ""greenshades"": ""0.773|2.031|4.516"", ""greenshadeisom"": ""406|408|410"", ""vegesimplify"": ""1.36""}",False,1.4275344133579582,0.938328574521945,0.22829205625912338,68.1483706330087,0.937818880141319,0.6166089547329086,0.005240896760483502,False,1.3460807005421933
94,0.6872470686482632,0.4105314389433315,-0.06986179109864761,"{""zone1"": ""0.73|2.37|99|1"", ""zone2"": ""2.37|3.04|99|0.34"", ""zone3"": ""3.04|6.57|8|0.54"", ""thresold1"": ""0.20|3|0.012"", ""thresold2"": ""3|4|0.012"", ""thresold3"": ""4|7|0.012"", ""thresold4"": ""7|20|0.015"", ""thresold5"": ""20|99|0.015"", ""greenground"": ""0.65"", ""greenhigh"": ""3.74"", ""topweight"": ""0.09"", ""pointvolumefactor"": ""0.52"", ""firstandlastreturnasground"": ""2"", ""firstandlastreturnfactor"": ""1.26"", ""lastreturnfactor"": ""0.16"", ""greendetectsize"": ""2"", ""groundboxsize"": ""3"", ""medianboxsize"": ""23"", ""medianboxsize2"": ""7"", ""greenshades"": ""0.785|2.051|4.967"", ""greenshadeisom"": ""406|408|410"", ""vegesimplify"": ""1.18""}",False,1.5722600275733765,0.938910919409893,0.22829205625912338,65.23079549570362,1.0107754596178105,0.6167947017530925,0.005240896760483502,False,1.506296348859313
95,0.7022298061852051,0.45855398998321567,-0.17595595324238397,"{""zone1"": ""0.67|2.20|99|1"", ""zone2"": ""2.20|2.73|99|0.28"", ""zone3"": ""2.73|6.05|8|0.60"", ""thresold1"": ""0.20|3|0.014"", ""thresold2"": ""3|4|0.014"", ""thresold3"": ""4|7|0.014"", ""thresold4"": ""7|20|0.020"", ""thresold5"": ""20|99|0.020"", ""greenground"": ""0.60"", ""greenhigh"": ""3.66"", ""topweight"": ""0.09"", ""pointvolumefactor"": ""0.41"", ""firstandlastreturnasground"": ""2"", ""firstandlastreturnfactor"": ""1.17"", ""lastreturnfactor"": ""0.12"", ""greendetectsize"": ""2"", ""groundboxsize"": ""3"", ""medianboxsize"": ""25"", ""medianboxsize2"": ""7"", ""greenshades"": ""0.917|1.894|4.433"", ""greenshadeisom"": ""406|408|410"", ""vegesimplify"": ""1.53""}",False,1.2784703646073825,0.9360907162192191,0.22829205625912338,66.63336432959078,0.8450147325750446,0.6161293947406762,0.005240896760483502,False,1.1695927151582792
96,0.6994257650404304,0.4498023317137805,-0.08079766559933609,"{""zone1"": ""0.85|2.08|99|1"", ""zone2"": ""2.08|2.81|99|0.31"", ""zone3"": ""2.81|6.45|8|0.57"", ""thresold1"": ""0.20|3|0.011"", ""thresold2"": ""3|4|0.011"", ""thresold3"": ""4|7|0.011"", ""thresold4"": ""7|20|0.016"", ""thresold5"": ""20|99|0.016"", ""greenground"": ""0.53"", ""greenhigh"": ""3.89"", ""topweight"": ""0.20"", ""pointvolumefactor"": ""0.46"", ""firstandlastreturnasground"": ""2"", ""firstandlastreturnfactor"": ""1.36"", ""lastreturnfactor"": ""0.02"", ""greendetectsize"": ""2"", ""groundboxsize"": ""3"", ""medianboxsize"": ""23"", ""medianboxsize2"": ""7"", ""greenshades"": ""0.726|1.796|4.982"", ""greenshadeisom"": ""406|408|410"", ""vegesimplify"": ""0.91""}",False,1.385135392038902,0.9410360509533972,0.22829205625912338,72.41888856411602,0.9233970621838599,0.6163799929451547,0.005240896760483502,False,1.3013728199631729
97,0.6768282057644343,0.4002598671349116,-0.1678799738089992,"{""zone1"": ""0.76|2.38|99|1"", ""zone2"": ""2.38|2.97|99|0.26"", ""zone3"": ""2.97|6.38|8|0.50"", ""thresold1"": ""0.20|3|0.019"", ""thresold2"": ""3|4|0.019"", ""thresold3"": ""4|7|0.019"", ""thresold4"": ""7|20|0.022"", ""thresold5"": ""20|99|0.022"", ""greenground"": ""0.50"", ""greenhigh"": ""3.60"", ""topweight"": ""0.13"", ""pointvolumefactor"": ""0.43"", ""firstandlastreturnasground"": ""2"", ""firstandlastreturnfactor"": ""1.27"", ""lastreturnfactor"": ""0.08"", ""greendetectsize"": ""3"", ""groundboxsize"": ""1"", ""medianboxsize"": ""21"", ""medianboxsize2"": ""7"", ""greenshades"": ""0.877|2.047|3.931"", ""greenshadeisom"": ""406|408|410"", ""vegesimplify"": ""1.39""}",False,1.7309051103258712,0.9404002745440131,0.13104219948849105,82.52884247079523,1.2033715213882974,0.6171771554340352,0.004614991536520711,False,1.6712429618583733
98,0.7049068443487232,0.5018357556190217,-0.2945315072475563,"{""zone1"": ""0.81|2.15|99|1"", ""zone2"": ""2.15|2.65|99|0.23"", ""zone3"": ""2.65|6.47|8|0.58"", ""thresold1"": ""0.20|3|0.014"", ""thresold2"": ""3|4|0.014"", ""thresold3"": ""4|7|0.014"", ""thresold4"": ""7|20|0.032"", ""thresold5"": ""20|99|0.032"", ""greenground"": ""0.64"", ""greenhigh"": ""3.44"", ""topweight"": ""0.07"", ""pointvolumefactor"": ""0.37"", ""firstandlastreturnasground"": ""2"", ""firstandlastreturnfactor"": ""1.17"", ""lastreturnfactor"": ""0.07"", ""greendetectsize"": ""2"", ""groundboxsize"": ""3"", ""medianboxsize"": ""23"", ""medianboxsize2"": ""7"", ""greenshades"": ""0.774|2.093|3.640"", ""greenshadeisom"": ""406|408|410"", ""vegesimplify"": ""1.35""}",False,1.0779555649658834,0.9384630912613643,0.22829205625912338,75.18654391670763,0.7606242870685033,0.6155446343907486,0.005240896760483502,False,0.9592791044859511
99,0.705473587708751,0.4640065125569744,-0.159982563724617,"{""zone1"": ""0.81|2.27|99|1"", ""zone2"": ""2.27|2.88|99|0.21"", ""zone3"": ""2.88|5.99|8|0.58"", ""thresold1"": ""0.20|3|0.013"", ""thresold2"": ""3|4|0.013"", ""thresold3"": ""4|7|0.013"", ""thresold4"": ""7|20|0.024"", ""thresold5"": ""20|99|0.024"", ""greenground"": ""0.62"", ""greenhigh"": ""3.43"", ""topweight"": ""0.09"", ""pointvolumefactor"": ""0.37"", ""firstandlastreturnasground"": ""2"", ""firstandlastreturnfactor"": ""1.21"", ""lastreturnfactor"": ""0.17"", ""greendetectsize"": ""2"", ""groundboxsize"": ""3"", ""medianboxsize"": ""25"", ""medianboxsize2"": ""7"", ""greenshades"": ""0.773|2.028|3.265"", ""greenshadeisom"": ""406|408|410"", ""vegesimplify"": ""0.64""}",False,1.2712527429653975,0.9435506887212107,0.22829205625912338,68.24178524246167,0.8570742474690052,0.614783984242125,0.005240896760483502,False,1.1685426238994097
100,0.6928210224462529,0.39833422318475115,-0.07266529794364802,"{""zone1"": ""0.70|2.15|99|1"", ""zone2"": ""2.15|2.84|99|0.40"", ""zone3"": ""2.84|6.36|8|0.55"", ""thresold1"": ""0.20|3|0.007"", ""thresold2"": ""3|4|0.007"", ""thresold3"": ""4|7|0.007"", ""thresold4"": ""7|20|0.019"", ""thresold5"": ""20|99|0.019"", ""greenground"": ""0.58"", ""greenhigh"": ""3.50"", ""topweight"": ""0.05"", ""pointvolumefactor"": ""0.40"", ""firstandlastreturnasground"": ""2"", ""firstandlastreturnfactor"": ""1.13"", ""lastreturnfactor"": ""0.11"", ""greendetectsize"": ""2"", ""groundboxsize"": ""3"", ""medianboxsize"": ""21"", ""medianboxsize2"": ""7"", ""greenshades"": ""0.716|1.643|3.256"", ""greenshadeisom"": ""406|408|410"", ""vegesimplify"": ""1.06""}",False,1.4809143667048101,0.9362045061950305,0.22829205625912338,68.19940563154134,1.0332430034959617,0.617908364965771,0.005240896760483502,False,1.4094723250438401
101,0.707534792978754,0.5023248027604555,-0.3230837037349117,"{""zone1"": ""0.91|1.96|99|1"", ""zone2"": ""1.96|2.48|99|0.23"", ""zone3"": ""2.48|6.27|8|0.57"", ""thresold1"": ""0.20|3|0.010"", ""thresold2"": ""3|4|0.010"", ""thresold3"": ""4|7|0.010"", ""thresold4"": ""7|20|0.031"", ""thresold5"": ""20|99|0.031"", ""greenground"": ""0.65"", ""greenhigh"": ""3.73"", ""topweight"": ""0.11"", ""pointvolumefactor"": ""0.35"", ""firstandlastreturnasground"": ""2"", ""firstandlastreturnfactor"": ""1.04"", ""lastreturnfactor"": ""0.04"", ""greendetectsize"": ""2"", ""groundboxsize"": ""3"", ""medianboxsize"": ""23"", ""medianboxsize2"": ""7"", ""greenshades"": ""0.624|2.070|4.514"", ""greenshadeisom"": ""406|408|410"", ""vegesimplify"": ""0.98""}",False,1.0445152174238468,0.9383744501757972,0.22829205625912338,58.298927643928046,0.7424384026379309,0.6152847682164491,0.005240896760483502,False,0.9252262164601679
102,0.7090851682836857,0.5033466769113827,-0.2466080436765963,"{""zone1"": ""0.79|1.96|99|1"", ""zone2"": ""1.96|2.70|99|0.34"", ""zone3"": ""2.70|6.48|8|0.57"", ""thresold1"": ""0.20|3|0.010"", ""thresold2"": ""3|4|0.010"", ""thresold3"": ""4|7|0.010"", ""thresold4"": ""7|20|0.033"", ""thresold5"": ""20|99|0.033"", ""greenground"": ""0.66"", ""greenhigh"": ""3.76"", ""topweight"": ""0.11"", ""pointvolumefactor"": ""0.42"", ""firstandlastreturnasground"": ""2"", ""firstandlastreturnfactor"": ""1.05"", ""lastreturnfactor"": ""0.04"", ""greendetectsize"": ""2"", ""groundboxsize"": ""3"", ""medianboxsize"": ""23"", ""medianboxsize2"": ""7"", ""greenshades"": ""0.644|2.356|4.828"", ""greenshadeisom"": ""406|408|410"", ""vegesimplify"": ""1.31""}",False,1.1477525025988442,0.9347922480786984,0.22829205625912338,63.55732116841752,0.7937962898962159,0.6159029713413008,0.005240896760483502,True,1.0320250017306802
103,0.6912170709903641,0.45183774483514316,-0.07807537395946106,"{""zone1"": ""0.88|2.70|99|1"", ""zone2"": ""2.70|3.50|99|0.30"", ""zone3"": ""3.50|7.42|8|0.52"", ""thresold1"": ""0.20|3|0.009"", ""thresold2"": ""3|4|0.009"", ""thresold3"": ""4|7|0.009"", ""thresold4"": ""7|20|0.027"", ""thresold5"": ""20|99|0.027"", ""greenground"": ""0.71"", ""greenhigh"": ""3.97"", ""topweight"": ""0.17"", ""pointvolumefactor"": ""0.47"", ""firstandlastreturnasground"": ""2"", ""firstandlastreturnfactor"": ""1.12"", ""lastreturnfactor"": ""0.02"", ""greendetectsize"": ""2"", ""groundboxsize"": ""3"", ""medianboxsize"": ""21"", ""medianboxsize2"": ""7"", ""greenshades"": ""0.660|2.180|4.164"", ""greenshadeisom"": ""406|408|410"", ""vegesimplify"": ""1.53""}",False,1.539848488280749,0.9432818945192034,0.22829205625912338,72.09408999615756,1.0577498143440751,0.6169544962561125,0.005240896760483502,False,1.4712361287811027
104,0.7077120508579514,0.499415554665422,-0.2549860943010586,"{""zone1"": ""0.83|2.46|99|1"", ""zone2"": ""2.46|3.39|99|0.35"", ""zone3"": ""3.39|6.99|8|0.56"", ""thresold1"": ""0.20|3|0.016"", ""thresold2"": ""3|4|0.016"", ""thresold3"": ""4|7|0.016"", ""thresold4"": ""7|20|0.036"", ""thresold5"": ""20|99|0.036"", ""greenground"": ""0.68"", ""greenhigh"": ""3.83"", ""topweight"": ""0.15"", ""pointvolumefactor"": ""0.44"", ""firstandlastreturnasground"": ""2"", ""firstandlastreturnfactor"": ""1.08"", ""lastreturnfactor"": ""0.04"", ""greendetectsize"": ""2"", ""groundboxsize"": ""3"", ""medianboxsize"": ""27"", ""medianboxsize2"": ""7"", ""greenshades"": ""0.827|2.706|5.345"", ""greenshadeisom"": ""406|408|410"", ""vegesimplify"": ""0.78""}",False,1.218710774399744,0.938996873426007,0.22829205625912338,69.94992110752258,0.7854275581091833,0.6160473267646708,0.005240896760483502,False,1.0952111127462456
105,0.6719649933251195,0.3437182952340532,-0.7947155012845485,"{""zone1"": ""0.86|1.76|99|1"", ""zone2"": ""1.76|2.49|99|0.34"", ""zone3"": ""2.49|6.37|8|0.49"", ""thresold1"": ""0.20|3|0.025"", ""thresold2"": ""3|4|0.025"", ""thresold3"": ""4|7|0.025"", ""thresold4"": ""7|20|0.029"", ""thresold5"": ""20|99|0.029"", ""greenground"": ""1.51"", ""greenhigh"": ""3.19"", ""topweight"": ""0.23"", ""pointvolumefactor"": ""0.42"", ""firstandlastreturnasground"": ""2"", ""firstandlastreturnfactor"": ""1.00"", ""lastreturnfactor"": ""0.11"", ""greendetectsize"": ""2"", ""groundboxsize"": ""3"", ""medianboxsize"": ""25"", ""medianboxsize2"": ""7"", ""greenshades"": ""0.556|2.257|4.386"", ""greenshadeisom"": ""406|408|410"", ""vegesimplify"": ""1.25""}",False,0.5796080493684657,0.9454716638190135,0.22829205625912338,35.76217113235348,0.493970590472889,0.6130966559496333,0.005240896760483502,False,0.45714437773780864
106,0.6976899138470265,0.4923193644130402,-0.08542348741484601,"{""zone1"": ""0.54|1.83|99|1"", ""zone2"": ""1.83|2.68|99|0.26"", ""zone3"": ""2.68|6.39|8|0.58"", ""thresold1"": ""0.20|3|0.012"", ""thresold2"": ""3|4|0.012"", ""thresold3"": ""4|7|0.012"", ""thresold4"": ""7|20|0.022"", ""thresold5"": ""20|99|0.022"", ""greenground"": ""0.56"", ""greenhigh"": ""3.77"", ""topweight"": ""0.13"", ""pointvolumefactor"": ""0.39"", ""firstandlastreturnasground"": ""2"", ""firstandlastreturnfactor"": ""0.92"", ""lastreturnfactor"": ""0.06"", ""greendetectsize"": ""2"", ""groundboxsize"": ""3"", ""medianboxsize"": ""21"", ""medianboxsize2"": ""7"", ""greenshades"": ""0.597|2.740|5.565"", ""greenshadeisom"": ""406|408|410"", ""vegesimplify"": ""1.86""}",False,1.3631900443387162,0.9314120001543221,0.22829205625912338,81.6059685331983,0.9587486101088158,0.6175343814397136,0.005240896760483502,False,1.2703656963567906
107,0.6892706665107534,0.4622717677400572,-0.12746137752516354,"{""zone1"": ""0.55|1.58|99|1"", ""zone2"": ""1.58|2.43|99|0.36"", ""zone3"": ""2.43|5.59|8|0.60"", ""thresold1"": ""0.20|3|0.011"", ""thresold2"": ""3|4|0.011"", ""thresold3"": ""4|7|0.011"", ""thresold4"": ""7|20|0.012"", ""thresold5"": ""20|99|0.012"", ""greenground"": ""0.76"", ""greenhigh"": ""3.91"", ""topweight"": ""0.12"", ""pointvolumefactor"": ""0.45"", ""firstandlastreturnasground"": ""2"", ""firstandlastreturnfactor"": ""0.95"", ""lastreturnfactor"": ""0.07"", ""greendetectsize"": ""3"", ""groundboxsize"": ""3"", ""medianboxsize"": ""21"", ""medianboxsize2"": ""7"", ""greenshades"": ""0.977|3.117|5.984"", ""greenshadeisom"": ""406|408|410"", ""vegesimplify"": ""1.80""}",False,1.6012247910763289,0.9361337968730443,0.13104219948849105,78.60886689530851,1.1428569641311996,0.6176456892224892,0.004614991536520711,False,1.5390692846052338
108,0.6668896175441099,0.43422474170640507,-0.1629069048628655,"{""zone1"": ""0.60|1.85|99|1"", ""zone2"": ""1.85|4.05|99|0.26"", ""zone3"": ""4.05|7.40|8|0.59"", ""thresold1"": ""0.20|3|0.009"", ""thresold2"": ""3|4|0.009"", ""thresold3"": ""4|7|0.009"", ""thresold4"": ""7|20|0.021"", ""thresold5"": ""20|99|0.021"", ""greenground"": ""0.56"", ""greenhigh"": ""3.70"", ""topweight"": ""0.07"", ""pointvolumefactor"": ""0.49"", ""firstandlastreturnasground"": ""2"", ""firstandlastreturnfactor"": ""1.08"", ""lastreturnfactor"": ""0.13"", ""greendetectsize"": ""2"", ""groundboxsize"": ""3"", ""medianboxsize"": ""19"", ""medianboxsize2"": ""7"", ""greenshades"": ""0.484|2.730|4.469"", ""greenshadeisom"": ""406|408|410"", ""vegesimplify"": ""1.68""}",False,1.8869391601174652,0.9283771252115721,0.22829205625912338,65.65035173110128,1.1867975823823687,0.619470226548073,0.005240896760483502,False,1.8287202612450042
109,0.7035003788816976,0.49866089422040094,-0.15161020892334587,"{""zone1"": ""0.53|1.71|99|1"", ""zone2"": ""1.71|2.49|99|0.30"", ""zone3"": ""2.49|5.76|8|0.56"", ""thresold1"": ""0.20|3|0.006"", ""thresold2"": ""3|4|0.006"", ""thresold3"": ""4|7|0.006"", ""thresold4"": ""7|20|0.019"", ""thresold5"": ""20|99|0.019"", ""greenground"": ""0.73"", ""greenhigh"": ""3.80"", ""topweight"": ""0.14"", ""pointvolumefactor"": ""0.39"", ""firstandlastreturnasground"": ""2"", ""firstandlastreturnfactor"": ""1.01"", ""lastreturnfactor"": ""0.20"", ""greendetectsize"": ""2"", ""groundboxsize"": ""3"", ""medianboxsize"": ""23"", ""medianboxsize2"": ""7"", ""greenshades"": ""0.597|3.045|6.668"", ""greenshadeisom"": ""406|408|410"", ""vegesimplify"": ""1.16""}",False,1.2839450599317352,0.9259967460216084,0.22829205625912338,74.68224844212482,0.8636709788564852,0.6179278492281468,0.005240896760483502,False,1.1830451999482479
110,0.6947439448734188,0.4741167807798119,-0.05972202573129421,"{""zone1"": ""0.53|1.70|99|1"", ""zone2"": ""1.70|2.64|99|0.32"", ""zone3"": ""2.64|5.89|8|0.56"", ""thresold1"": ""0.20|3|0.005"", ""thresold2"": ""3|4|0.005"", ""thresold3"": ""4|7|0.005"", ""thresold4"": ""7|20|0.011"", ""thresold5"": ""20|99|0.011"", ""greenground"": ""0.69"", ""greenhigh"": ""3.78"", ""topweight"": ""0.14"", ""pointvolumefactor"": ""0.52"", ""firstandlastreturnasground"": ""3"", ""firstandlastreturnfactor"": ""1.03"", ""lastreturnfactor"": ""0.20"", ""greendetectsize"": ""2"", ""groundboxsize"": ""3"", ""medianboxsize"": ""23"", ""medianboxsize2"": ""7"", ""greenshades"": ""0.653|2.949|6.592"", ""greenshadeisom"": ""406|408|410"", ""vegesimplify"": ""0.51""}",False,1.4353919940229674,0.9281807054347623,0.22829205625912338,76.47974557144774,0.9486147420274041,0.6184065596677173,0.005240896760483502,False,1.3519992130388798
111,0.6973190960965092,0.4779333209116916,-0.0500654387690719,"{""zone1"": ""0.53|1.70|99|1"", ""zone2"": ""1.70|2.76|99|0.29"", ""zone3"": ""2.76|6.03|8|0.53"", ""thresold1"": ""0.20|3|0.006"", ""thresold2"": ""3|4|0.006"", ""thresold3"": ""4|7|0.006"", ""thresold4"": ""7|20|0.010"", ""thresold5"": ""20|99|0.010"", ""greenground"": ""0.80"", ""greenhigh"": ""3.83"", ""topweight"": ""0.13"", ""pointvolumefactor"": ""0.61"", ""firstandlastreturnasground"": ""3"", ""firstandlastreturnfactor"": ""1.00"", ""lastreturnfactor"": ""0.22"", ""greendetectsize"": ""2"", ""groundboxsize"": ""3"", ""medianboxsize"": ""25"", ""medianboxsize2"": ""7"", ""greenshades"": ""0.623|3.122|6.752"", ""greenshadeisom"": ""406|408|410"", ""vegesimplify"": ""0.53""}",False,1.4419487231236188,0.9367563041795145,0.22829205625912338,75.65886682368198,0.9523152124175979,0.617374172150462,0.005240896760483502,True,1.3638624164785782
112,0.6774192640347326,0.46198711689930616,-0.09895588641702034,"{""zone1"": ""0.53|1.53|99|1"", ""zone2"": ""1.53|2.56|99|0.29"", ""zone3"": ""2.56|5.55|8|0.53"", ""thresold1"": ""0.20|3|0.007"", ""thresold2"": ""3|4|0.007"", ""thresold3"": ""4|7|0.007"", ""thresold4"": ""7|20|0.010"", ""thresold5"": ""20|99|0.010"", ""greenground"": ""0.83"", ""greenhigh"": ""3.77"", ""topweight"": ""0.17"", ""pointvolumefactor"": ""0.61"", ""firstandlastreturnasground"": ""4"", ""firstandlastreturnfactor"": ""0.92"", ""lastreturnfactor"": ""0.23"", ""greendetectsize"": ""3"", ""groundboxsize"": ""3"", ""medianboxsize"": ""27"", ""medianboxsize2"": ""3"", ""greenshades"": ""0.609|3.066|6.379"", ""greenshadeisom"": ""406|408|410"", ""vegesimplify"": ""0.65""}",False,1.714160703228117,0.9286390014433663,0.13104219948849105,73.7509081029355,1.0776701060268046,0.6171485465631409,0.004614991536520711,False,1.6476498370950245
113,0.6996805668009355,0.4067462121568037,-0.3688441857703455,"{""zone1"": ""0.64|1.76|99|1"", ""zone2"": ""1.76|2.84|99|0.26"", ""zone3"": ""2.84|6.02|8|0.58"", ""thresold1"": ""0.20|3|0.006"", ""thresold2"": ""3|4|0.006"", ""thresold3"": ""4|7|0.006"", ""thresold4"": ""7|20|0.051"", ""thresold5"": ""20|99|0.051"", ""greenground"": ""0.80"", ""greenhigh"": ""3.83"", ""topweight"": ""0.18"", ""pointvolumefactor"": ""0.65"", ""firstandlastreturnasground"": ""3"", ""firstandlastreturnfactor"": ""0.94"", ""lastreturnfactor"": ""0.31"", ""greendetectsize"": ""3"", ""groundboxsize"": ""3"", ""medianboxsize"": ""25"", ""medianboxsize2"": ""3"", ""greenshades"": ""0.518|2.313|5.309"", ""greenshadeisom"": ""406|408|410"", ""vegesimplify"": ""1.14""}",False,0.9641009222645893,0.9244619589829255,0.13104219948849105,59.37675545802846,0.7116285551917375,0.6161238560749468,0.004614991536520711,False,0.8479666871324526
114,0.6500533409112045,0.39459424184469655,-0.17562170744445585,"{""zone1"": ""0.58|1.62|99|1"", ""zone2"": ""1.62|2.48|99|0.22"", ""zone3"": ""2.48|5.35|8|0.52"", ""thresold1"": ""0.20|3|0.026"", ""thresold2"": ""3|4|0.026"", ""thresold3"": ""4|7|0.026"", ""thresold4"": ""7|20|0.006"", ""thresold5"": ""20|99|0.006"", ""greenground"": ""0.74"", ""greenhigh"": ""3.95"", ""topweight"": ""0.14"", ""pointvolumefactor"": ""0.38"", ""firstandlastreturnasground"": ""4"", ""firstandlastreturnfactor"": ""0.19"", ""lastreturnfactor"": ""0.56"", ""greendetectsize"": ""3"", ""groundboxsize"": ""3"", ""medianboxsize"": ""25"", ""medianboxsize2"": ""3"", ""greenshades"": ""0.423|2.496|6.296"", ""greenshadeisom"": ""406|408|410"", ""vegesimplify"": ""0.81""}",False,2.0536653385470056,0.9397561990121169,0.13104219948849105,70.38569374663768,1.1911027514290728,0.6173904337722825,0.004614991536520711,False,1.9824189390546973
115,0.6763459536271775,0.3275973367922023,-0.8773646232927571,"{""zone1"": ""0.52|1.47|99|1"", ""zone2"": ""1.47|2.46|99|0.18"", ""zone3"": ""2.46|5.51|8|0.30"", ""thresold1"": ""0.20|3|0.006"", ""thresold2"": ""3|4|0.006"", ""thresold3"": ""4|7|0.006"", ""thresold4"": ""7|20|0.045"", ""thresold5"": ""20|99|0.045"", ""greenground"": ""0.85"", ""greenhigh"": ""1.22"", ""topweight"": ""0.21"", ""pointvolumefactor"": ""0.23"", ""firstandlastreturnasground"": ""3"", ""firstandlastreturnfactor"": ""0.11"", ""lastreturnfactor"": ""0.25"", ""greendetectsize"": ""2"", ""groundboxsize"": ""3"", ""medianboxsize"": ""27"", ""medianboxsize2"": ""7"", ""greenshades"": ""0.455|2.849|6.553"", ""greenshadeisom"": ""406|408|410"", ""vegesimplify"": ""0.98""}",False,0.5761044144733592,0.9405591575834307,0.22829205625912338,33.04438815434452,0.4526045483323604,0.6145919792918594,0.005240896760483502,False,0.4641141176199317
116,0.6117216181200265,0.19172608847884107,-0.34439954867188055,"{""zone1"": ""0.50|1.83|99|1"", ""zone2"": ""1.83|2.61|99|0.79"", ""zone3"": ""2.61|6.05|8|0.54"", ""thresold1"": ""0.20|3|0.007"", ""thresold2"": ""3|4|0.007"", ""thresold3"": ""4|7|0.007"", ""thresold4"": ""7|20|0.007"", ""thresold5"": ""20|99|0.007"", ""greenground"": ""0.80"", ""greenhigh"": ""2.34"", ""topweight"": ""0.10"", ""pointvolumefactor"": ""0.55"", ""firstandlastreturnasground"": ""1"", ""firstandlastreturnfactor"": ""0.82"", ""lastreturnfactor"": ""0.98"", ""greendetectsize"": ""3"", ""groundboxsize"": ""3"", ""medianboxsize"": ""15"", ""medianboxsize2"": ""1"", ""greenshades"": ""0.369|0.689|4.688"", ""greenshadeisom"": ""406|408|410"", ""vegesimplify"": ""5.57""}",False,2.4588719489437967,0.9031825632866785,0.13104219948849105,96.40489937017132,1.5262023756329928,0.6187815965091252,0.004614991536520711,False,2.339666623384197
117,0.7022099436868564,0.5003330661388615,-0.13563210833100778,"{""zone1"": ""0.55|1.91|99|1"", ""zone2"": ""1.91|2.88|99|0.44"", ""zone3"": ""2.88|5.99|8|0.55"", ""thresold1"": ""0.20|3|0.005"", ""thresold2"": ""3|4|0.005"", ""thresold3"": ""4|7|0.005"", ""thresold4"": ""7|20|0.024"", ""thresold5"": ""20|99|0.024"", ""greenground"": ""0.72"", ""greenhigh"": ""3.54"", ""topweight"": ""0.08"", ""pointvolumefactor"": ""0.35"", ""firstandlastreturnasground"": ""3"", ""firstandlastreturnfactor"": ""0.14"", ""lastreturnfactor"": ""0.22"", ""greendetectsize"": ""2"", ""groundboxsize"": ""3"", ""medianboxsize"": ""13"", ""medianboxsize2"": ""7"", ""greenshades"": ""0.541|2.695|5.858"", ""greenshadeisom"": ""406|408|410"", ""vegesimplify"": ""1.45""}",False,1.3147414720057415,0.9593156152781789,0.22829205625912338,94.7242047255067,1.1490353091582104,0.6159512906482191,0.005240896760483502,True,1.2474492426127683
118,0.7045222516701658,0.48978130098842937,-0.10955124583168273,"{""zone1"": ""0.56|1.94|99|1"", ""zone2"": ""1.94|3.07|99|0.39"", ""zone3"": ""3.07|5.80|8|0.55"", ""thresold1"": ""0.20|3|0.005"", ""thresold2"": ""3|4|0.005"", ""thresold3"": ""4|7|0.005"", ""thresold4"": ""7|20|0.024"", ""thresold5"": ""20|99|0.024"", ""greenground"": ""0.72"", ""greenhigh"": ""3.60"", ""topweight"": ""0.07"", ""pointvolumefactor"": ""0.68"", ""firstandlastreturnasground"": ""3"", ""firstandlastreturnfactor"": ""0.02"", ""lastreturnfactor"": ""0.27"", ""greendetectsize"": ""2"", ""groundboxsize"": ""3"", ""medianboxsize"": ""13"", ""medianboxsize2"": ""7"", ""greenshades"": ""0.481|2.407|5.499"", ""greenshadeisom"": ""406|408|410"", ""vegesimplify"": ""1.21""}",False,1.2381021886676384,0.960780084417732,0.22829205625912338,89.15139742346564,1.1193252492209886,0.6146167846736552,0.005240896760483502,False,1.1640397903532536
119,0.6977212839332063,0.4836704471165065,-0.1609438558360818,"{""zone1"": ""0.55|1.94|99|1"", ""zone2"": ""1.94|3.06|99|0.40"", ""zone3"": ""3.06|5.81|8|0.55"", ""thresold1"": ""0.20|3|0.005"", ""thresold2"": ""3|4|0.005"", ""thresold3"": ""4|7|0.005"", ""thresold4"": ""7|20|0.016"", ""thresold5"": ""20|99|0.016"", ""greenground"": ""0.77"", ""greenhigh"": ""3.51"", ""topweight"": ""0.06"", ""pointvolumefactor"": ""0.78"", ""firstandlastreturnasground"": ""3"", ""firstandlastreturnfactor"": ""0.06"", ""lastreturnfactor"": ""0.27"", ""greendetectsize"": ""2"", ""groundboxsize"": ""3"", ""medianboxsize"": ""13"", ""medianboxsize2"": ""7"", ""greenshades"": ""0.539|2.687|5.779"", ""greenshadeisom"": ""406|408|410"", ""vegesimplify"": ""1.42""}",False,1.3410757131533722,0.961582282003452,0.22829205625912338,93.4946223200454,1.1813248282121338,0.6157693109585801,0.005240896760483502,False,1.2760501963891333
120,0.7014173287987132,0.4208086992639813,-0.14565607414376225,"{""zone1"": ""0.59|1.66|99|1"", ""zone2"": ""1.66|2.85|99|0.43"", ""zone3"": ""2.85|5.54|8|0.56"", ""thresold1"": ""0.20|3|0.006"", ""thresold2"": ""3|4|0.006"", ""thresold3"": ""4|7|0.006"", ""thresold4"": ""7|20|0.023"", ""thresold5"": ""20|99|0.023"", ""greenground"": ""0.74"", ""greenhigh"": ""3.61"", ""topweight"": ""0.08"", ""pointvolumefactor"": ""0.64"", ""firstandlastreturnasground"": ""3"", ""firstandlastreturnfactor"": ""0.03"", ""lastreturnfactor"": ""0.21"", ""greendetectsize"": ""6"", ""groundboxsize"": ""3"", ""medianboxsize"": ""29"", ""medianboxsize2"": ""7"", ""greenshades"": ""0.474|2.473|5.851"", ""greenshadeisom"": ""406|408|410"", ""vegesimplify"": ""1.20""}",False,1.762581961479645,0.8994170921605411,0.061732736572890023,64.2157290390585,1.0573820772970206,0.6158317194305898,0.0,False,1.6923897501358742
121,0.704623459591304,0.4945511274374254,-0.11903894086919882,"{""zone1"": ""0.57|1.91|99|1"", ""zone2"": ""1.91|2.79|99|0.36"", ""zone3"": ""2.79|5.70|8|0.57"", ""thresold1"": ""0.20|3|0.007"", ""thresold2"": ""3|4|0.007"", ""thresold3"": ""4|7|0.007"", ""thresold4"": ""7|20|0.026"", ""thresold5"": ""20|99|0.026"", ""greenground"": ""0.67"", ""greenhigh"": ""3.71"", ""topweight"": ""0.12"", ""pointvolumefactor"": ""0.30"", ""firstandlastreturnasground"": ""3"", ""firstandlastreturnfactor"": ""0.08"", ""lastreturnfactor"": ""0.29"", ""greendetectsize"": ""2"", ""groundboxsize"": ""3"", ""medianboxsize"": ""13"", ""medianboxsize2"": ""7"", ""greenshades"": ""0.445|2.934|5.687"", ""greenshadeisom"": ""406|408|410"", ""vegesimplify"": ""1.27""}",False,1.2736149539363708,0.9568944826076512,0.22829205625912338,98.68340470940267,1.1299555434617023,0.6158919203976548,0.005240896760483502,False,1.20561891397136
122,0.7066405331974955,0.49970087305123706,-0.051958704492412765,"{""zone1"": ""0.63|1.82|99|1"", ""zone2"": ""1.82|2.71|99|0.29"", ""zone3"": ""2.71|5.85|8|0.57"", ""thresold1"": ""0.20|3|0.006"", ""thresold2"": ""3|4|0.006"", ""thresold3"": ""4|7|0.006"", ""thresold4"": ""7|20|0.025"", ""thresold5"": ""20|99|0.025"", ""greenground"": ""0.67"", ""greenhigh"": ""3.81"", ""topweight"": ""0.12"", ""pointvolumefactor"": ""0.27"", ""firstandlastreturnasground"": ""3"", ""firstandlastreturnfactor"": ""0.09"", ""lastreturnfactor"": ""0.29"", ""greendetectsize"": ""2"", ""groundboxsize"": ""3"", ""medianboxsize"": ""15"", ""medianboxsize2"": ""7"", ""greenshades"": ""0.385|2.667|5.455"", ""greenshadeisom"": ""406|408|410"", ""vegesimplify"": ""0.90""}",False,1.2692423621179214,0.947795721704357,0.22829205625912338,85.59768124748912,1.0199286842885464,0.6159687458738704,0.005240896760483502,True,1.195739835361729
123,0.6279693175063153,0.3930148288333755,-0.28235402385512004,"{""zone1"": ""0.64|1.70|99|1"", ""zone2"": ""1.70|2.64|99|0.32"", ""zone3"": ""2.64|5.27|8|0.49"", ""thresold1"": ""0.20|3|0.006"", ""thresold2"": ""3|4|0.006"", ""thresold3"": ""4|7|0.006"", ""thresold4"": ""7|20|0.012"", ""thresold5"": ""20|99|0.012"", ""greenground"": ""0.70"", ""greenhigh"": ""2.65"", ""topweight"": ""0.16"", ""pointvolumefactor"": ""0.52"", ""firstandlastreturnasground"": ""3"", ""firstandlastreturnfactor"": ""0.14"", ""lastreturnfactor"": ""0.32"", ""greendetectsize"": ""6"", ""groundboxsize"": ""3"", ""medianboxsize"": ""15"", ""medianboxsize2"": ""9"", ""greenshades"": ""0.379|2.679|6.361"", ""greenshadeisom"": ""406|408|410"", ""vegesimplify"": ""0.52""}",False,2.5619868430141906,0.8818357734622158,0.061732736572890023,81.42552921364491,1.423988962233752,0.6184433091112204,0.0,False,2.3911932986383655
124,0.5469113583079733,0.14828438841222505,-0.305139392270413,"{""zone1"": ""0.61|1.31|99|1"", ""zone2"": ""1.31|2.37|99|0.57"", ""zone3"": ""2.37|5.58|8|0.53"", ""thresold1"": ""0.20|3|0.149"", ""thresold2"": ""3|4|0.149"", ""thresold3"": ""4|7|0.149"", ""thresold4"": ""7|20|0.008"", ""thresold5"": ""20|99|0.008"", ""greenground"": ""0.70"", ""greenhigh"": ""3.84"", ""topweight"": ""0.19"", ""pointvolumefactor"": ""0.32"", ""firstandlastreturnasground"": ""3"", ""firstandlastreturnfactor"": ""1.03"", ""lastreturnfactor"": ""0.20"", ""greendetectsize"": ""5"", ""groundboxsize"": ""3"", ""medianboxsize"": ""17"", ""medianboxsize2"": ""9"", ""greenshades"": ""0.335|0.704|4.274"", ""greenshadeisom"": ""406|408|410"", ""vegesimplify"": ""0.63""}",False,3.023739756310786,0.9087934899114037,0.04814386639530276,61.596832977989585,1.2492572410185758,0.6151235011151241,0.0011716461628588166,False,2.7995107015056293
125,0.7064495480125297,0.45576793446942543,-0.06856907924491341,"{""zone1"": ""0.53|4.17|99|1"", ""zone2"": ""4.17|5.09|99|0.65"", ""zone3"": ""5.09|8.37|8|0.17"", ""thresold1"": ""0.20|3|0.007"", ""thresold2"": ""3|4|0.007"", ""thresold3"": ""4|7|0.007"", ""thresold4"": ""7|20|0.192"", ""thresold5"": ""20|99|0.192"", ""greenground"": ""1.04"", ""greenhigh"": ""3.80"", ""topweight"": ""0.23"", ""pointvolumefactor"": ""0.58"", ""firstandlastreturnasground"": ""3"", ""firstandlastreturnfactor"": ""0.15"", ""lastreturnfactor"": ""0.34"", ""greendetectsize"": ""5"", ""groundboxsize"": ""3"", ""medianboxsize"": ""15"", ""medianboxsize2"": ""9"", ""greenshades"": ""0.399|0.826|4.081"", ""greenshadeisom"": ""406|408|410"", ""vegesimplify"": ""0.87""}",False,1.086323416246306,0.9384314228235707,0.04814386639530276,76.59531184936576,0.9683054029306831,0.6142526351892564,0.0011716461628588166,False,1.0090336607377515
126,0.5322812308456792,0.06409425714608914,-2.9422865228030726,"{""zone1"": ""0.59|1.48|99|1"", ""zone2"": ""1.48|2.29|99|0.55"", ""zone3"": ""2.29|5.55|8|0.51"", ""thresold1"": ""0.20|3|0.086"", ""thresold2"": ""3|4|0.086"", ""thresold3"": ""4|7|0.086"", ""thresold4"": ""7|20|0.397"", ""thresold5"": ""20|99|0.397"", ""greenground"": ""0.78"", ""greenhigh"": ""4.00"", ""topweight"": ""0.14"", ""pointvolumefactor"": ""0.28"", ""firstandlastreturnasground"": ""3"", ""firstandlastreturnfactor"": ""0.08"", ""lastreturnfactor"": ""0.38"", ""greendetectsize"": ""4"", ""groundboxsize"": ""3"", ""medianboxsize"": ""17"", ""medianboxsize2"": ""7"", ""greenshades"": ""0.312|0.673|4.193"", ""greenshadeisom"": ""406|408|410"", ""vegesimplify"": ""0.72""}",False,0.07372802500728505,0.9458477898415684,0.126172958466914,5.733452707513194,0.11399165108947096,0.6131797306197986,0.0005668934240362812,False,0.07050799295178135
127,0.5269729916934461,0.1347801172025422,-0.2994693285687323,"{""zone1"": ""0.50|4.64|99|1"", ""zone2"": ""4.64|5.61|99|0.63"", ""zone3"": ""5.61|8.43|8|0.19"", ""thresold1"": ""0.20|3|0.005"", ""thresold2"": ""3|4|0.005"", ""thresold3"": ""4|7|0.005"", ""thresold4"": ""7|20|0.032"", ""thresold5"": ""20|99|0.032"", ""greenground"": ""0.67"", ""greenhigh"": ""2.94"", ""topweight"": ""0.37"", ""pointvolumefactor"": ""0.36"", ""firstandlastreturnasground"": ""3"", ""firstandlastreturnfactor"": ""1.08"", ""lastreturnfactor"": ""0.31"", ""greendetectsize"": ""8"", ""groundboxsize"": ""3"", ""medianboxsize"": ""15"", ""medianboxsize2"": ""9"", ""greenshades"": ""0.340|0.828|3.439"", ""greenshadeisom"": ""406|408|410"", ""vegesimplify"": ""0.51""}",False,3.3776686082279195,0.754633508626276,0.008695652173913044,61.93681168669146,1.2206449361512033,0.6172014460414175,0.0,False,3.022937475886438
128,0.5831445231924035,0.19852699995181652,-0.28909484639294475,"{""zone1"": ""0.66|1.71|99|1"", ""zone2"": ""1.71|2.97|99|0.47"", ""zone3"": ""2.97|6.00|8|0.25"", ""thresold1"": ""0.20|3|0.006"", ""thresold2"": ""3|4|0.006"", ""thresold3"": ""4|7|0.006"", ""thresold4"": ""7|20|0.011"", ""thresold5"": ""20|99|0.011"", ""greenground"": ""0.62"", ""greenhigh"": ""3.89"", ""topweight"": ""0.35"", ""pointvolumefactor"": ""0.33"", ""firstandlastreturnasground"": ""1"", ""firstandlastreturnfactor"": ""0.12"", ""lastreturnfactor"": ""0.25"", ""greendetectsize"": ""7"", ""groundboxsize"": ""3"", ""medianboxsize"": ""23"", ""medianboxsize2"": ""7"", ""greenshades"": ""0.653|1.056|4.227"", ""greenshadeisom"": ""406|408|410"", ""vegesimplify"": ""1.00""}",False,2.959294973121184,0.768442917132583,0.023577365728900252,67.8227774770207,1.2170398218724405,0.6182264415290227,0.0,False,2.70923529050638
129,0.6335472516213092,0.24668997659769928,-0.8973149370260557,"{""zone1"": ""0.62|1.62|99|1"", ""zone2"": ""1.62|2.52|99|0.59"", ""zone3"": ""2.52|5.04|8|0.47"", ""thresold1"": ""0.20|3|0.008"", ""thresold2"": ""3|4|0.008"", ""thresold3"": ""4|7|0.008"", ""thresold4"": ""7|20|0.234"", ""thresold5"": ""20|99|0.234"", ""greenground"": ""0.75"", ""greenhigh"": ""2.19"", ""topweight"": ""0.42"", ""pointvolumefactor"": ""0.20"", ""firstandlastreturnasground"": ""3"", ""firstandlastreturnfactor"": ""1.01"", ""lastreturnfactor"": ""0.23"", ""greendetectsize"": ""5"", ""groundboxsize"": ""3"", ""medianboxsize"": ""9"", ""medianboxsize2"": ""7"", ""greenshades"": ""0.421|2.720|6.508"", ""greenshadeisom"": ""406|408|410"", ""vegesimplify"": ""0.59""}",False,0.3755300360922144,0.9250367657808162,0.04814386639530276,38.282176875424945,0.4572378122796208,0.6152981519551167,0.0011716461628588166,False,0.31251633172771776
130,0.6062684088045189,0.22823579950223505,-0.3800784932369381,"{""zone1"": ""1.18|1.21|99|1"", ""zone2"": ""1.21|2.24|99|0.70"", ""zone3"": ""2.24|5.33|8|0.56"", ""thresold1"": ""0.20|3|0.007"", ""thresold2"": ""3|4|0.007"", ""thresold3"": ""4|7|0.007"", ""thresold4"": ""7|20|0.010"", ""thresold5"": ""20|99|0.010"", ""greenground"": ""1.18"", ""greenhigh"": ""1.26"", ""topweight"": ""0.19"", ""pointvolumefactor"": ""0.27"", ""firstandlastreturnasground"": ""1"", ""firstandlastreturnfactor"": ""0.70"", ""lastreturnfactor"": ""0.41"", ""greendetectsize"": ""4"", ""groundboxsize"": ""3"", ""medianboxsize"": ""11"", ""medianboxsize2"": ""9"", ""greenshades"": ""0.283|0.568|3.488"", ""greenshadeisom"": ""406|408|410"", ""vegesimplify"": ""0.85""}",False,2.5107524470169085,0.9210447781711507,0.126172958466914,84.17418625908425,1.5925695397133557,0.6176473585361005,0.0005668934240362812,False,2.3809484825869878
131,0.7099162539259334,0.4706891965899383,-0.27727454928703793,"{""zone1"": ""1.06|2.01|99|1"", ""zone2"": ""2.01|2.83|99|0.51"", ""zone3"": ""2.83|6.08|8|0.50"", ""thresold1"": ""0.20|3|0.006"", ""thresold2"": ""3|4|0.006"", ""thresold3"": ""4|7|0.006"", ""thresold4"": ""7|20|0.028"", ""thresold5"": ""20|99|0.028"", ""greenground"": ""0.72"", ""greenhigh"": ""3.67"", ""topweight"": ""0.28"", ""pointvolumefactor"": ""0.24"", ""firstandlastreturnasground"": ""3"", ""firstandlastreturnfactor"": ""0.98"", ""lastreturnfactor"": ""0.22"", ""greendetectsize"": ""2"", ""groundboxsize"": ""3"", ""medianboxsize"": ""23"", ""medianboxsize2"": ""7"", ""greenshades"": ""0.689|1.128|3.806"", ""greenshadeisom"": ""406|408|410"", ""vegesimplify"": ""0.75""}",False,1.1323963080382993,0.9493011125361593,0.22829205625912338,58.39318912206053,0.7735503536346265,0.6149315967225729,0.005240896760483502,True,1.0006263365557724
132,0.709083192687778,0.46478426025376124,-0.2547834736435865,"{""zone1"": ""1.05|2.02|99|1"", ""zone2"": ""2.02|2.82|99|0.53"", ""zone3"": ""2.82|6.21|8|0.54"", ""thresold1"": ""0.20|3|0.006"", ""thresold2"": ""3|4|0.006"", ""thresold3"": ""4|7|0.006"", ""thresold4"": ""7|20|0.028"", ""thresold5"": ""20|99|0.028"", ""greenground"": ""0.69"", ""greenhigh"": ""3.68"", ""topweight"": ""0.25"", ""pointvolumefactor"": ""0.21"", ""firstandlastreturnasground"": ""3"", ""firstandlastreturnfactor"": ""1.07"", ""lastreturnfactor"": ""0.22"", ""greendetectsize"": ""2"", ""groundboxsize"": ""3"", ""medianboxsize"": ""25"", ""medianboxsize2"": ""7"", ""greenshades"": ""0.683|1.122|3.790"", ""greenshadeisom"": ""406|408|410"", ""vegesimplify"": ""0.70""}",False,1.1663933456134135,0.9481715150296024,0.22829205625912338,60.379980441492386,0.788811819728786,0.6158045387628661,0.005240896760483502,False,1.0392090087320722
133,0.6751165106331776,0.3188327007109843,-0.14962057056736336,"{""zone1"": ""1.08|1.81|99|1"", ""zone2"": ""1.81|2.77|99|0.61"", ""zone3"": ""2.77|6.00|8|0.56"", ""thresold1"": ""0.20|3|0.248"", ""thresold2"": ""3|4|0.248"", ""thresold3"": ""4|7|0.248"", ""thresold4"": ""7|20|0.009"", ""thresold5"": ""20|99|0.009"", ""greenground"": ""0.72"", ""greenhigh"": ""2.52"", ""topweight"": ""0.33"", ""pointvolumefactor"": ""0.19"", ""firstandlastreturnasground"": ""3"", ""firstandlastreturnfactor"": ""0.21"", ""lastreturnfactor"": ""0.20"", ""greendetectsize"": ""2"", ""groundboxsize"": ""3"", ""medianboxsize"": ""23"", ""medianboxsize2"": ""7"", ""greenshades"": ""0.507|1.069|3.389"", ""greenshadeisom"": ""406|408|410"", ""vegesimplify"": ""0.93""}",False,1.2908850342445615,0.9482783634163544,0.22829205625912338,59.73683584217785,0.8642871082128781,0.6137672811812377,0.005240896760483502,False,1.2251446570948175
134,0.6869133909179003,0.46656477666863044,-0.4315731592293857,"{""zone1"": ""1.13|1.72|99|1"", ""zone2"": ""1.72|2.47|99|0.50"", ""zone3"": ""2.47|5.06|8|0.45"", ""thresold1"": ""0.20|3|0.062"", ""thresold2"": ""3|4|0.062"", ""thresold3"": ""4|7|0.062"", ""thresold4"": ""7|20|0.035"", ""thresold5"": ""20|99|0.035"", ""greenground"": ""0.67"", ""greenhigh"": ""3.00"", ""topweight"": ""0.29"", ""pointvolumefactor"": ""0.24"", ""firstandlastreturnasground"": ""3"", ""firstandlastreturnfactor"": ""1.05"", ""lastreturnfactor"": ""0.95"", ""greendetectsize"": ""2"", ""groundboxsize"": ""3"", ""medianboxsize"": ""17"", ""medianboxsize2"": ""7"", ""greenshades"": ""0.637|1.099|2.457"", ""greenshadeisom"": ""406|408|410"", ""vegesimplify"": ""0.78""}",False,0.7802682890975833,0.95192767946764,0.22829205625912338,55.2515458624082,0.6980837477392039,0.6144040579950333,0.005240896760483502,False,0.6431985373981669
135,0.6079117479579533,0.2993729108451884,-1.1936350100380937,"{""zone1"": ""0.58|1.55|99|1"", ""zone2"": ""1.55|2.45|99|0.45"", ""zone3"": ""2.45|5.42|8|0.14"", ""thresold1"": ""0.20|3|0.005"", ""thresold2"": ""3|4|0.005"", ""thresold3"": ""4|7|0.005"", ""thresold4"": ""7|20|0.178"", ""thresold5"": ""20|99|0.178"", ""greenground"": ""0.81"", ""greenhigh"": ""3.91"", ""topweight"": ""0.39"", ""pointvolumefactor"": ""0.26"", ""firstandlastreturnasground"": ""3"", ""firstandlastreturnfactor"": ""0.97"", ""lastreturnfactor"": ""0.29"", ""greendetectsize"": ""2"", ""groundboxsize"": ""1"", ""medianboxsize"": ""11"", ""medianboxsize2"": ""7"", ""greenshades"": ""0.532|0.858|4.119"", ""greenshadeisom"": ""406|408|410"", ""vegesimplify"": ""2.54""}",False,0.289052243411431,0.9401834007744253,0.22829205625912338,25.432323542775322,0.3700502015221015,0.6135637925468611,0.005240896760483502,False,0.22635185974866814
136,0.6497826371616408,0.4074110490748029,-0.21242082522696368,"{""zone1"": ""1.03|3.87|99|1"", ""zone2"": ""3.87|4.69|99|0.32"", ""zone3"": ""4.69|7.80|8|0.51"", ""thresold1"": ""0.20|3|0.007"", ""thresold2"": ""3|4|0.007"", ""thresold3"": ""4|7|0.007"", ""thresold4"": ""7|20|0.034"", ""thresold5"": ""20|99|0.034"", ""greenground"": ""0.73"", ""greenhigh"": ""3.79"", ""topweight"": ""0.28"", ""pointvolumefactor"": ""0.29"", ""firstandlastreturnasground"": ""1"", ""firstandlastreturnfactor"": ""0.78"", ""lastreturnfactor"": ""0.17"", ""greendetectsize"": ""2"", ""groundboxsize"": ""3"", ""medianboxsize"": ""19"", ""medianboxsize2"": ""7"", ""greenshades"": ""0.388|2.689|5.672"", ""greenshadeisom"": ""406|408|410"", ""vegesimplify"": ""1.07""}",False,2.137873218188393,0.9500578177799025,0.22829205625912338,71.03095774271925,1.28418136784439,0.6183824285007584,0.005240896760483502,False,2.0456886303478545
137,0.7079644262803907,0.46263104628165763,-0.14492488869424364,"{""zone1"": ""0.53|2.10|99|1"", ""zone2"": ""2.10|3.03|99|0.30"", ""zone3"": ""3.03|5.89|8|0.53"", ""thresold1"": ""0.20|3|0.005"", ""thresold2"": ""3|4|0.005"", ""thresold3"": ""4|7|0.005"", ""thresold4"": ""7|20|0.041"", ""thresold5"": ""20|99|0.041"", ""greenground"": ""0.60"", ""greenhigh"": ""3.55"", ""topweight"": ""0.12"", ""pointvolumefactor"": ""0.32"", ""firstandlastreturnasground"": ""3"", ""firstandlastreturnfactor"": ""0.10"", ""lastreturnfactor"": ""0.22"", ""greendetectsize"": ""2"", ""groundboxsize"": ""3"", ""medianboxsize"": ""23"", ""medianboxsize2"": ""7"", ""greenshades"": ""0.306|0.700|4.330"", ""greenshadeisom"": ""406|408|410"", ""vegesimplify"": ""2.70""}",False,1.3206139958700318,0.9224627265565104,0.22829205625912338,71.6393364496923,0.8664347975354126,0.6166639008595909,0.005240896760483502,False,1.232217310260274
138,0.6789141647709654,0.4163004240764676,-0.22917620408235972,"{""zone1"": ""0.56|1.88|99|1"", ""zone2"": ""1.88|3.04|99|0.16"", ""zone3"": ""3.04|5.47|8|0.28"", ""thresold1"": ""0.20|3|0.008"", ""thresold2"": ""3|4|0.008"", ""thresold3"": ""4|7|0.008"", ""thresold4"": ""7|20|0.027"", ""thresold5"": ""20|99|0.027"", ""greenground"": ""0.77"", ""greenhigh"": ""2.82"", ""topweight"": ""1.00"", ""pointvolumefactor"": ""0.70"", ""firstandlastreturnasground"": ""3"", ""firstandlastreturnfactor"": ""0.87"", ""lastreturnfactor"": ""0.34"", ""greendetectsize"": ""2"", ""groundboxsize"": ""1"", ""medianboxsize"": ""13"", ""medianboxsize2"": ""7"", ""greenshades"": ""0.361|0.875|3.670"", ""greenshadeisom"": ""406|408|410"", ""vegesimplify"": ""0.58""}",False,0.8894355625030296,0.9498051953090826,0.22829205625912338,66.8329746494217,0.859710711156692,0.6144899182225698,0.005240896760483502,False,0.7403162302947269
139,0.6928901691326822,0.3982320859816395,-0.1474776859237476,"{""zone1"": ""1.11|2.01|99|1"", ""zone2"": ""2.01|3.01|99|0.68"", ""zone3"": ""3.01|6.21|8|0.20"", ""thresold1"": ""0.20|3|0.107"", ""thresold2"": ""3|4|0.107"", ""thresold3"": ""4|7|0.107"", ""thresold4"": ""7|20|0.031"", ""thresold5"": ""20|99|0.031"", ""greenground"": ""1.32"", ""greenhigh"": ""2.06"", ""topweight"": ""0.24"", ""pointvolumefactor"": ""0.60"", ""firstandlastreturnasground"": ""1"", ""firstandlastreturnfactor"": ""0.56"", ""lastreturnfactor"": ""0.36"", ""greendetectsize"": ""2"", ""groundboxsize"": ""3"", ""medianboxsize"": ""11"", ""medianboxsize2"": ""7"", ""greenshades"": ""0.711|2.527|6.007"", ""greenshadeisom"": ""406|408|410"", ""vegesimplify"": ""0.76""}",False,0.9754143559680202,0.9563548442798461,0.22829205625912338,81.24630443284549,0.9504902221695701,0.6156652669453808,0.005240896760483502,False,0.8703165168454416
140,0.7124707491352025,0.36133543338363716,-0.4372313583889644,"{""zone1"": ""0.99|3.55|99|1"", ""zone2"": ""3.55|4.62|99|0.55"", ""zone3"": ""4.62|7.33|8|0.57"", ""thresold1"": ""0.20|3|0.005"", ""thresold2"": ""3|4|0.005"", ""thresold3"": ""4|7|0.005"", ""thresold4"": ""7|20|0.152"", ""thresold5"": ""20|99|0.152"", ""greenground"": ""0.69"", ""greenhigh"": ""1.27"", ""topweight"": ""0.32"", ""pointvolumefactor"": ""0.24"", ""firstandlastreturnasground"": ""1"", ""firstandlastreturnfactor"": ""0.06"", ""lastreturnfactor"": ""0.91"", ""greendetectsize"": ""2"", ""groundboxsize"": ""3"", ""medianboxsize"": ""29"", ""medianboxsize2"": ""7"", ""greenshades"": ""0.589|3.080|5.401"", ""greenshadeisom"": ""406|408|410"", ""vegesimplify"": ""3.01""}",False,0.981202619126989,0.9237049000389425,0.22829205625912338,72.19344812901426,0.6675859039012134,0.6178398142412546,0.005240896760483502,False,0.8529858715410537
141,0.7132053718883578,0.37361692738301433,-0.38448179460603016,"{""zone1"": ""0.99|3.52|99|1"", ""zone2"": ""3.52|4.60|99|0.51"", ""zone3"": ""4.60|7.31|8|0.57"", ""thresold1"": ""0.20|3|0.005"", ""thresold2"": ""3|4|0.005"", ""thresold3"": ""4|7|0.005"", ""thresold4"": ""7|20|0.134"", ""thresold5"": ""20|99|0.134"", ""greenground"": ""0.63"", ""greenhigh"": ""1.33"", ""topweight"": ""0.32"", ""pointvolumefactor"": ""0.25"", ""firstandlastreturnasground"": ""1"", ""firstandlastreturnfactor"": ""0.05"", ""lastreturnfactor"": ""0.90"", ""greendetectsize"": ""2"", ""groundboxsize"": ""3"", ""medianboxsize"": ""29"", ""medianboxsize2"": ""7"", ""greenshades"": ""0.583|2.961|5.349"", ""greenshadeisom"": ""406|408|410"", ""vegesimplify"": ""3.04""}",False,1.0542586867501589,0.926882189853386,0.22829205625912338,60.30722264175435,0.69922795206934,0.6176348699163009,0.005240896760483502,True,0.9250319773960771
142,0.6526967457711162,0.25417199256855255,-0.15814526876865756,"{""zone1"": ""0.97|3.65|99|1"", ""zone2"": ""3.65|4.51|99|0.49"", ""zone3"": ""4.51|7.84|8|0.50"", ""thresold1"": ""0.20|3|0.029"", ""thresold2"": ""3|4|0.029"", ""thresold3"": ""4|7|0.029"", ""thresold4"": ""7|20|0.020"", ""thresold5"": ""20|99|0.020"", ""greenground"": ""0.62"", ""greenhigh"": ""3.84"", ""topweight"": ""0.38"", ""pointvolumefactor"": ""0.35"", ""firstandlastreturnasground"": ""1"", ""firstandlastreturnfactor"": ""0.97"", ""lastreturnfactor"": ""0.93"", ""greendetectsize"": ""2"", ""groundboxsize"": ""3"", ""medianboxsize"": ""31"", ""medianboxsize2"": ""7"", ""greenshades"": ""0.825|1.073|3.667"", ""greenshadeisom"": ""406|408|410"", ""vegesimplify"": ""3.44""}",False,1.9824200565688246,0.8989256111819118,0.22829205625912338,64.93719669964537,1.0217707166058811,0.6126275081081017,0.005240896760483502,False,1.9098176032990268
143,0.6612582285652381,0.2880663486976671,-1.1200566496998077,"{""zone1"": ""1.01|3.36|99|1"", ""zone2"": ""3.36|4.11|99|0.48"", ""zone3"": ""4.11|7.48|8|0.55"", ""thresold1"": ""0.20|3|0.021"", ""thresold2"": ""3|4|0.021"", ""thresold3"": ""4|7|0.021"", ""thresold4"": ""7|20|0.207"", ""thresold5"": ""20|99|0.207"", ""greenground"": ""0.53"", ""greenhigh"": ""1.36"", ""topweight"": ""0.35"", ""pointvolumefactor"": ""0.15"", ""firstandlastreturnasground"": ""2"", ""firstandlastreturnfactor"": ""1.10"", ""lastreturnfactor"": ""0.89"", ""greendetectsize"": ""2"", ""groundboxsize"": ""3"", ""medianboxsize"": ""29"", ""medianboxsize2"": ""7"", ""greenshades"": ""0.853|2.739|5.178"", ""greenshadeisom"": ""406|408|410"", ""vegesimplify"": ""2.92""}",False,0.45730777437461917,0.9250538682190147,0.22829205625912338,27.831617721905967,0.367544903720371,0.6140084349477205,0.005240896760483502,False,0.3650536313352031
144,0.6405942746232581,0.34713508257007913,-0.18454899743592604,"{""zone1"": ""1.06|4.09|99|1"", ""zone2"": ""4.09|4.92|99|0.51"", ""zone3"": ""4.92|8.38|8|0.23"", ""thresold1"": ""0.20|3|0.023"", ""thresold2"": ""3|4|0.023"", ""thresold3"": ""4|7|0.023"", ""thresold4"": ""7|20|0.129"", ""thresold5"": ""20|99|0.129"", ""greenground"": ""0.66"", ""greenhigh"": ""1.24"", ""topweight"": ""0.28"", ""pointvolumefactor"": ""0.31"", ""firstandlastreturnasground"": ""2"", ""firstandlastreturnfactor"": ""1.00"", ""lastreturnfactor"": ""0.86"", ""greendetectsize"": ""2"", ""groundboxsize"": ""3"", ""medianboxsize"": ""27"", ""medianboxsize2"": ""7"", ""greenshades"": ""0.100|2.175|4.784"", ""greenshadeisom"": ""406|408|410"", ""vegesimplify"": ""2.78""}",False,2.197028113756988,0.9001282645739451,0.22829205625912338,65.21569210994193,1.144868510114921,0.6130556612812631,0.005240896760483502,False,2.1037343569291393
145,0.6918104326595289,0.33955823684499614,-0.7434654635752574,"{""zone1"": ""1.00|3.48|99|1"", ""zone2"": ""3.48|4.40|99|0.34"", ""zone3"": ""4.40|6.98|8|0.49"", ""thresold1"": ""0.20|3|0.006"", ""thresold2"": ""3|4|0.006"", ""thresold3"": ""4|7|0.006"", ""thresold4"": ""7|20|0.172"", ""thresold5"": ""20|99|0.172"", ""greenground"": ""0.59"", ""greenhigh"": ""1.34"", ""topweight"": ""0.16"", ""pointvolumefactor"": ""0.42"", ""firstandlastreturnasground"": ""2"", ""firstandlastreturnfactor"": ""1.00"", ""lastreturnfactor"": ""0.16"", ""greendetectsize"": ""2"", ""groundboxsize"": ""3"", ""medianboxsize"": ""29"", ""medianboxsize2"": ""7"", ""greenshades"": ""0.739|2.929|5.243"", ""greenshadeisom"": ""406|408|410"", ""vegesimplify"": ""1.52""}",False,0.6577777909408785,0.9386084451212687,0.22829205625912338,36.06670330483856,0.5071520325842855,0.6150440085676047,0.005240896760483502,False,0.5465988939382573
146,0.6550651941390481,0.25451910965661306,-0.15159131329902528,"{""zone1"": ""0.95|3.81|99|1"", ""zone2"": ""3.81|4.61|99|0.43"", ""zone3"": ""4.61|8.24|8|0.48"", ""thresold1"": ""0.20|3|0.009"", ""thresold2"": ""3|4|0.009"", ""thresold3"": ""4|7|0.009"", ""thresold4"": ""7|20|0.018"", ""thresold5"": ""20|99|0.018"", ""greenground"": ""0.45"", ""greenhigh"": ""3.32"", ""topweight"": ""0.27"", ""pointvolumefactor"": ""0.26"", ""firstandlastreturnasground"": ""4"", ""firstandlastreturnfactor"": ""0.17"", ""lastreturnfactor"": ""0.95"", ""greendetectsize"": ""2"", ""groundboxsize"": ""3"", ""medianboxsize"": ""27"", ""medianboxsize2"": ""7"", ""greenshades"": ""0.575|0.692|3.435"", ""greenshadeisom"": ""406|408|410"", ""vegesimplify"": ""3.21""}",False,1.9794401214168837,0.915699372957757,0.22829205625912338,64.62269637917075,1.0734046775454418,0.615149394201141,0.005240896760483502,False,1.9053146397564509
147,0.5259047758737764,0.07155158071089468,-3.138848669702613,"{""zone1"": ""1.25|1.42|99|1"", ""zone2"": ""1.42|2.15|99|0.46"", ""zone3"": ""2.15|5.29|8|0.54"", ""thresold1"": ""0.20|3|0.026"", ""thresold2"": ""3|4|0.026"", ""thresold3"": ""4|7|0.026"", ""thresold4"": ""7|20|0.142"", ""thresold5"": ""20|99|0.142"", ""greenground"": ""0.65"", ""greenhigh"": ""1.21"", ""topweight"": ""0.33"", ""pointvolumefactor"": ""0.28"", ""firstandlastreturnasground"": ""1"", ""firstandlastreturnfactor"": ""0.89"", ""lastreturnfactor"": ""0.69"", ""greendetectsize"": ""3"", ""groundboxsize"": ""3"", ""medianboxsize"": ""25"", ""medianboxsize2"": ""7"", ""greenshades"": ""0.914|1.606|4.145"", ""greenshadeisom"": ""406|408|410"", ""vegesimplify"": ""2.49""}",False,0.060762279497347575,0.937830128689885,0.13104219948849105,7.970105292010827,0.08780053099029773,0.6136557525404264,0.004614991536520711,False,0.06250439828938319
148,0.6786026891602065,0.40960102561332423,-0.128549242574749,"{""zone1"": ""0.93|3.16|99|1"", ""zone2"": ""3.16|4.13|99|0.41"", ""zone3"": ""4.13|7.15|8|0.55"", ""thresold1"": ""0.20|3|0.018"", ""thresold2"": ""3|4|0.018"", ""thresold3"": ""4|7|0.018"", ""thresold4"": ""7|20|0.025"", ""thresold5"": ""20|99|0.025"", ""greenground"": ""0.74"", ""greenhigh"": ""3.64"", ""topweight"": ""0.10"", ""pointvolumefactor"": ""0.23"", ""firstandlastreturnasground"": ""2"", ""firstandlastreturnfactor"": ""0.00"", ""lastreturnfactor"": ""0.98"", ""greendetectsize"": ""2"", ""groundboxsize"": ""3"", ""medianboxsize"": ""27"", ""medianboxsize2"": ""7"", ""greenshades"": ""0.690|2.390|4.530"", ""greenshadeisom"": ""406|408|410"", ""vegesimplify"": ""3.12""}",False,1.6410777054083037,0.9221773355658792,0.22829205625912338,58.420301876014435,0.9584323675176613,0.6155177178478993,0.005240896760483502,False,1.5777519706657965
149,0.6865626258609473,0.47429104585352605,-0.08652927575353668,"{""zone1"": ""1.09|3.25|99|1"", ""zone2"": ""3.25|4.12|99|0.37"", ""zone3"": ""4.12|7.41|8|0.50"", ""thresold1"": ""0.20|3|0.007"", ""thresold2"": ""3|4|0.007"", ""thresold3"": ""4|7|0.007"", ""thresold4"": ""7|20|0.053"", ""thresold5"": ""20|99|0.053"", ""greenground"": ""0.64"", ""greenhigh"": ""1.48"", ""topweight"": ""0.41"", ""pointvolumefactor"": ""0.44"", ""firstandlastreturnasground"": ""2"", ""firstandlastreturnfactor"": ""0.47"", ""lastreturnfactor"": ""0.61"", ""greendetectsize"": ""2"", ""groundboxsize"": ""3"", ""medianboxsize"": ""27"", ""medianboxsize2"": ""5"", ""greenshades"": ""0.348|2.312|4.324"", ""greenshadeisom"": ""406|408|410"", ""vegesimplify"": ""1.10""}",False,1.6261783882470884,0.9256176191170292,0.22829205625912338,64.14391215574301,1.0137215812753853,0.6164249880239524,0.005240896760483502,False,1.5574280927060435
150,0.6521045568910161,0.32826161560445044,-0.18853843904437848,"{""zone1"": ""0.97|3.75|99|1"", ""zone2"": ""3.75|4.59|99|0.13"", ""zone3"": ""4.59|7.98|8|0.52"", ""thresold1"": ""0.20|3|0.024"", ""thresold2"": ""3|4|0.024"", ""thresold3"": ""4|7|0.024"", ""thresold4"": ""7|20|0.047"", ""thresold5"": ""20|99|0.047"", ""greenground"": ""0.51"", ""greenhigh"": ""1.30"", ""topweight"": ""0.29"", ""pointvolumefactor"": ""0.40"", ""firstandlastreturnasground"": ""1"", ""firstandlastreturnfactor"": ""1.05"", ""lastreturnfactor"": ""0.15"", ""greendetectsize"": ""3"", ""groundboxsize"": ""3"", ""medianboxsize"": ""25"", ""medianboxsize2"": ""9"", ""greenshades"": ""0.611|0.971|3.413"", ""greenshadeisom"": ""406|408|410"", ""vegesimplify"": ""0.96""}",False,2.126375908131484,0.9217138476292153,0.13104219948849105,73.29130067749738,1.2172854541223166,0.6177739568190493,0.004614991536520711,False,2.04348588923115
151,0.702867756359486,0.47931500979234903,-0.5443150744944907,"{""zone1"": ""1.14|1.88|99|1"", ""zone2"": ""1.88|2.94|99|0.57"", ""zone3"": ""2.94|5.72|8|0.31"", ""thresold1"": ""0.20|3|0.022"", ""thresold2"": ""3|4|0.022"", ""thresold3"": ""4|7|0.022"", ""thresold4"": ""7|20|0.036"", ""thresold5"": ""20|99|0.036"", ""greenground"": ""0.71"", ""greenhigh"": ""3.84"", ""topweight"": ""0.22"", ""pointvolumefactor"": ""0.36"", ""firstandlastreturnasground"": ""1"", ""firstandlastreturnfactor"": ""0.12"", ""lastreturnfactor"": ""0.04"", ""greendetectsize"": ""2"", ""groundboxsize"": ""1"", ""medianboxsize"": ""31"", ""medianboxsize2"": ""7"", ""greenshades"": ""0.741|1.179|2.629"", ""greenshadeisom"": ""406|408|410"", ""vegesimplify"": ""0.83""}",False,0.934517633515945,0.939447868909518,0.22829205625912338,60.739102046793846,0.606632658574766,0.6139808116166731,0.005240896760483502,False,0.797218571365402
152,0.7071509563854933,0.48886361056298394,-0.3389472034522922,"{""zone1"": ""1.03|1.80|99|1"", ""zone2"": ""1.80|2.81|99|0.53"", ""zone3"": ""2.81|5.30|8|0.45"", ""thresold1"": ""0.20|3|0.006"", ""thresold2"": ""3|4|0.006"", ""thresold3"": ""4|7|0.006"", ""thresold4"": ""7|20|0.029"", ""thresold5"": ""20|99|0.029"", ""greenground"": ""0.62"", ""greenhigh"": ""1.89"", ""topweight"": ""0.26"", ""pointvolumefactor"": ""0.38"", ""firstandlastreturnasground"": ""1"", ""firstandlastreturnfactor"": ""0.05"", ""lastreturnfactor"": ""0.26"", ""greendetectsize"": ""2"", ""groundboxsize"": ""3"", ""medianboxsize"": ""19"", ""medianboxsize2"": ""7"", ""greenshades"": ""0.880|3.255|5.135"", ""greenshadeisom"": ""406|408|410"", ""vegesimplify"": ""2.85""}",False,0.9589692129603559,0.9340135119183642,0.22829205625912338,64.44771216706945,0.7296946599805665,0.6142448997098507,0.005240896760483502,False,0.8507725009294558
153,0.7106109164807934,0.45404552913269675,-0.11594745209873088,"{""zone1"": ""0.59|2.06|99|1"", ""zone2"": ""2.06|2.83|99|0.51"", ""zone3"": ""2.83|5.45|8|0.41"", ""thresold1"": ""0.20|3|0.032"", ""thresold2"": ""3|4|0.032"", ""thresold3"": ""4|7|0.032"", ""thresold4"": ""7|20|0.022"", ""thresold5"": ""20|99|0.022"", ""greenground"": ""0.67"", ""greenhigh"": ""3.94"", ""topweight"": ""0.17"", ""pointvolumefactor"": ""0.42"", ""firstandlastreturnasground"": ""1"", ""firstandlastreturnfactor"": ""0.10"", ""lastreturnfactor"": ""0.09"", ""greendetectsize"": ""2"", ""groundboxsize"": ""3"", ""medianboxsize"": ""15"", ""medianboxsize2"": ""7"", ""greenshades"": ""0.948|1.252|4.247"", ""greenshadeisom"": ""406|408|410"", ""vegesimplify"": ""0.91""}",False,1.1179608518901458,0.9566821159758317,0.22829205625912338,85.68819878787205,0.9102154854116763,0.6151516950193302,0.005240896760483502,False,1.033412433658248
154,0.7001825121528834,0.4036668379090196,-0.06943470750473422,"{""zone1"": ""0.60|2.07|99|1"", ""zone2"": ""2.07|2.85|99|0.51"", ""zone3"": ""2.85|5.52|8|0.58"", ""thresold1"": ""0.20|3|0.032"", ""thresold2"": ""3|4|0.032"", ""thresold3"": ""4|7|0.032"", ""thresold4"": ""7|20|0.019"", ""thresold5"": ""20|99|0.019"", ""greenground"": ""0.67"", ""greenhigh"": ""3.74"", ""topweight"": ""0.18"", ""pointvolumefactor"": ""0.41"", ""firstandlastreturnasground"": ""1"", ""firstandlastreturnfactor"": ""0.93"", ""lastreturnfactor"": ""0.03"", ""greendetectsize"": ""2"", ""groundboxsize"": ""3"", ""medianboxsize"": ""15"", ""medianboxsize2"": ""7"", ""greenshades"": ""0.968|1.306|4.324"", ""greenshadeisom"": ""406|408|410"", ""vegesimplify"": ""3.33""}",False,1.3701180793365475,0.9369970858491347,0.22829205625912338,74.07029266200213,1.014240837479667,0.6163682648994119,0.005240896760483502,False,1.2947980014145686
155,0.7082905971481911,0.4523231395062186,-0.09247014623444384,"{""zone1"": ""0.90|1.99|99|1"", ""zone2"": ""1.99|2.69|99|0.48"", ""zone3"": ""2.69|5.25|8|0.53"", ""thresold1"": ""0.20|3|0.030"", ""thresold2"": ""3|4|0.030"", ""thresold3"": ""4|7|0.030"", ""thresold4"": ""7|20|0.022"", ""thresold5"": ""20|99|0.022"", ""greenground"": ""0.68"", ""greenhigh"": ""3.88"", ""topweight"": ""0.15"", ""pointvolumefactor"": ""0.42"", ""firstandlastreturnasground"": ""1"", ""firstandlastreturnfactor"": ""0.14"", ""lastreturnfactor"": ""0.09"", ""greendetectsize"": ""2"", ""groundboxsize"": ""3"", ""medianboxsize"": ""13"", ""medianboxsize2"": ""7"", ""greenshades"": ""0.805|1.103|3.851"", ""greenshadeisom"": ""406|408|410"", ""vegesimplify"": ""2.67""}",False,1.0969047103119502,0.9532284350969157,0.22829205625912338,94.63904631726275,0.9735419761798894,0.6139700604112989,0.005240896760483502,False,1.0181643012667299
156,0.6939376657150359,0.37287691020024205,-0.20105798278733933,"{""zone1"": ""0.63|2.19|99|1"", ""zone2"": ""2.19|2.83|99|0.29"", ""zone3"": ""2.83|5.93|8|0.33"", ""thresold1"": ""0.20|3|0.037"", ""thresold2"": ""3|4|0.037"", ""thresold3"": ""4|7|0.037"", ""thresold4"": ""7|20|0.017"", ""thresold5"": ""20|99|0.017"", ""greenground"": ""0.72"", ""greenhigh"": ""3.80"", ""topweight"": ""0.11"", ""pointvolumefactor"": ""0.34"", ""firstandlastreturnasground"": ""2"", ""firstandlastreturnfactor"": ""0.10"", ""lastreturnfactor"": ""0.19"", ""greendetectsize"": ""2"", ""groundboxsize"": ""3"", ""medianboxsize"": ""11"", ""medianboxsize2"": ""7"", ""greenshades"": ""0.330|0.641|2.897"", ""greenshadeisom"": ""406|408|410"", ""vegesimplify"": ""0.71""}",False,1.4715967196306357,0.9665115655789426,0.22829205625912338,92.14218309485337,1.2413280155904685,0.614859636159094,0.005240896760483502,False,1.4205509113740442
157,0.7066909833903589,0.4746092004743643,-0.11363853684919552,"{""zone1"": ""0.69|1.91|99|1"", ""zone2"": ""1.91|2.80|99|0.35"", ""zone3"": ""2.80|5.15|8|0.42"", ""thresold1"": ""0.20|3|0.027"", ""thresold2"": ""3|4|0.027"", ""thresold3"": ""4|7|0.027"", ""thresold4"": ""7|20|0.026"", ""thresold5"": ""20|99|0.026"", ""greenground"": ""0.75"", ""greenhigh"": ""3.93"", ""topweight"": ""0.23"", ""pointvolumefactor"": ""0.47"", ""firstandlastreturnasground"": ""1"", ""firstandlastreturnfactor"": ""1.11"", ""lastreturnfactor"": ""0.85"", ""greendetectsize"": ""2"", ""groundboxsize"": ""3"", ""medianboxsize"": ""17"", ""medianboxsize2"": ""7"", ""greenshades"": ""0.828|1.600|4.492"", ""greenshadeisom"": ""406|408|410"", ""vegesimplify"": ""0.93""}",False,1.1628880241164106,0.9552091180043164,0.22829205625912338,82.3893897778138,0.9498973284935316,0.6156178480259751,0.005240896760483502,True,1.069521835008112
158,0.6493215112702538,0.25947336101608104,-0.25266576952937847,"{""zone1"": ""0.70|4.36|99|1"", ""zone2"": ""4.36|5.26|99|0.39"", ""zone3"": ""5.26|7.70|8|0.42"", ""thresold1"": ""0.20|3|0.026"", ""thresold2"": ""3|4|0.026"", ""thresold3"": ""4|7|0.026"", ""thresold4"": ""7|20|0.026"", ""thresold5"": ""20|99|0.026"", ""greenground"": ""0.59"", ""greenhigh"": ""3.99"", ""topweight"": ""0.23"", ""pointvolumefactor"": ""0.47"", ""firstandlastreturnasground"": ""1"", ""firstandlastreturnfactor"": ""1.22"", ""lastreturnfactor"": ""0.93"", ""greendetectsize"": ""2"", ""groundboxsize"": ""3"", ""medianboxsize"": ""17"", ""medianboxsize2"": ""7"", ""greenshades"": ""0.831|1.599|4.279"", ""greenshadeisom"": ""406|408|410"", ""vegesimplify"": ""0.90""}",False,2.142266898704883,0.9615872647195015,0.22829205625912338,73.26573720576003,1.3608505092920256,0.6163455567852848,0.005240896760483502,False,2.0576443497318055
159,0.5168637222810943,0.057177196115017904,-3.302660650797122,"{""zone1"": ""0.83|2.10|99|1"", ""zone2"": ""2.10|2.96|99|0.36"", ""zone3"": ""2.96|5.86|8|0.16"", ""thresold1"": ""0.20|3|0.028"", ""thresold2"": ""3|4|0.028"", ""thresold3"": ""4|7|0.028"", ""thresold4"": ""7|20|0.249"", ""thresold5"": ""20|99|0.249"", ""greenground"": ""0.55"", ""greenhigh"": ""3.92"", ""topweight"": ""0.21"", ""pointvolumefactor"": ""0.44"", ""firstandlastreturnasground"": ""1"", ""firstandlastreturnfactor"": ""0.03"", ""lastreturnfactor"": ""0.91"", ""greendetectsize"": ""3"", ""groundboxsize"": ""3"", ""medianboxsize"": ""17"", ""medianboxsize2"": ""7"", ""greenshades"": ""0.941|1.212|3.695"", ""greenshadeisom"": ""406|408|410"", ""vegesimplify"": ""0.81""}",False,0.03890497500967393,0.9454291298554763,0.13104219948849105,7.7241004149205645,0.07315219048253424,0.6132052038409651,0.004614991536520711,False,0.041155806115450666
