number,green_ba,green_kappa,readability,overrides,default,green_bias,open_bias,ug_bias,speckle,boundary_ratio,open_f1,ug_f1,pareto
0,0.6138987848647489,0.3185065694909771,-0.35126302995985426,{},True,0.5985028634424621,1.0046317478118383,0.3125,149.06974280317,0.7069740991921816,0.6336104412343515,0.0,False
2,0.5071236431027364,0.02831692018400267,-3.2122747056106045,"{""zone1"": ""1.10|3.37|99|1"", ""zone2"": ""3.37|5.00|99|0.42"", ""zone3"": ""5.00|7.41|8|0.39"", ""thresold1"": ""0.20|3|0.074"", ""thresold2"": ""3|4|0.074"", ""thresold3"": ""4|7|0.074"", ""thresold4"": ""7|20|0.289"", ""thresold5"": ""20|99|0.289"", ""greenground"": ""0.50"", ""greenhigh"": ""1.26"", ""topweight"": ""0.87"", ""pointvolumefactor"": ""0.39"", ""firstandlastreturnasground"": ""4"", ""firstandlastreturnfactor"": ""0.98"", ""lastreturnfactor"": ""0.80"", ""greendetectsize"": ""4"", ""groundboxsize"": ""3"", ""medianboxsize"": ""3"", ""medianboxsize2"": ""7"", ""greenshades"": ""0.897|1.240|3.384"", ""greenshadeisom"": ""406|408|410"", ""vegesimplify"": ""1.00""}",False,0.02370986439509824,1.00181204913775,0.4375,26.941126888151853,0.044325493189811854,0.6329420558878929,0.0,False
3,0.641759624245008,0.28751679469148594,-0.29415293575936763,"{""zone1"": ""1.54|2.95|99|1"", ""zone2"": ""2.95|4.16|99|0.77"", ""zone3"": ""4.16|5.59|8|0.27"", ""thresold1"": ""0.20|3|0.110"", ""thresold2"": ""3|4|0.110"", ""thresold3"": ""4|7|0.110"", ""thresold4"": ""7|20|0.021"", ""thresold5"": ""20|99|0.021"", ""greenground"": ""1.24"", ""greenhigh"": ""1.37"", ""topweight"": ""0.73"", ""pointvolumefactor"": ""0.34"", ""firstandlastreturnasground"": ""1"", ""firstandlastreturnfactor"": ""0.13"", ""lastreturnfactor"": ""0.32"", ""greendetectsize"": ""2"", ""groundboxsize"": ""3"", ""medianboxsize"": ""9"", ""medianboxsize2"": ""9"", ""greenshades"": ""0.318|1.035|2.305"", ""greenshadeisom"": ""406|408|410"", ""vegesimplify"": ""0.86""}",False,0.9905987882115161,1.0151393967748334,0.38081395348837205,177.66968006140885,0.9306277480244527,0.6353401285192044,0.0,False
4,0.6644448166059203,0.17716887059931463,-0.27682307985867616,"{""zone1"": ""0.73|2.15|99|1"", ""zone2"": ""2.15|3.89|99|0.47"", ""zone3"": ""3.89|5.28|8|0.15"", ""thresold1"": ""0.20|3|0.032"", ""thresold2"": ""3|4|0.032"", ""thresold3"": ""4|7|0.032"", ""thresold4"": ""7|20|0.028"", ""thresold5"": ""20|99|0.028"", ""greenground"": ""0.52"", ""greenhigh"": ""3.93"", ""topweight"": ""0.57"", ""pointvolumefactor"": ""0.49"", ""firstandlastreturnasground"": ""3"", ""firstandlastreturnfactor"": ""0.74"", ""lastreturnfactor"": ""0.04"", ""greendetectsize"": ""5"", ""groundboxsize"": ""1"", ""medianboxsize"": ""7"", ""medianboxsize2"": ""1"", ""greenshades"": ""0.357|0.513|0.874"", ""greenshadeisom"": ""406|408|410"", ""vegesimplify"": ""1.61""}",False,2.4874528755072176,1.011848983864994,0.3125,163.46440419375884,1.3201022070477206,0.6337031500568122,0.0,False
6,0.5071236431027364,0.02831692018400267,-3.2122747056106045,"{""zone1"": ""1.10|3.37|99|1"", ""zone2"": ""3.37|5.00|99|0.42"", ""zone3"": ""5.00|7.41|8|0.39"", ""thresold1"": ""0.20|3|0.074"", ""thresold2"": ""3|4|0.074"", ""thresold3"": ""4|7|0.074"", ""thresold4"": ""7|20|0.289"", ""thresold5"": ""20|99|0.289"", ""greenground"": ""0.50"", ""greenhigh"": ""1.26"", ""topweight"": ""0.87"", ""pointvolumefactor"": ""0.39"", ""firstandlastreturnasground"": ""4"", ""firstandlastreturnfactor"": ""0.98"", ""lastreturnfactor"": ""0.80"", ""greendetectsize"": ""4"", ""groundboxsize"": ""3"", ""medianboxsize"": ""3"", ""medianboxsize2"": ""7"", ""greenshades"": ""0.897|1.240|3.384"", ""greenshadeisom"": ""406|408|410"", ""vegesimplify"": ""1.00""}",False,0.02370986439509824,1.00181204913775,0.4375,26.941126888151853,0.044325493189811854,0.6329420558878929,0.0,False
7,0.641759624245008,0.28751679469148594,-0.29415293575936763,"{""zone1"": ""1.54|2.95|99|1"", ""zone2"": ""2.95|4.16|99|0.77"", ""zone3"": ""4.16|5.59|8|0.27"", ""thresold1"": ""0.20|3|0.110"", ""thresold2"": ""3|4|0.110"", ""thresold3"": ""4|7|0.110"", ""thresold4"": ""7|20|0.021"", ""thresold5"": ""20|99|0.021"", ""greenground"": ""1.24"", ""greenhigh"": ""1.37"", ""topweight"": ""0.73"", ""pointvolumefactor"": ""0.34"", ""firstandlastreturnasground"": ""1"", ""firstandlastreturnfactor"": ""0.13"", ""lastreturnfactor"": ""0.32"", ""greendetectsize"": ""2"", ""groundboxsize"": ""3"", ""medianboxsize"": ""9"", ""medianboxsize2"": ""9"", ""greenshades"": ""0.318|1.035|2.305"", ""greenshadeisom"": ""406|408|410"", ""vegesimplify"": ""0.86""}",False,0.9905987882115161,1.0151393967748334,0.38081395348837205,177.66968006140885,0.9306277480244527,0.6353401285192044,0.0,False
8,0.6644448166059203,0.17716887059931463,-0.27682307985867616,"{""zone1"": ""0.73|2.15|99|1"", ""zone2"": ""2.15|3.89|99|0.47"", ""zone3"": ""3.89|5.28|8|0.15"", ""thresold1"": ""0.20|3|0.032"", ""thresold2"": ""3|4|0.032"", ""thresold3"": ""4|7|0.032"", ""thresold4"": ""7|20|0.028"", ""thresold5"": ""20|99|0.028"", ""greenground"": ""0.52"", ""greenhigh"": ""3.93"", ""topweight"": ""0.57"", ""pointvolumefactor"": ""0.49"", ""firstandlastreturnasground"": ""3"", ""firstandlastreturnfactor"": ""0.74"", ""lastreturnfactor"": ""0.04"", ""greendetectsize"": ""5"", ""groundboxsize"": ""1"", ""medianboxsize"": ""7"", ""medianboxsize2"": ""1"", ""greenshades"": ""0.357|0.513|0.874"", ""greenshadeisom"": ""406|408|410"", ""vegesimplify"": ""1.61""}",False,2.4874528755072176,1.011848983864994,0.3125,163.46440419375884,1.3201022070477206,0.6337031500568122,0.0,False
9,0.5199081868963219,0.08251644362434596,-2.188535110122166,"{""zone1"": ""0.96|1.94|99|1"", ""zone2"": ""1.94|3.76|99|0.27"", ""zone3"": ""3.76|6.25|8|0.31"", ""thresold1"": ""0.20|3|0.027"", ""thresold2"": ""3|4|0.027"", ""thresold3"": ""4|7|0.027"", ""thresold4"": ""7|20|0.112"", ""thresold5"": ""20|99|0.112"", ""greenground"": ""1.10"", ""greenhigh"": ""1.26"", ""topweight"": ""0.86"", ""pointvolumefactor"": ""0.00"", ""firstandlastreturnasground"": ""3"", ""firstandlastreturnfactor"": ""0.27"", ""lastreturnfactor"": ""0.74"", ""greendetectsize"": ""3"", ""groundboxsize"": ""1"", ""medianboxsize"": ""13"", ""medianboxsize2"": ""5"", ""greenshades"": ""0.809|1.088|2.565"", ""greenshadeisom"": ""406|408|410"", ""vegesimplify"": ""2.50""}",False,0.07435091983615545,1.0011369382819675,0.3125,53.64835430541472,0.11931484909167561,0.6324786324786325,0.0,False
10,0.6732346657793477,0.31705377218487196,-0.048942012931399555,"{""zone1"": ""0.75|3.90|99|1"", ""zone2"": ""3.90|5.18|99|0.70"", ""zone3"": ""5.18|8.64|8|0.18"", ""thresold1"": ""0.20|3|0.229"", ""thresold2"": ""3|4|0.229"", ""thresold3"": ""4|7|0.229"", ""thresold4"": ""7|20|0.066"", ""thresold5"": ""20|99|0.066"", ""greenground"": ""1.17"", ""greenhigh"": ""2.39"", ""topweight"": ""0.69"", ""pointvolumefactor"": ""0.01"", ""firstandlastreturnasground"": ""2"", ""firstandlastreturnfactor"": ""0.66"", ""lastreturnfactor"": ""0.29"", ""greendetectsize"": ""5"", ""groundboxsize"": ""1"", ""medianboxsize"": ""3"", ""medianboxsize2"": ""3"", ""greenshades"": ""0.700|1.350|4.157"", ""greenshadeisom"": ""406|408|410"", ""vegesimplify"": ""2.49""}",False,1.6952850787382108,1.010545202900196,0.3125,144.30158010107786,0.9979694636709158,0.6367414462221385,0.0,False
11,0.6708778747238009,0.3535540063637848,-0.06744344876650712,"{""zone1"": ""1.15|3.06|99|1"", ""zone2"": ""3.06|4.80|99|0.43"", ""zone3"": ""4.80|7.58|8|0.54"", ""thresold1"": ""0.20|3|0.060"", ""thresold2"": ""3|4|0.060"", ""thresold3"": ""4|7|0.060"", ""thresold4"": ""7|20|0.074"", ""thresold5"": ""20|99|0.074"", ""greenground"": ""0.58"", ""greenhigh"": ""3.63"", ""topweight"": ""0.33"", ""pointvolumefactor"": ""0.31"", ""firstandlastreturnasground"": ""1"", ""firstandlastreturnfactor"": ""0.85"", ""lastreturnfactor"": ""0.81"", ""greendetectsize"": ""5"", ""groundboxsize"": ""1"", ""medianboxsize"": ""1"", ""medianboxsize2"": ""7"", ""greenshades"": ""0.723|2.063|3.711"", ""greenshadeisom"": ""406|408|410"", ""vegesimplify"": ""2.09""}",False,1.3374504035236465,1.0031467906003928,0.3125,183.3289266991068,1.0706089374070031,0.6385720560070411,0.0,True
12,0.6501008651033621,0.1744082797327567,-0.08774002962253595,"{""zone1"": ""1.29|3.71|99|1"", ""zone2"": ""3.71|6.15|99|0.01"", ""zone3"": ""6.15|9.65|8|0.22"", ""thresold1"": ""0.20|3|0.178"", ""thresold2"": ""3|4|0.178"", ""thresold3"": ""4|7|0.178"", ""thresold4"": ""7|20|0.033"", ""thresold5"": ""20|99|0.033"", ""greenground"": ""1.51"", ""greenhigh"": ""3.17"", ""topweight"": ""0.23"", ""pointvolumefactor"": ""0.08"", ""firstandlastreturnasground"": ""3"", ""firstandlastreturnfactor"": ""0.58"", ""lastreturnfactor"": ""0.24"", ""greendetectsize"": ""3"", ""groundboxsize"": ""1"", ""medianboxsize"": ""11"", ""medianboxsize2"": ""5"", ""greenshades"": ""0.238|0.357|0.721"", ""greenshadeisom"": ""406|408|410"", ""vegesimplify"": ""3.06""}",False,1.951701130545083,1.007482406983771,0.3125,155.95055389735506,1.0945252735226525,0.6370572915913946,0.0,False
13,0.6430686890082835,0.17086076662322847,-0.44554520644579076,"{""zone1"": ""0.84|2.68|99|1"", ""zone2"": ""2.68|3.44|99|0.94"", ""zone3"": ""3.44|4.59|8|0.44"", ""thresold1"": ""0.20|3|0.087"", ""thresold2"": ""3|4|0.087"", ""thresold3"": ""4|7|0.087"", ""thresold4"": ""7|20|0.040"", ""thresold5"": ""20|99|0.040"", ""greenground"": ""0.43"", ""greenhigh"": ""1.39"", ""topweight"": ""0.74"", ""pointvolumefactor"": ""0.23"", ""firstandlastreturnasground"": ""3"", ""firstandlastreturnfactor"": ""0.90"", ""lastreturnfactor"": ""0.99"", ""greendetectsize"": ""3"", ""groundboxsize"": ""3"", ""medianboxsize"": ""5"", ""medianboxsize2"": ""1"", ""greenshades"": ""0.107|0.228|0.963"", ""greenshadeisom"": ""406|408|410"", ""vegesimplify"": ""3.15""}",False,2.124849485716731,1.015987943752802,0.3125,212.953489736802,1.5624105691327739,0.6354897023259267,0.0,False
14,0.6870878734847222,0.2778656334086812,-0.12416132498580795,"{""zone1"": ""0.85|2.64|99|1"", ""zone2"": ""2.64|4.24|99|0.63"", ""zone3"": ""4.24|7.65|8|0.52"", ""thresold1"": ""0.20|3|0.045"", ""thresold2"": ""3|4|0.045"", ""thresold3"": ""4|7|0.045"", ""thresold4"": ""7|20|0.218"", ""thresold5"": ""20|99|0.218"", ""greenground"": ""0.66"", ""greenhigh"": ""2.65"", ""topweight"": ""0.22"", ""pointvolumefactor"": ""0.10"", ""firstandlastreturnasground"": ""2"", ""firstandlastreturnfactor"": ""0.37"", ""lastreturnfactor"": ""0.46"", ""greendetectsize"": ""3"", ""groundboxsize"": ""3"", ""medianboxsize"": ""19"", ""medianboxsize2"": ""1"", ""greenshades"": ""0.087|2.235|3.803"", ""greenshadeisom"": ""406|408|410"", ""vegesimplify"": ""2.31""}",False,1.9694552855067236,0.9304974090650044,0.3125,173.0388357802133,1.13220108353391,0.6528012430441291,0.0,False
15,0.6117530793078385,0.2986742479820921,-0.46910253463534496,"{""zone1"": ""0.65|3.38|99|1"", ""zone2"": ""3.38|4.55|99|0.18"", ""zone3"": ""4.55|7.03|8|0.09"", ""thresold1"": ""0.20|3|0.086"", ""thresold2"": ""3|4|0.086"", ""thresold3"": ""4|7|0.086"", ""thresold4"": ""7|20|0.058"", ""thresold5"": ""20|99|0.058"", ""greenground"": ""1.55"", ""greenhigh"": ""2.02"", ""topweight"": ""0.39"", ""pointvolumefactor"": ""0.05"", ""firstandlastreturnasground"": ""1"", ""firstandlastreturnfactor"": ""0.93"", ""lastreturnfactor"": ""0.67"", ""greendetectsize"": ""2"", ""groundboxsize"": ""1"", ""medianboxsize"": ""13"", ""medianboxsize2"": ""1"", ""greenshades"": ""0.837|2.011|3.895"", ""greenshadeisom"": ""406|408|410"", ""vegesimplify"": ""2.20""}",False,0.549917022521615,1.0041997341983926,0.38081395348837205,137.35210979644447,0.6397855675875233,0.634808535075075,0.0,False
16,0.5622801957728185,0.13381015828420534,-1.030064026998433,"{""zone1"": ""1.58|3.73|99|1"", ""zone2"": ""3.73|4.77|99|0.23"", ""zone3"": ""4.77|8.64|8|0.57"", ""thresold1"": ""0.20|3|0.336"", ""thresold2"": ""3|4|0.336"", ""thresold3"": ""4|7|0.336"", ""thresold4"": ""7|20|0.219"", ""thresold5"": ""20|99|0.219"", ""greenground"": ""0.58"", ""greenhigh"": ""3.95"", ""topweight"": ""0.58"", ""pointvolumefactor"": ""0.25"", ""firstandlastreturnasground"": ""3"", ""firstandlastreturnfactor"": ""0.37"", ""lastreturnfactor"": ""0.14"", ""greendetectsize"": ""2"", ""groundboxsize"": ""1"", ""medianboxsize"": ""11"", ""medianboxsize2"": ""3"", ""greenshades"": ""0.331|1.999|2.480"", ""greenshadeisom"": ""406|408|410"", ""vegesimplify"": ""0.84""}",False,0.25648275846801954,1.002463939620149,0.38081395348837205,102.97597616506319,0.3578984946298508,0.6333278580981705,0.0,False
17,0.5560447771209345,0.0552099971236219,-0.3114440707969508,"{""zone1"": ""1.45|3.94|99|1"", ""zone2"": ""3.94|6.35|99|0.77"", ""zone3"": ""6.35|10.03|8|0.20"", ""thresold1"": ""0.20|3|0.026"", ""thresold2"": ""3|4|0.026"", ""thresold3"": ""4|7|0.026"", ""thresold4"": ""7|20|0.068"", ""thresold5"": ""20|99|0.068"", ""greenground"": ""0.50"", ""greenhigh"": ""1.45"", ""topweight"": ""0.74"", ""pointvolumefactor"": ""0.12"", ""firstandlastreturnasground"": ""2"", ""firstandlastreturnfactor"": ""0.56"", ""lastreturnfactor"": ""0.86"", ""greendetectsize"": ""4"", ""groundboxsize"": ""1"", ""medianboxsize"": ""3"", ""medianboxsize2"": ""1"", ""greenshades"": ""0.100|0.253|0.488"", ""greenshadeisom"": ""406|408|410"", ""vegesimplify"": ""1.56""}",False,3.6459202309349186,0.9894338700966312,0.4375,184.6153737889962,1.3859309954182228,0.6404819199229022,0.0,False
18,0.6775511811125622,0.32831012731159037,-0.07913718436052165,"{""zone1"": ""0.79|2.80|99|1"", ""zone2"": ""2.80|4.61|99|0.28"", ""zone3"": ""4.61|7.54|8|0.23"", ""thresold1"": ""0.20|3|0.034"", ""thresold2"": ""3|4|0.034"", ""thresold3"": ""4|7|0.034"", ""thresold4"": ""7|20|0.212"", ""thresold5"": ""20|99|0.212"", ""greenground"": ""0.73"", ""greenhigh"": ""2.24"", ""topweight"": ""0.36"", ""pointvolumefactor"": ""0.23"", ""firstandlastreturnasground"": ""1"", ""firstandlastreturnfactor"": ""0.80"", ""lastreturnfactor"": ""0.08"", ""greendetectsize"": ""2"", ""groundboxsize"": ""1"", ""medianboxsize"": ""13"", ""medianboxsize2"": ""9"", ""greenshades"": ""0.059|1.002|3.063"", ""greenshadeisom"": ""406|408|410"", ""vegesimplify"": ""2.76""}",False,1.455863581926332,0.9939816232245016,0.38081395348837205,186.5488210008764,1.0266994289356466,0.640134737199527,0.0,False
19,0.5787246519631021,0.24976613949078375,-0.8629816180410137,"{""zone1"": ""0.54|2.75|99|1"", ""zone2"": ""2.75|4.17|99|0.68"", ""zone3"": ""4.17|6.55|8|0.17"", ""thresold1"": ""0.20|3|0.029"", ""thresold2"": ""3|4|0.029"", ""thresold3"": ""4|7|0.029"", ""thresold4"": ""7|20|0.065"", ""thresold5"": ""20|99|0.065"", ""greenground"": ""1.27"", ""greenhigh"": ""2.32"", ""topweight"": ""0.92"", ""pointvolumefactor"": ""0.35"", ""firstandlastreturnasground"": ""3"", ""firstandlastreturnfactor"": ""0.33"", ""lastreturnfactor"": ""0.76"", ""greendetectsize"": ""4"", ""groundboxsize"": ""1"", ""medianboxsize"": ""3"", ""medianboxsize2"": ""7"", ""greenshades"": ""0.878|1.060|4.060"", ""greenshadeisom"": ""406|408|410"", ""vegesimplify"": ""3.86""}",False,0.3638003463728622,0.9932910321197965,0.4375,124.29218602074128,0.4222211909852896,0.6359099777200001,0.0,False
20,0.5191119555761361,0.07892621598636829,-2.3334627449541165,"{""zone1"": ""1.00|3.10|99|1"", ""zone2"": ""3.10|5.29|99|0.95"", ""zone3"": ""5.29|7.39|8|0.35"", ""thresold1"": ""0.20|3|0.234"", ""thresold2"": ""3|4|0.234"", ""thresold3"": ""4|7|0.234"", ""thresold4"": ""7|20|0.304"", ""thresold5"": ""20|99|0.304"", ""greenground"": ""1.42"", ""greenhigh"": ""1.29"", ""topweight"": ""0.97"", ""pointvolumefactor"": ""0.18"", ""firstandlastreturnasground"": ""2"", ""firstandlastreturnfactor"": ""0.02"", ""lastreturnfactor"": ""0.19"", ""greendetectsize"": ""4"", ""groundboxsize"": ""3"", ""medianboxsize"": ""3"", ""medianboxsize2"": ""9"", ""greenshades"": ""0.575|0.742|2.058"", ""greenshadeisom"": ""406|408|410"", ""vegesimplify"": ""3.54""}",False,0.06376263939958102,0.9939584028511179,0.4375,38.56595542193099,0.09871832910382844,0.6351477877596445,0.0,False
21,0.6077578064596786,0.19062048345226834,-0.16956688851394736,"{""zone1"": ""1.00|2.52|99|1"", ""zone2"": ""2.52|3.33|99|0.03"", ""zone3"": ""3.33|5.98|8|0.01"", ""thresold1"": ""0.20|3|0.072"", ""thresold2"": ""3|4|0.072"", ""thresold3"": ""4|7|0.072"", ""thresold4"": ""7|20|0.025"", ""thresold5"": ""20|99|0.025"", ""greenground"": ""1.57"", ""greenhigh"": ""3.97"", ""topweight"": ""0.53"", ""pointvolumefactor"": ""0.08"", ""firstandlastreturnasground"": ""3"", ""firstandlastreturnfactor"": ""0.49"", ""lastreturnfactor"": ""0.99"", ""greendetectsize"": ""5"", ""groundboxsize"": ""3"", ""medianboxsize"": ""7"", ""medianboxsize2"": ""3"", ""greenshades"": ""0.106|0.310|0.737"", ""greenshadeisom"": ""406|408|410"", ""vegesimplify"": ""2.82""}",False,2.944568904512809,1.0098700920444135,0.3125,145.62613337323745,1.1893856177475723,0.637507528573967,0.0,False
22,0.6714626189613706,0.3386156080694012,-0.046835180618800897,"{""zone1"": ""1.26|3.97|99|1"", ""zone2"": ""3.97|4.32|99|0.58"", ""zone3"": ""4.32|7.35|8|0.47"", ""thresold1"": ""0.20|3|0.050"", ""thresold2"": ""3|4|0.050"", ""thresold3"": ""4|7|0.050"", ""thresold4"": ""7|20|0.098"", ""thresold5"": ""20|99|0.098"", ""greenground"": ""0.82"", ""greenhigh"": ""3.42"", ""topweight"": ""0.44"", ""pointvolumefactor"": ""0.16"", ""firstandlastreturnasground"": ""2"", ""firstandlastreturnfactor"": ""0.69"", ""lastreturnfactor"": ""0.54"", ""greendetectsize"": ""5"", ""groundboxsize"": ""1"", ""medianboxsize"": ""1"", ""medianboxsize2"": ""5"", ""greenshades"": ""0.510|1.014|4.614"", ""greenshadeisom"": ""406|408|410"", ""vegesimplify"": ""2.01""}",False,1.3002541346692373,1.0037832008338694,0.3125,175.95994797769163,1.0290724518870311,0.6361961458029258,0.0,False
23,0.6920094060706334,0.33215000999576894,-0.17459066097256992,"{""zone1"": ""1.30|2.42|99|1"", ""zone2"": ""2.42|2.74|99|0.53"", ""zone3"": ""2.74|5.62|8|0.51"", ""thresold1"": ""0.20|3|0.050"", ""thresold2"": ""3|4|0.050"", ""thresold3"": ""4|7|0.050"", ""thresold4"": ""7|20|0.126"", ""thresold5"": ""20|99|0.126"", ""greenground"": ""0.83"", ""greenhigh"": ""3.45"", ""topweight"": ""0.37"", ""pointvolumefactor"": ""0.25"", ""firstandlastreturnasground"": ""1"", ""firstandlastreturnfactor"": ""0.81"", ""lastreturnfactor"": ""0.54"", ""greendetectsize"": ""5"", ""groundboxsize"": ""1"", ""medianboxsize"": ""21"", ""medianboxsize2"": ""5"", ""greenshades"": ""0.182|1.344|5.243"", ""greenshadeisom"": ""406|408|410"", ""vegesimplify"": ""2.04""}",False,1.3929020865755057,0.9126455286734344,0.3125,179.88154069212823,0.8417897958215486,0.6567195072969115,0.0,False
24,0.5601967675414387,0.2175981894023425,-0.20365255303902202,"{""zone1"": ""1.26|3.18|99|1"", ""zone2"": ""3.18|3.62|99|0.56"", ""zone3"": ""3.62|6.54|8|0.58"", ""thresold1"": ""0.20|3|0.045"", ""thresold2"": ""3|4|0.045"", ""thresold3"": ""4|7|0.045"", ""thresold4"": ""7|20|0.138"", ""thresold5"": ""20|99|0.138"", ""greenground"": ""0.81"", ""greenhigh"": ""3.42"", ""topweight"": ""0.36"", ""pointvolumefactor"": ""0.19"", ""firstandlastreturnasground"": ""1"", ""firstandlastreturnfactor"": ""0.83"", ""lastreturnfactor"": ""0.57"", ""greendetectsize"": ""5"", ""groundboxsize"": ""1"", ""medianboxsize"": ""17"", ""medianboxsize2"": ""7"", ""greenshades"": ""0.052|0.562|1.388"", ""greenshadeisom"": ""406|408|410"", ""vegesimplify"": ""1.99""}",False,4.025267214044999,0.8124851647614494,0.3125,149.00108359272173,0.9895769318819354,0.680581825773115,0.0,False
25,0.673991992677888,0.3347129014001943,-0.11277181947785936,"{""zone1"": ""1.18|3.56|99|1"", ""zone2"": ""3.56|5.63|99|0.34"", ""zone3"": ""5.63|8.75|8|0.46"", ""thresold1"": ""0.20|3|0.021"", ""thresold2"": ""3|4|0.021"", ""thresold3"": ""4|7|0.021"", ""thresold4"": ""7|20|0.093"", ""thresold5"": ""20|99|0.093"", ""greenground"": ""0.79"", ""greenhigh"": ""3.00"", ""topweight"": ""0.45"", ""pointvolumefactor"": ""0.28"", ""firstandlastreturnasground"": ""2"", ""firstandlastreturnfactor"": ""0.69"", ""lastreturnfactor"": ""0.43"", ""greendetectsize"": ""5"", ""groundboxsize"": ""1"", ""medianboxsize"": ""1"", ""medianboxsize2"": ""9"", ""greenshades"": ""0.508|1.671|5.011"", ""greenshadeisom"": ""406|408|410"", ""vegesimplify"": ""2.77""}",False,1.4908358034721407,0.9837944727484551,0.3125,187.38520664580594,1.1199081085736393,0.643699924887331,0.0,False
26,0.6027068814814635,0.2162604738472379,-0.3143844195891859,"{""zone1"": ""1.37|2.91|99|1"", ""zone2"": ""2.91|4.98|99|0.13"", ""zone3"": ""4.98|6.91|8|0.48"", ""thresold1"": ""0.20|3|0.054"", ""thresold2"": ""3|4|0.054"", ""thresold3"": ""4|7|0.054"", ""thresold4"": ""7|20|0.387"", ""thresold5"": ""20|99|0.387"", ""greenground"": ""0.91"", ""greenhigh"": ""3.58"", ""topweight"": ""0.30"", ""pointvolumefactor"": ""0.16"", ""firstandlastreturnasground"": ""1"", ""firstandlastreturnfactor"": ""0.83"", ""lastreturnfactor"": ""0.63"", ""greendetectsize"": ""2"", ""groundboxsize"": ""1"", ""medianboxsize"": ""1"", ""medianboxsize2"": ""7"", ""greenshades"": ""0.157|1.124|3.649"", ""greenshadeisom"": ""406|408|410"", ""vegesimplify"": ""1.86""}",False,0.5291984796194178,1.00813429746617,0.38081395348837205,184.1615357669903,0.7392119384066057,0.6333030252038938,0.0,False
27,0.5753085332776602,0.20547286845376583,-0.9351039919945239,"{""zone1"": ""1.18|2.40|99|1"", ""zone2"": ""2.40|3.18|99|0.34"", ""zone3"": ""3.18|3.78|8|0.55"", ""thresold1"": ""0.20|3|0.041"", ""thresold2"": ""3|4|0.041"", ""thresold3"": ""4|7|0.041"", ""thresold4"": ""7|20|0.159"", ""thresold5"": ""20|99|0.159"", ""greenground"": ""0.66"", ""greenhigh"": ""1.76"", ""topweight"": ""0.47"", ""pointvolumefactor"": ""0.15"", ""firstandlastreturnasground"": ""2"", ""firstandlastreturnfactor"": ""0.60"", ""lastreturnfactor"": ""0.43"", ""greendetectsize"": ""5"", ""groundboxsize"": ""1"", ""medianboxsize"": ""15"", ""medianboxsize2"": ""5"", ""greenshades"": ""0.481|1.008|1.971"", ""greenshadeisom"": ""406|408|410"", ""vegesimplify"": ""1.25""}",False,0.34653608690166005,0.9994243640771078,0.3125,112.87711169535302,0.39599919608020767,0.6336422158461448,0.0,False
28,0.6590464721781126,0.27830303360419306,-0.23406660807065205,"{""zone1"": ""1.43|3.16|99|1"", ""zone2"": ""3.16|4.60|99|0.33"", ""zone3"": ""4.60|7.74|8|0.42"", ""thresold1"": ""0.20|3|0.039"", ""thresold2"": ""3|4|0.039"", ""thresold3"": ""4|7|0.039"", ""thresold4"": ""7|20|0.179"", ""thresold5"": ""20|99|0.179"", ""greenground"": ""0.97"", ""greenhigh"": ""2.97"", ""topweight"": ""0.30"", ""pointvolumefactor"": ""0.29"", ""firstandlastreturnasground"": ""1"", ""firstandlastreturnfactor"": ""0.75"", ""lastreturnfactor"": ""0.91"", ""greendetectsize"": ""2"", ""groundboxsize"": ""1"", ""medianboxsize"": ""1"", ""medianboxsize2"": ""9"", ""greenshades"": ""0.052|1.655|5.185"", ""greenshadeisom"": ""406|408|410"", ""vegesimplify"": ""2.65""}",False,1.3748315177167432,1.0179590954489215,0.38081395348837205,222.61809460756885,1.288534987201173,0.6358458145355952,0.0,False
29,0.5446631357718983,0.11308307950396862,-0.24910349832450857,"{""zone1"": ""0.52|2.82|99|1"", ""zone2"": ""2.82|3.35|99|0.56"", ""zone3"": ""3.35|6.22|8|0.02"", ""thresold1"": ""0.20|3|0.063"", ""thresold2"": ""3|4|0.063"", ""thresold3"": ""4|7|0.063"", ""thresold4"": ""7|20|0.084"", ""thresold5"": ""20|99|0.084"", ""greenground"": ""0.67"", ""greenhigh"": ""2.69"", ""topweight"": ""0.30"", ""pointvolumefactor"": ""0.20"", ""firstandlastreturnasground"": ""1"", ""firstandlastreturnfactor"": ""0.88"", ""lastreturnfactor"": ""0.67"", ""greendetectsize"": ""5"", ""groundboxsize"": ""1"", ""medianboxsize"": ""5"", ""medianboxsize2"": ""7"", ""greenshades"": ""0.066|2.275|4.676"", ""greenshadeisom"": ""406|408|410"", ""vegesimplify"": ""3.18""}",False,4.330313012152566,0.8088478796072374,0.3125,146.42441283589682,1.0960951768530902,0.6890635764295863,0.0,False
30,0.5586385245590648,0.22209449161832578,-0.19562699358185145,"{""zone1"": ""1.19|3.50|99|1"", ""zone2"": ""3.50|5.51|99|0.15"", ""zone3"": ""5.51|7.49|8|0.09"", ""thresold1"": ""0.20|3|0.058"", ""thresold2"": ""3|4|0.058"", ""thresold3"": ""4|7|0.058"", ""thresold4"": ""7|20|0.044"", ""thresold5"": ""20|99|0.044"", ""greenground"": ""0.73"", ""greenhigh"": ""3.54"", ""topweight"": ""0.47"", ""pointvolumefactor"": ""0.29"", ""firstandlastreturnasground"": ""2"", ""firstandlastreturnfactor"": ""0.47"", ""lastreturnfactor"": ""0.52"", ""greendetectsize"": ""5"", ""groundboxsize"": ""1"", ""medianboxsize"": ""21"", ""medianboxsize2"": ""5"", ""greenshades"": ""0.142|1.010|2.826"", ""greenshadeisom"": ""406|408|410"", ""vegesimplify"": ""2.27""}",False,3.8486371253561313,0.9362638017885994,0.3125,141.79356855470124,0.9842086936688056,0.6451364188776103,0.0,False
31,0.6626465538884698,0.31940206294369405,-0.17308113186725316,"{""zone1"": ""1.08|2.25|99|1"", ""zone2"": ""2.25|4.51|99|0.39"", ""zone3"": ""4.51|7.70|8|0.41"", ""thresold1"": ""0.20|3|0.107"", ""thresold2"": ""3|4|0.107"", ""thresold3"": ""4|7|0.107"", ""thresold4"": ""7|20|0.050"", ""thresold5"": ""20|99|0.050"", ""greenground"": ""0.95"", ""greenhigh"": ""3.69"", ""topweight"": ""0.42"", ""pointvolumefactor"": ""0.22"", ""firstandlastreturnasground"": ""1"", ""firstandlastreturnfactor"": ""0.67"", ""lastreturnfactor"": ""0.38"", ""greendetectsize"": ""2"", ""groundboxsize"": ""1"", ""medianboxsize"": ""5"", ""medianboxsize2"": ""7"", ""greenshades"": ""0.232|0.662|2.980"", ""greenshadeisom"": ""406|408|410"", ""vegesimplify"": ""1.30""}",False,1.2332662577194142,1.017118288595414,0.38081395348837205,197.75414111787376,1.1299048244049332,0.6336108278366646,0.0,False
32,0.648985393711422,0.3146463523901274,-0.5108920402633068,"{""zone1"": ""0.89|3.11|99|1"", ""zone2"": ""3.11|4.00|99|0.51"", ""zone3"": ""4.00|6.79|8|0.59"", ""thresold1"": ""0.20|3|0.036"", ""thresold2"": ""3|4|0.036"", ""thresold3"": ""4|7|0.036"", ""thresold4"": ""7|20|0.080"", ""thresold5"": ""20|99|0.080"", ""greenground"": ""0.40"", ""greenhigh"": ""1.79"", ""topweight"": ""0.33"", ""pointvolumefactor"": ""0.42"", ""firstandlastreturnasground"": ""4"", ""firstandlastreturnfactor"": ""0.97"", ""lastreturnfactor"": ""0.11"", ""greendetectsize"": ""5"", ""groundboxsize"": ""1"", ""medianboxsize"": ""17"", ""medianboxsize2"": ""7"", ""greenshades"": ""0.652|2.232|3.297"", ""greenshadeisom"": ""406|408|410"", ""vegesimplify"": ""0.58""}",False,0.8151816686553222,1.0057233920321438,0.3125,130.65690764815218,0.6040781368480592,0.6329407178410666,0.0,False
33,0.6948997200867566,0.3327866223627752,-0.14012138384465359,"{""zone1"": ""1.30|2.48|99|1"", ""zone2"": ""2.48|2.81|99|0.59"", ""zone3"": ""2.81|5.76|8|0.50"", ""thresold1"": ""0.20|3|0.048"", ""thresold2"": ""3|4|0.048"", ""thresold3"": ""4|7|0.048"", ""thresold4"": ""7|20|0.118"", ""thresold5"": ""20|99|0.118"", ""greenground"": ""0.82"", ""greenhigh"": ""3.29"", ""topweight"": ""0.37"", ""pointvolumefactor"": ""0.25"", ""firstandlastreturnasground"": ""1"", ""firstandlastreturnfactor"": ""0.81"", ""lastreturnfactor"": ""0.54"", ""greendetectsize"": ""5"", ""groundboxsize"": ""1"", ""medianboxsize"": ""21"", ""medianboxsize2"": ""5"", ""greenshades"": ""0.190|1.455|4.925"", ""greenshadeisom"": ""406|408|410"", ""vegesimplify"": ""1.91""}",False,1.513490241568138,0.9117737613220822,0.3125,183.59715577521993,0.8711326928034052,0.6572723422600211,0.0,True
34,0.6406269393792967,0.30827261468273276,-0.549444174978782,"{""zone1"": ""1.44|2.61|99|1"", ""zone2"": ""2.61|3.14|99|0.61"", ""zone3"": ""3.14|6.32|8|0.49"", ""thresold1"": ""0.20|3|0.061"", ""thresold2"": ""3|4|0.061"", ""thresold3"": ""4|7|0.061"", ""thresold4"": ""7|20|0.099"", ""thresold5"": ""20|99|0.099"", ""greenground"": ""0.91"", ""greenhigh"": ""3.15"", ""topweight"": ""0.50"", ""pointvolumefactor"": ""0.30"", ""firstandlastreturnasground"": ""1"", ""firstandlastreturnfactor"": ""0.79"", ""lastreturnfactor"": ""0.61"", ""greendetectsize"": ""5"", ""groundboxsize"": ""1"", ""medianboxsize"": ""19"", ""medianboxsize2"": ""5"", ""greenshades"": ""0.437|1.336|4.458"", ""greenshadeisom"": ""406|408|410"", ""vegesimplify"": ""1.89""}",False,0.7315037703283753,0.997680829374403,0.3125,128.89888503943874,0.5782490680324591,0.6350931749495328,0.0,False
35,0.636833964346196,0.25839445469715466,-0.3452201878872189,"{""zone1"": ""1.35|2.25|99|1"", ""zone2"": ""2.25|2.90|99|0.46"", ""zone3"": ""2.90|5.06|8|0.36"", ""thresold1"": ""0.20|3|0.048"", ""thresold2"": ""3|4|0.048"", ""thresold3"": ""4|7|0.048"", ""thresold4"": ""7|20|0.176"", ""thresold5"": ""20|99|0.176"", ""greenground"": ""0.59"", ""greenhigh"": ""3.71"", ""topweight"": ""0.41"", ""pointvolumefactor"": ""0.25"", ""firstandlastreturnasground"": ""1"", ""firstandlastreturnfactor"": ""0.86"", ""lastreturnfactor"": ""0.89"", ""greendetectsize"": ""5"", ""groundboxsize"": ""1"", ""medianboxsize"": ""15"", ""medianboxsize2"": ""3"", ""greenshades"": ""0.238|1.612|3.564"", ""greenshadeisom"": ""406|408|410"", ""vegesimplify"": ""1.77""}",False,0.7780697424045537,0.9485614262010666,0.3125,161.80937040071782,0.7083159558142959,0.6470667212663548,0.0,False
36,0.6820231277547391,0.2856457296629091,-0.20085732252988103,"{""zone1"": ""1.24|2.80|99|1"", ""zone2"": ""2.80|3.15|99|0.86"", ""zone3"": ""3.15|5.79|8|0.55"", ""thresold1"": ""0.20|3|0.036"", ""thresold2"": ""3|4|0.036"", ""thresold3"": ""4|7|0.036"", ""thresold4"": ""7|20|0.217"", ""thresold5"": ""20|99|0.217"", ""greenground"": ""1.03"", ""greenhigh"": ""3.25"", ""topweight"": ""0.24"", ""pointvolumefactor"": ""0.37"", ""firstandlastreturnasground"": ""1"", ""firstandlastreturnfactor"": ""0.70"", ""lastreturnfactor"": ""0.39"", ""greendetectsize"": ""5"", ""groundboxsize"": ""1"", ""medianboxsize"": ""9"", ""medianboxsize2"": ""9"", ""greenshades"": ""0.074|0.808|4.786"", ""greenshadeisom"": ""406|408|410"", ""vegesimplify"": ""2.17""}",False,2.399863044731096,0.8649569018403149,0.3125,186.00217850592406,1.2242981625013831,0.6678952491659815,0.0,False
37,0.5221644783462269,0.05945006383582052,-2.1832281358877226,"{""zone1"": ""1.06|2.39|99|1"", ""zone2"": ""2.39|3.33|99|0.62"", ""zone3"": ""3.33|6.38|8|0.46"", ""thresold1"": ""0.20|3|0.084"", ""thresold2"": ""3|4|0.084"", ""thresold3"": ""4|7|0.084"", ""thresold4"": ""7|20|0.146"", ""thresold5"": ""20|99|0.146"", ""greenground"": ""0.74"", ""greenhigh"": ""3.77"", ""topweight"": ""0.34"", ""pointvolumefactor"": ""0.41"", ""firstandlastreturnasground"": ""2"", ""firstandlastreturnfactor"": ""0.64"", ""lastreturnfactor"": ""0.80"", ""greendetectsize"": ""2"", ""groundboxsize"": ""1"", ""medianboxsize"": ""19"", ""medianboxsize2"": ""5"", ""greenshades"": ""0.996|2.911|5.733"", ""greenshadeisom"": ""406|408|410"", ""vegesimplify"": ""1.38""}",False,0.07956872372595074,1.0015921722687968,0.38081395348837205,57.890243198006644,0.11969518510469734,0.6327662461721472,0.0,False
38,0.5987055807493314,0.2376417612780647,-0.3595445477368724,"{""zone1"": ""1.38|3.24|99|1"", ""zone2"": ""3.24|3.85|99|0.40"", ""zone3"": ""3.85|7.52|8|0.53"", ""thresold1"": ""0.20|3|0.129"", ""thresold2"": ""3|4|0.129"", ""thresold3"": ""4|7|0.129"", ""thresold4"": ""7|20|0.078"", ""thresold5"": ""20|99|0.078"", ""greenground"": ""0.86"", ""greenhigh"": ""2.82"", ""topweight"": ""0.27"", ""pointvolumefactor"": ""0.32"", ""firstandlastreturnasground"": ""1"", ""firstandlastreturnfactor"": ""0.93"", ""lastreturnfactor"": ""0.26"", ""greendetectsize"": ""5"", ""groundboxsize"": ""1"", ""medianboxsize"": ""1"", ""medianboxsize2"": ""7"", ""greenshades"": ""0.132|0.727|2.532"", ""greenshadeisom"": ""406|408|410"", ""vegesimplify"": ""2.51""}",False,3.3630780844267245,0.9567774249809937,0.3125,171.93799763621666,1.4393653102961335,0.644187129058536,0.0,False
39,0.633382174864966,0.32260213062196896,-0.39228810014308585,"{""zone1"": ""1.49|2.95|99|1"", ""zone2"": ""2.95|4.85|99|0.70"", ""zone3"": ""4.85|7.51|8|0.26"", ""thresold1"": ""0.20|3|0.067"", ""thresold2"": ""3|4|0.067"", ""thresold3"": ""4|7|0.067"", ""thresold4"": ""7|20|0.111"", ""thresold5"": ""20|99|0.111"", ""greenground"": ""0.59"", ""greenhigh"": ""3.33"", ""topweight"": ""0.53"", ""pointvolumefactor"": ""0.15"", ""firstandlastreturnasground"": ""2"", ""firstandlastreturnfactor"": ""0.78"", ""lastreturnfactor"": ""0.02"", ""greendetectsize"": ""2"", ""groundboxsize"": ""1"", ""medianboxsize"": ""13"", ""medianboxsize2"": ""7"", ""greenshades"": ""0.435|0.868|3.448"", ""greenshadeisom"": ""406|408|410"", ""vegesimplify"": ""1.50""}",False,0.734308696880947,1.007686803603802,0.38081395348837205,145.34394337735225,0.683227832018487,0.6352143334113831,0.0,False
40,0.6638157293083937,0.30002393370106495,-0.14655736876862918,"{""zone1"": ""1.16|2.06|99|1"", ""zone2"": ""2.06|2.50|99|0.49"", ""zone3"": ""2.50|5.83|8|0.37"", ""thresold1"": ""0.20|3|0.021"", ""thresold2"": ""3|4|0.021"", ""thresold3"": ""4|7|0.021"", ""thresold4"": ""7|20|0.129"", ""thresold5"": ""20|99|0.129"", ""greenground"": ""0.74"", ""greenhigh"": ""2.41"", ""topweight"": ""0.62"", ""pointvolumefactor"": ""0.22"", ""firstandlastreturnasground"": ""1"", ""firstandlastreturnfactor"": ""0.73"", ""lastreturnfactor"": ""0.35"", ""greendetectsize"": ""5"", ""groundboxsize"": ""3"", ""medianboxsize"": ""5"", ""medianboxsize2"": ""9"", ""greenshades"": ""0.196|1.219|3.279"", ""greenshadeisom"": ""406|408|410"", ""vegesimplify"": ""1.68""}",False,1.0763910810832749,0.9067862544563049,0.3125,181.6052336956175,0.8637012691287445,0.6590099918510067,0.0,False
41,0.5320394061573781,0.088504628554465,-1.6371429079506277,"{""zone1"": ""1.23|2.57|99|1"", ""zone2"": ""2.57|4.16|99|0.42"", ""zone3"": ""4.16|8.15|8|0.43"", ""thresold1"": ""0.20|3|0.041"", ""thresold2"": ""3|4|0.041"", ""thresold3"": ""4|7|0.041"", ""thresold4"": ""7|20|0.257"", ""thresold5"": ""20|99|0.257"", ""greenground"": ""1.01"", ""greenhigh"": ""3.02"", ""topweight"": ""0.39"", ""pointvolumefactor"": ""0.26"", ""firstandlastreturnasground"": ""1"", ""firstandlastreturnfactor"": ""0.51"", ""lastreturnfactor"": ""0.70"", ""greendetectsize"": ""4"", ""groundboxsize"": ""1"", ""medianboxsize"": ""11"", ""medianboxsize2"": ""5"", ""greenshades"": ""0.684|1.499|4.991"", ""greenshadeisom"": ""406|408|410"", ""vegesimplify"": ""2.98""}",False,0.15342701782115675,0.9937307858577034,0.4375,72.48069787721431,0.20291008472741057,0.6352548120470268,0.0,False
42,0.6818724734598688,0.31625556290506995,-0.0661040642136361,"{""zone1"": ""0.64|3.83|99|1"", ""zone2"": ""3.83|5.26|99|0.26"", ""zone3"": ""5.26|7.57|8|0.29"", ""thresold1"": ""0.20|3|0.030"", ""thresold2"": ""3|4|0.030"", ""thresold3"": ""4|7|0.030"", ""thresold4"": ""7|20|0.098"", ""thresold5"": ""20|99|0.098"", ""greenground"": ""0.86"", ""greenhigh"": ""2.16"", ""topweight"": ""0.34"", ""pointvolumefactor"": ""0.20"", ""firstandlastreturnasground"": ""4"", ""firstandlastreturnfactor"": ""1.00"", ""lastreturnfactor"": ""0.50"", ""greendetectsize"": ""5"", ""groundboxsize"": ""1"", ""medianboxsize"": ""17"", ""medianboxsize2"": ""3"", ""greenshades"": ""0.291|1.682|3.308"", ""greenshadeisom"": ""406|408|410"", ""vegesimplify"": ""3.39""}",False,2.3798540717996852,0.9565962487343463,0.3125,152.01122368610044,1.0047445598090485,0.6473976270744924,0.0,False
43,0.6849339926037041,0.3182118020075483,-0.07292249839464725,"{""zone1"": ""0.62|3.80|99|1"", ""zone2"": ""3.80|5.51|99|0.25"", ""zone3"": ""5.51|7.81|8|0.28"", ""thresold1"": ""0.20|3|0.029"", ""thresold2"": ""3|4|0.029"", ""thresold3"": ""4|7|0.029"", ""thresold4"": ""7|20|0.105"", ""thresold5"": ""20|99|0.105"", ""greenground"": ""0.79"", ""greenhigh"": ""2.15"", ""topweight"": ""0.34"", ""pointvolumefactor"": ""0.21"", ""firstandlastreturnasground"": ""4"", ""firstandlastreturnfactor"": ""1.00"", ""lastreturnfactor"": ""0.49"", ""greendetectsize"": ""5"", ""groundboxsize"": ""1"", ""medianboxsize"": ""17"", ""medianboxsize2"": ""3"", ""greenshades"": ""0.294|1.750|3.294"", ""greenshadeisom"": ""406|408|410"", ""vegesimplify"": ""3.73""}",False,2.3010599275229175,0.9539886868047505,0.3125,153.0675478821469,0.9921405462460321,0.6492447129909366,0.0,False
44,0.6841339081677379,0.27374068730668333,-0.07384242397082948,"{""zone1"": ""0.62|3.81|99|1"", ""zone2"": ""3.81|5.22|99|0.11"", ""zone3"": ""5.22|7.49|8|0.30"", ""thresold1"": ""0.20|3|0.028"", ""thresold2"": ""3|4|0.028"", ""thresold3"": ""4|7|0.028"", ""thresold4"": ""7|20|0.099"", ""thresold5"": ""20|99|0.099"", ""greenground"": ""0.87"", ""greenhigh"": ""1.74"", ""topweight"": ""0.44"", ""pointvolumefactor"": ""0.20"", ""firstandlastreturnasground"": ""4"", ""firstandlastreturnfactor"": ""0.97"", ""lastreturnfactor"": ""0.51"", ""greendetectsize"": ""5"", ""groundboxsize"": ""1"", ""medianboxsize"": ""17"", ""medianboxsize2"": ""3"", ""greenshades"": ""0.268|2.728|3.925"", ""greenshadeisom"": ""406|408|410"", ""vegesimplify"": ""4.00""}",False,2.2541112776317953,0.9526539453421077,0.3125,159.47678345750796,0.9864514234708953,0.6470113350984095,0.0,False
45,0.692066362869187,0.3430087908161875,-0.13836515178322076,"{""zone1"": ""0.65|3.99|99|1"", ""zone2"": ""3.99|5.51|99|0.23"", ""zone3"": ""5.51|7.26|8|0.28"", ""thresold1"": ""0.20|3|0.024"", ""thresold2"": ""3|4|0.024"", ""thresold3"": ""4|7|0.024"", ""thresold4"": ""7|20|0.113"", ""thresold5"": ""20|99|0.113"", ""greenground"": ""1.07"", ""greenhigh"": ""2.10"", ""topweight"": ""0.32"", ""pointvolumefactor"": ""0.13"", ""firstandlastreturnasground"": ""4"", ""firstandlastreturnfactor"": ""1.00"", ""lastreturnfactor"": ""0.47"", ""greendetectsize"": ""5"", ""groundboxsize"": ""1"", ""medianboxsize"": ""21"", ""medianboxsize2"": ""3"", ""greenshades"": ""0.380|1.714|3.227"", ""greenshadeisom"": ""406|408|410"", ""vegesimplify"": ""3.46""}",False,1.7149253940600078,0.9594159474084343,0.3125,156.8518221756869,0.8726504827252174,0.6464028720462545,0.0,True
46,0.668669022921448,0.3197268217686806,-0.14807693284510504,"{""zone1"": ""0.64|4.00|99|1"", ""zone2"": ""4.00|5.72|99|0.21"", ""zone3"": ""5.72|7.51|8|0.26"", ""thresold1"": ""0.20|3|0.025"", ""thresold2"": ""3|4|0.025"", ""thresold3"": ""4|7|0.025"", ""thresold4"": ""7|20|0.076"", ""thresold5"": ""20|99|0.076"", ""greenground"": ""1.09"", ""greenhigh"": ""2.05"", ""topweight"": ""0.25"", ""pointvolumefactor"": ""0.13"", ""firstandlastreturnasground"": ""4"", ""firstandlastreturnfactor"": ""0.94"", ""lastreturnfactor"": ""0.45"", ""greendetectsize"": ""5"", ""groundboxsize"": ""1"", ""medianboxsize"": ""15"", ""medianboxsize2"": ""3"", ""greenshades"": ""0.395|1.861|3.378"", ""greenshadeisom"": ""406|408|410"", ""vegesimplify"": ""3.45""}",False,2.3248493381356226,0.9683767181642947,0.3125,158.02509610717786,1.1598047022957827,0.6458006082634375,0.0,False
47,0.6009769835489318,0.2539602131150972,-0.10034589375041969,"{""zone1"": ""0.59|3.82|99|1"", ""zone2"": ""3.82|5.10|99|0.30"", ""zone3"": ""5.10|6.24|8|0.30"", ""thresold1"": ""0.20|3|0.031"", ""thresold2"": ""3|4|0.031"", ""thresold3"": ""4|7|0.031"", ""thresold4"": ""7|20|0.057"", ""thresold5"": ""20|99|0.057"", ""greenground"": ""1.19"", ""greenhigh"": ""2.09"", ""topweight"": ""0.32"", ""pointvolumefactor"": ""0.08"", ""firstandlastreturnasground"": ""4"", ""firstandlastreturnfactor"": ""1.00"", ""lastreturnfactor"": ""0.60"", ""greendetectsize"": ""5"", ""groundboxsize"": ""3"", ""medianboxsize"": ""19"", ""medianboxsize2"": ""3"", ""greenshades"": ""0.285|2.038|2.762"", ""greenshadeisom"": ""406|408|410"", ""vegesimplify"": ""3.60""}",False,3.262781225026509,0.9561255344985948,0.3125,138.9207468822191,1.0289450457732485,0.6459081386008372,0.0,False
48,0.6782109013925102,0.3284402833259795,-0.23117888128915723,"{""zone1"": ""0.70|3.65|99|1"", ""zone2"": ""3.65|5.18|99|0.07"", ""zone3"": ""5.18|6.83|8|0.33"", ""thresold1"": ""0.20|3|0.025"", ""thresold2"": ""3|4|0.025"", ""thresold3"": ""4|7|0.025"", ""thresold4"": ""7|20|0.094"", ""thresold5"": ""20|99|0.094"", ""greenground"": ""1.32"", ""greenhigh"": ""2.51"", ""topweight"": ""0.21"", ""pointvolumefactor"": ""0.03"", ""firstandlastreturnasground"": ""4"", ""firstandlastreturnfactor"": ""0.90"", ""lastreturnfactor"": ""0.49"", ""greendetectsize"": ""3"", ""groundboxsize"": ""1"", ""medianboxsize"": ""17"", ""medianboxsize2"": ""3"", ""greenshades"": ""0.369|2.393|4.062"", ""greenshadeisom"": ""406|408|410"", ""vegesimplify"": ""3.34""}",False,1.1936632361437942,0.9950732674448073,0.3125,155.95055389735506,0.7935975894661261,0.6381265080462271,0.0,False
49,0.6607954412589456,0.3446347303299357,-0.23340318148974187,"{""zone1"": ""0.70|3.87|99|1"", ""zone2"": ""3.87|5.57|99|0.23"", ""zone3"": ""5.57|7.16|8|0.25"", ""thresold1"": ""0.20|3|0.022"", ""thresold2"": ""3|4|0.022"", ""thresold3"": ""4|7|0.022"", ""thresold4"": ""7|20|0.110"", ""thresold5"": ""20|99|0.110"", ""greenground"": ""1.04"", ""greenhigh"": ""1.52"", ""topweight"": ""0.27"", ""pointvolumefactor"": ""0.12"", ""firstandlastreturnasground"": ""4"", ""firstandlastreturnfactor"": ""0.93"", ""lastreturnfactor"": ""0.34"", ""greendetectsize"": ""5"", ""groundboxsize"": ""1"", ""medianboxsize"": ""9"", ""medianboxsize2"": ""3"", ""greenshades"": ""0.593|0.849|2.144"", ""greenshadeisom"": ""406|408|410"", ""vegesimplify"": ""3.79""}",False,1.0841261759447218,0.978320771398004,0.3125,154.30948102408615,0.7920142415446413,0.6413052354993218,0.0,False
50,0.689004136908443,0.3666330404167274,-0.0719746054800284,"{""zone1"": ""0.79|3.61|99|1"", ""zone2"": ""3.61|5.51|99|0.19"", ""zone3"": ""5.51|7.76|8|0.28"", ""thresold1"": ""0.20|3|0.032"", ""thresold2"": ""3|4|0.032"", ""thresold3"": ""4|7|0.032"", ""thresold4"": ""7|20|0.073"", ""thresold5"": ""20|99|0.073"", ""greenground"": ""0.48"", ""greenhigh"": ""1.87"", ""topweight"": ""0.33"", ""pointvolumefactor"": ""0.17"", ""firstandlastreturnasground"": ""4"", ""firstandlastreturnfactor"": ""1.00"", ""lastreturnfactor"": ""0.41"", ""greendetectsize"": ""5"", ""groundboxsize"": ""1"", ""medianboxsize"": ""21"", ""medianboxsize2"": ""1"", ""greenshades"": ""0.550|1.938|2.997"", ""greenshadeisom"": ""406|408|410"", ""vegesimplify"": ""3.76""}",False,1.6840213195669675,0.9935418694865947,0.3125,157.76705137379076,0.9324379394018734,0.6386248321528512,0.0,True
51,0.6824559562443502,0.3446304426924995,-0.06535718368387274,"{""zone1"": ""0.80|3.56|99|1"", ""zone2"": ""3.56|5.48|99|0.59"", ""zone3"": ""5.48|8.07|8|0.41"", ""thresold1"": ""0.20|3|0.053"", ""thresold2"": ""3|4|0.053"", ""thresold3"": ""4|7|0.053"", ""thresold4"": ""7|20|0.070"", ""thresold5"": ""20|99|0.070"", ""greenground"": ""0.45"", ""greenhigh"": ""1.59"", ""topweight"": ""0.39"", ""pointvolumefactor"": ""0.18"", ""firstandlastreturnasground"": ""3"", ""firstandlastreturnfactor"": ""0.86"", ""lastreturnfactor"": ""0.57"", ""greendetectsize"": ""5"", ""groundboxsize"": ""1"", ""medianboxsize"": ""21"", ""medianboxsize2"": ""1"", ""greenshades"": ""0.546|1.749|2.657"", ""greenshadeisom"": ""406|408|410"", ""vegesimplify"": ""2.07""}",False,2.2070508350508082,1.0046549681852217,0.3125,163.50891814170902,1.0682347813786903,0.6354256500491477,0.0,False
52,0.6841156273445184,0.3228935804984085,-0.0902528933255978,"{""zone1"": ""0.79|3.41|99|1"", ""zone2"": ""3.41|5.37|99|0.75"", ""zone3"": ""5.37|7.92|8|0.39"", ""thresold1"": ""0.20|3|0.055"", ""thresold2"": ""3|4|0.055"", ""thresold3"": ""4|7|0.055"", ""thresold4"": ""7|20|0.056"", ""thresold5"": ""20|99|0.056"", ""greenground"": ""0.47"", ""greenhigh"": ""1.92"", ""topweight"": ""0.38"", ""pointvolumefactor"": ""0.17"", ""firstandlastreturnasground"": ""3"", ""firstandlastreturnfactor"": ""0.84"", ""lastreturnfactor"": ""0.57"", ""greendetectsize"": ""3"", ""groundboxsize"": ""3"", ""medianboxsize"": ""21"", ""medianboxsize2"": ""1"", ""greenshades"": ""0.560|1.679|2.337"", ""greenshadeisom"": ""406|408|410"", ""vegesimplify"": ""2.41""}",False,2.009776953291317,1.0103253260312426,0.3125,165.10170048998174,1.0944608498836057,0.6354902133708232,0.0,False
53,0.6670985512072619,0.2913684759905457,-0.10844969613783939,"{""zone1"": ""0.78|3.63|99|1"", ""zone2"": ""3.63|5.50|99|0.84"", ""zone3"": ""5.50|8.88|8|0.15"", ""thresold1"": ""0.20|3|0.207"", ""thresold2"": ""3|4|0.207"", ""thresold3"": ""4|7|0.207"", ""thresold4"": ""7|20|0.070"", ""thresold5"": ""20|99|0.070"", ""greenground"": ""0.47"", ""greenhigh"": ""1.61"", ""topweight"": ""0.67"", ""pointvolumefactor"": ""0.04"", ""firstandlastreturnasground"": ""3"", ""firstandlastreturnfactor"": ""0.63"", ""lastreturnfactor"": ""0.29"", ""greendetectsize"": ""5"", ""groundboxsize"": ""1"", ""medianboxsize"": ""3"", ""medianboxsize2"": ""1"", ""greenshades"": ""0.716|1.401|2.269"", ""greenshadeisom"": ""406|408|410"", ""vegesimplify"": ""2.09""}",False,1.62040323586339,1.0079221607216777,0.3125,159.5492192450023,1.115251636081998,0.634597772809977,0.0,False
54,0.6694812470439305,0.21457416762375014,-0.3410595613310556,"{""zone1"": ""0.89|3.47|99|1"", ""zone2"": ""3.47|5.76|99|0.66"", ""zone3"": ""5.76|9.34|8|0.48"", ""thresold1"": ""0.20|3|0.119"", ""thresold2"": ""3|4|0.119"", ""thresold3"": ""4|7|0.119"", ""thresold4"": ""7|20|0.048"", ""thresold5"": ""20|99|0.048"", ""greenground"": ""0.55"", ""greenhigh"": ""3.83"", ""topweight"": ""0.49"", ""pointvolumefactor"": ""0.35"", ""firstandlastreturnasground"": ""2"", ""firstandlastreturnfactor"": ""0.74"", ""lastreturnfactor"": ""0.22"", ""greendetectsize"": ""5"", ""groundboxsize"": ""1"", ""medianboxsize"": ""1"", ""medianboxsize2"": ""1"", ""greenshades"": ""0.807|1.162|1.795"", ""greenshadeisom"": ""406|408|410"", ""vegesimplify"": ""2.38""}",False,1.4586656306472832,1.0144875062924346,0.3125,292.56022791022843,1.408402872827549,0.6358761212274249,0.0,False
55,0.6715477620846372,0.2918746308386892,-0.04081055199296316,"{""zone1"": ""0.95|3.30|99|1"", ""zone2"": ""3.30|4.46|99|0.72"", ""zone3"": ""4.46|7.23|8|0.51"", ""thresold1"": ""0.20|3|0.272"", ""thresold2"": ""3|4|0.272"", ""thresold3"": ""4|7|0.272"", ""thresold4"": ""7|20|0.036"", ""thresold5"": ""20|99|0.036"", ""greenground"": ""1.16"", ""greenhigh"": ""1.61"", ""topweight"": ""0.79"", ""pointvolumefactor"": ""0.10"", ""firstandlastreturnasground"": ""3"", ""firstandlastreturnfactor"": ""0.72"", ""lastreturnfactor"": ""0.41"", ""greendetectsize"": ""5"", ""groundboxsize"": ""1"", ""medianboxsize"": ""21"", ""medianboxsize2"": ""1"", ""greenshades"": ""0.739|1.381|2.406"", ""greenshadeisom"": ""406|408|410"", ""vegesimplify"": ""2.56""}",False,1.9076681668286368,1.0061631457700506,0.3125,151.16843027549086,0.9601024375141984,0.6338694400363123,0.0,False
56,0.6771441870628732,0.30520054583353196,-0.00282387409757551,"{""zone1"": ""0.94|3.31|99|1"", ""zone2"": ""3.31|4.37|99|0.60"", ""zone3"": ""4.37|6.89|8|0.51"", ""thresold1"": ""0.20|3|0.343"", ""thresold2"": ""3|4|0.343"", ""thresold3"": ""4|7|0.343"", ""thresold4"": ""7|20|0.035"", ""thresold5"": ""20|99|0.035"", ""greenground"": ""0.45"", ""greenhigh"": ""1.58"", ""topweight"": ""0.76"", ""pointvolumefactor"": ""0.10"", ""firstandlastreturnasground"": ""3"", ""firstandlastreturnfactor"": ""0.72"", ""lastreturnfactor"": ""0.39"", ""greendetectsize"": ""5"", ""groundboxsize"": ""1"", ""medianboxsize"": ""21"", ""medianboxsize2"": ""1"", ""greenshades"": ""0.748|1.563|2.680"", ""greenshadeisom"": ""406|408|410"", ""vegesimplify"": ""1.91""}",False,1.9745235897333724,1.0057543525299888,0.3125,140.73724435865478,0.9971802139727632,0.6341442131366175,0.0,True
57,0.5991523773424773,0.18235804650613552,-0.0889282420948602,"{""zone1"": ""1.03|3.62|99|1"", ""zone2"": ""3.62|4.68|99|0.58"", ""zone3"": ""4.68|7.18|8|0.54"", ""thresold1"": ""0.20|3|0.392"", ""thresold2"": ""3|4|0.392"", ""thresold3"": ""4|7|0.392"", ""thresold4"": ""7|20|0.029"", ""thresold5"": ""20|99|0.029"", ""greenground"": ""0.53"", ""greenhigh"": ""1.86"", ""topweight"": ""0.52"", ""pointvolumefactor"": ""0.18"", ""firstandlastreturnasground"": ""3"", ""firstandlastreturnfactor"": ""0.88"", ""lastreturnfactor"": ""0.57"", ""greendetectsize"": ""5"", ""groundboxsize"": ""1"", ""medianboxsize"": ""19"", ""medianboxsize2"": ""1"", ""greenshades"": ""0.529|1.334|1.889"", ""greenshadeisom"": ""406|408|410"", ""vegesimplify"": ""1.74""}",False,3.175648674315796,1.0037986810827917,0.3125,144.9791332512467,1.0952563695878883,0.6349770051208454,0.0,False
58,0.5821155769661844,0.18098197600592586,-0.0932638873967701,"{""zone1"": ""1.12|3.72|99|1"", ""zone2"": ""3.72|5.83|99|0.52"", ""zone3"": ""5.83|8.84|8|0.57"", ""thresold1"": ""0.20|3|0.097"", ""thresold2"": ""3|4|0.097"", ""thresold3"": ""4|7|0.097"", ""thresold4"": ""7|20|0.021"", ""thresold5"": ""20|99|0.021"", ""greenground"": ""0.43"", ""greenhigh"": ""1.35"", ""topweight"": ""0.79"", ""pointvolumefactor"": ""0.06"", ""firstandlastreturnasground"": ""3"", ""firstandlastreturnfactor"": ""0.80"", ""lastreturnfactor"": ""0.63"", ""greendetectsize"": ""4"", ""groundboxsize"": ""1"", ""medianboxsize"": ""21"", ""medianboxsize2"": ""1"", ""greenshades"": ""0.628|1.876|3.019"", ""greenshadeisom"": ""406|408|410"", ""vegesimplify"": ""1.14""}",False,3.297864427566085,1.0055422157854965,0.4375,137.10424940578343,1.027106228799015,0.6346094426017121,0.0,False
59,0.617217568048328,0.30163772140501754,-0.7075653317218782,"{""zone1"": ""1.32|3.04|99|1"", ""zone2"": ""3.04|3.69|99|0.61"", ""zone3"": ""3.69|6.39|8|0.50"", ""thresold1"": ""0.20|3|0.152"", ""thresold2"": ""3|4|0.152"", ""thresold3"": ""4|7|0.152"", ""thresold4"": ""7|20|0.062"", ""thresold5"": ""20|99|0.062"", ""greenground"": ""0.56"", ""greenhigh"": ""1.48"", ""topweight"": ""0.90"", ""pointvolumefactor"": ""0.16"", ""firstandlastreturnasground"": ""2"", ""firstandlastreturnfactor"": ""0.77"", ""lastreturnfactor"": ""0.72"", ""greendetectsize"": ""5"", ""groundboxsize"": ""1"", ""medianboxsize"": ""19"", ""medianboxsize2"": ""1"", ""greenshades"": ""0.950|1.975|2.795"", ""greenshadeisom"": ""406|408|410"", ""vegesimplify"": ""1.94""}",False,0.562040663022889,1.0009325416619366,0.3125,116.99186650977441,0.4930246051292159,0.6324893543795197,0.0,False
60,0.6854449853973639,0.34454812537919566,-0.11691856931805389,"{""zone1"": ""0.94|3.32|99|1"", ""zone2"": ""3.32|3.72|99|0.66"", ""zone3"": ""3.72|5.82|8|0.45"", ""thresold1"": ""0.20|3|0.050"", ""thresold2"": ""3|4|0.050"", ""thresold3"": ""4|7|0.050"", ""thresold4"": ""7|20|0.086"", ""thresold5"": ""20|99|0.086"", ""greenground"": ""0.64"", ""greenhigh"": ""1.62"", ""topweight"": ""0.56"", ""pointvolumefactor"": ""0.11"", ""firstandlastreturnasground"": ""2"", ""firstandlastreturnfactor"": ""0.60"", ""lastreturnfactor"": ""0.77"", ""greendetectsize"": ""5"", ""groundboxsize"": ""3"", ""medianboxsize"": ""21"", ""medianboxsize2"": ""1"", ""greenshades"": ""0.462|2.288|3.193"", ""greenshadeisom"": ""406|408|410"", ""vegesimplify"": ""1.87""}",False,1.3773935995548952,0.9955207613071753,0.3125,178.53284215747053,0.8901484819009211,0.6358668520205448,0.0,False
61,0.6713623264413706,0.2719071506418969,-0.08010301863552097,"{""zone1"": ""0.83|3.42|99|1"", ""zone2"": ""3.42|5.92|99|0.47"", ""zone3"": ""5.92|8.33|8|0.56"", ""thresold1"": ""0.20|3|0.071"", ""thresold2"": ""3|4|0.071"", ""thresold3"": ""4|7|0.071"", ""thresold4"": ""7|20|0.041"", ""thresold5"": ""20|99|0.041"", ""greenground"": ""0.49"", ""greenhigh"": ""3.55"", ""topweight"": ""0.41"", ""pointvolumefactor"": ""0.27"", ""firstandlastreturnasground"": ""3"", ""firstandlastreturnfactor"": ""0.86"", ""lastreturnfactor"": ""0.55"", ""greendetectsize"": ""5"", ""groundboxsize"": ""1"", ""medianboxsize"": ""19"", ""medianboxsize2"": ""1"", ""greenshades"": ""0.746|1.859|2.076"", ""greenshadeisom"": ""406|408|410"", ""vegesimplify"": ""2.12""}",False,2.406221355429177,1.007065873619248,0.3125,142.4711217048701,1.0842482020245012,0.6348043445021272,0.0,False
62,0.6651752445821915,0.35820579055812396,-0.32215393913580403,"{""zone1"": ""1.13|3.54|99|1"", ""zone2"": ""3.54|5.32|99|0.59"", ""zone3"": ""5.32|8.63|8|0.43"", ""thresold1"": ""0.20|3|0.079"", ""thresold2"": ""3|4|0.079"", ""thresold3"": ""4|7|0.079"", ""thresold4"": ""7|20|0.072"", ""thresold5"": ""20|99|0.072"", ""greenground"": ""0.63"", ""greenhigh"": ""3.36"", ""topweight"": ""0.45"", ""pointvolumefactor"": ""0.32"", ""firstandlastreturnasground"": ""2"", ""firstandlastreturnfactor"": ""0.65"", ""lastreturnfactor"": ""0.84"", ""greendetectsize"": ""3"", ""groundboxsize"": ""1"", ""medianboxsize"": ""21"", ""medianboxsize2"": ""5"", ""greenshades"": ""0.803|2.094|3.452"", ""greenshadeisom"": ""406|408|410"", ""vegesimplify"": ""1.48""}",False,0.9918520469868733,1.0072547899903563,0.3125,151.8840896079299,0.7247778228911843,0.6341793559455688,0.0,False
63,0.5687418471112631,0.15391279265749697,-1.1698828840130897,"{""zone1"": ""0.73|1.81|99|1"", ""zone2"": ""1.81|3.74|99|0.18"", ""zone3"": ""3.74|6.28|8|0.60"", ""thresold1"": ""0.20|3|0.044"", ""thresold2"": ""3|4|0.044"", ""thresold3"": ""4|7|0.044"", ""thresold4"": ""7|20|0.124"", ""thresold5"": ""20|99|0.124"", ""greenground"": ""0.45"", ""greenhigh"": ""1.86"", ""topweight"": ""0.99"", ""pointvolumefactor"": ""0.10"", ""firstandlastreturnasground"": ""4"", ""firstandlastreturnfactor"": ""0.94"", ""lastreturnfactor"": ""0.46"", ""greendetectsize"": ""5"", ""groundboxsize"": ""1"", ""medianboxsize"": ""21"", ""medianboxsize2"": ""1"", ""greenshades"": ""0.397|1.997|3.087"", ""greenshadeisom"": ""406|408|410"", ""vegesimplify"": ""2.22""}",False,0.2908287933694759,0.9983094994834184,0.3125,97.47819321075995,0.31744682842888816,0.6341587387337981,0.0,False
64,0.6741157247969101,0.3435265955508597,-0.23949836804421465,"{""zone1"": ""0.69|3.94|99|1"", ""zone2"": ""3.94|5.44|99|0.37"", ""zone3"": ""5.44|7.37|8|0.47"", ""thresold1"": ""0.20|3|0.035"", ""thresold2"": ""3|4|0.035"", ""thresold3"": ""4|7|0.035"", ""thresold4"": ""7|20|0.126"", ""thresold5"": ""20|99|0.126"", ""greenground"": ""0.51"", ""greenhigh"": ""1.96"", ""topweight"": ""0.37"", ""pointvolumefactor"": ""0.13"", ""firstandlastreturnasground"": ""4"", ""firstandlastreturnfactor"": ""0.89"", ""lastreturnfactor"": ""0.66"", ""greendetectsize"": ""5"", ""groundboxsize"": ""1"", ""medianboxsize"": ""21"", ""medianboxsize2"": ""1"", ""greenshades"": ""0.523|1.787|2.741"", ""greenshadeisom"": ""406|408|410"", ""vegesimplify"": ""3.97""}",False,1.2109418847730977,0.9922148681484132,0.3125,152.50316789037652,0.7886229876550541,0.6381928542134936,0.0,False
65,0.6962024502992834,0.38217268632586854,-0.14468135153639006,"{""zone1"": ""0.76|3.97|99|1"", ""zone2"": ""3.97|5.61|99|0.53"", ""zone3"": ""5.61|6.88|8|0.41"", ""thresold1"": ""0.20|3|0.039"", ""thresold2"": ""3|4|0.039"", ""thresold3"": ""4|7|0.039"", ""thresold4"": ""7|20|0.088"", ""thresold5"": ""20|99|0.088"", ""greenground"": ""0.44"", ""greenhigh"": ""3.88"", ""topweight"": ""0.31"", ""pointvolumefactor"": ""0.14"", ""firstandlastreturnasground"": ""3"", ""firstandlastreturnfactor"": ""0.83"", ""lastreturnfactor"": ""0.39"", ""greendetectsize"": ""5"", ""groundboxsize"": ""1"", ""medianboxsize"": ""19"", ""medianboxsize2"": ""5"", ""greenshades"": ""0.645|1.641|3.056"", ""greenshadeisom"": ""406|408|410"", ""vegesimplify"": ""1.64""}",False,1.659275361998012,0.9992277075815379,0.3125,158.22466597284267,0.866928048857661,0.6370362509105965,0.0,True
66,0.6939853862620642,0.3812196963967752,-0.16649239962807658,"{""zone1"": ""0.83|3.72|99|1"", ""zone2"": ""3.72|5.35|99|0.55"", ""zone3"": ""5.35|6.55|8|0.41"", ""thresold1"": ""0.20|3|0.051"", ""thresold2"": ""3|4|0.051"", ""thresold3"": ""4|7|0.051"", ""thresold4"": ""7|20|0.088"", ""thresold5"": ""20|99|0.088"", ""greenground"": ""0.43"", ""greenhigh"": ""3.84"", ""topweight"": ""0.28"", ""pointvolumefactor"": ""0.14"", ""firstandlastreturnasground"": ""3"", ""firstandlastreturnfactor"": ""0.81"", ""lastreturnfactor"": ""0.34"", ""greendetectsize"": ""5"", ""groundboxsize"": ""1"", ""medianboxsize"": ""19"", ""medianboxsize2"": ""5"", ""greenshades"": ""0.624|1.661|2.421"", ""greenshadeisom"": ""406|408|410"", ""vegesimplify"": ""1.62""}",False,1.5775994752015772,1.0033666674693462,0.3125,160.32335344516358,0.8480919773998563,0.6354269141531322,0.0,False
67,0.6553110791530667,0.2742244387660137,-0.07259314651179706,"{""zone1"": ""0.76|3.90|99|1"", ""zone2"": ""3.90|5.69|99|0.49"", ""zone3"": ""5.69|8.51|8|0.44"", ""thresold1"": ""0.20|3|0.038"", ""thresold2"": ""3|4|0.038"", ""thresold3"": ""4|7|0.038"", ""thresold4"": ""7|20|0.050"", ""thresold5"": ""20|99|0.050"", ""greenground"": ""0.40"", ""greenhigh"": ""3.61"", ""topweight"": ""0.30"", ""pointvolumefactor"": ""0.18"", ""firstandlastreturnasground"": ""3"", ""firstandlastreturnfactor"": ""0.76"", ""lastreturnfactor"": ""0.39"", ""greendetectsize"": ""5"", ""groundboxsize"": ""1"", ""medianboxsize"": ""19"", ""medianboxsize2"": ""5"", ""greenshades"": ""0.584|1.339|2.507"", ""greenshadeisom"": ""406|408|410"", ""vegesimplify"": ""2.02""}",False,2.722585591508773,0.9929209395020405,0.3125,147.77951913623454,1.0313217597826334,0.6368760743454362,0.0,False
68,0.6882998935236019,0.3150041556790537,-0.216564965537064,"{""zone1"": ""0.88|3.59|99|1"", ""zone2"": ""3.59|5.74|99|0.65"", ""zone3"": ""5.74|6.42|8|0.53"", ""thresold1"": ""0.20|3|0.043"", ""thresold2"": ""3|4|0.043"", ""thresold3"": ""4|7|0.043"", ""thresold4"": ""7|20|0.063"", ""thresold5"": ""20|99|0.063"", ""greenground"": ""0.69"", ""greenhigh"": ""3.48"", ""topweight"": ""0.38"", ""pointvolumefactor"": ""0.24"", ""firstandlastreturnasground"": ""3"", ""firstandlastreturnfactor"": ""0.69"", ""lastreturnfactor"": ""0.96"", ""greendetectsize"": ""5"", ""groundboxsize"": ""1"", ""medianboxsize"": ""21"", ""medianboxsize2"": ""5"", ""greenshades"": ""0.881|1.456|1.739"", ""greenshadeisom"": ""406|408|410"", ""vegesimplify"": ""1.78""}",False,1.4999852418891266,1.0057466124055274,0.3125,142.2270378912551,0.8061674930490245,0.6352538194643458,0.0,False
69,0.6748756215992665,0.36018930338256966,-0.457056888229757,"{""zone1"": ""1.40|3.47|99|1"", ""zone2"": ""3.47|5.12|99|0.43"", ""zone3"": ""5.12|8.08|8|0.49"", ""thresold1"": ""0.20|3|0.033"", ""thresold2"": ""3|4|0.033"", ""thresold3"": ""4|7|0.033"", ""thresold4"": ""7|20|0.079"", ""thresold5"": ""20|99|0.079"", ""greenground"": ""0.61"", ""greenhigh"": ""3.98"", ""topweight"": ""0.67"", ""pointvolumefactor"": ""0.18"", ""firstandlastreturnasground"": ""3"", ""firstandlastreturnfactor"": ""0.19"", ""lastreturnfactor"": ""0.42"", ""greendetectsize"": ""4"", ""groundboxsize"": ""1"", ""medianboxsize"": ""21"", ""medianboxsize2"": ""7"", ""greenshades"": ""0.472|1.380|2.377"", ""greenshadeisom"": ""406|408|410"", ""vegesimplify"": ""2.32""}",False,1.0189972306404946,1.0002729110550765,0.4375,125.3383258740617,0.6331451736714462,0.6352064493964609,0.0,False
70,0.5652883617532453,0.09035712203080548,-0.16516173239626364,"{""zone1"": ""1.25|3.26|99|1"", ""zone2"": ""3.26|5.29|99|0.59"", ""zone3"": ""5.29|6.16|8|0.39"", ""thresold1"": ""0.20|3|0.060"", ""thresold2"": ""3|4|0.060"", ""thresold3"": ""4|7|0.060"", ""thresold4"": ""7|20|0.033"", ""thresold5"": ""20|99|0.033"", ""greenground"": ""0.53"", ""greenhigh"": ""3.68"", ""topweight"": ""0.42"", ""pointvolumefactor"": ""0.21"", ""firstandlastreturnasground"": ""2"", ""firstandlastreturnfactor"": ""0.84"", ""lastreturnfactor"": ""0.31"", ""greendetectsize"": ""5"", ""groundboxsize"": ""1"", ""medianboxsize"": ""7"", ""medianboxsize2"": ""5"", ""greenshades"": ""0.342|0.442|1.837"", ""greenshadeisom"": ""406|408|410"", ""vegesimplify"": ""1.11""}",False,3.6914307767119965,0.9981360633612322,0.3125,153.0434026196488,1.1287872096119704,0.6353048198607574,0.0,False
71,0.6097362869494639,0.26017077217123524,-0.8547389347291973,"{""zone1"": ""1.20|3.77|99|1"", ""zone2"": ""3.77|4.07|99|0.73"", ""zone3"": ""4.07|7.16|8|0.37"", ""thresold1"": ""0.20|3|0.284"", ""thresold2"": ""3|4|0.284"", ""thresold3"": ""4|7|0.284"", ""thresold4"": ""7|20|0.145"", ""thresold5"": ""20|99|0.145"", ""greenground"": ""0.50"", ""greenhigh"": ""3.85"", ""topweight"": ""0.23"", ""pointvolumefactor"": ""0.16"", ""firstandlastreturnasground"": ""3"", ""firstandlastreturnfactor"": ""0.71"", ""lastreturnfactor"": ""0.37"", ""greendetectsize"": ""5"", ""groundboxsize"": ""1"", ""medianboxsize"": ""19"", ""medianboxsize2"": ""7"", ""greenshades"": ""0.651|1.484|3.752"", ""greenshadeisom"": ""406|408|410"", ""vegesimplify"": ""1.41""}",False,0.49230792503174836,1.0022440627511957,0.3125,110.18349120308366,0.4260380684494083,0.6325730095868255,0.0,False
72,0.6769171306555627,0.3462914423103509,-0.12136046829320019,"{""zone1"": ""0.91|3.22|99|1"", ""zone2"": ""3.22|3.73|99|0.50"", ""zone3"": ""3.73|6.98|8|0.46"", ""thresold1"": ""0.20|3|0.046"", ""thresold2"": ""3|4|0.046"", ""thresold3"": ""4|7|0.046"", ""thresold4"": ""7|20|0.054"", ""thresold5"": ""20|99|0.054"", ""greenground"": ""0.57"", ""greenhigh"": ""1.70"", ""topweight"": ""0.61"", ""pointvolumefactor"": ""0.11"", ""firstandlastreturnasground"": ""1"", ""firstandlastreturnfactor"": ""0.80"", ""lastreturnfactor"": ""0.17"", ""greendetectsize"": ""5"", ""groundboxsize"": ""3"", ""medianboxsize"": ""1"", ""medianboxsize2"": ""5"", ""greenshades"": ""0.786|1.757|4.853"", ""greenshadeisom"": ""406|408|410"", ""vegesimplify"": ""0.74""}",False,1.4789766283177155,1.0038141613317142,0.3125,185.4860890391499,1.1291803295397635,0.6374084049030413,0.0,False
73,0.6950516191792134,0.3619461490855344,-0.17242149701777623,"{""zone1"": ""0.58|4.00|99|1"", ""zone2"": ""4.00|5.86|99|0.56"", ""zone3"": ""5.86|7.25|8|0.21"", ""thresold1"": ""0.20|3|0.037"", ""thresold2"": ""3|4|0.037"", ""thresold3"": ""4|7|0.037"", ""thresold4"": ""7|20|0.117"", ""thresold5"": ""20|99|0.117"", ""greenground"": ""0.45"", ""greenhigh"": ""1.42"", ""topweight"": ""0.32"", ""pointvolumefactor"": ""0.13"", ""firstandlastreturnasground"": ""4"", ""firstandlastreturnfactor"": ""0.95"", ""lastreturnfactor"": ""0.45"", ""greendetectsize"": ""5"", ""groundboxsize"": ""1"", ""medianboxsize"": ""21"", ""medianboxsize2"": ""3"", ""greenshades"": ""0.547|1.798|3.223"", ""greenshadeisom"": ""406|408|410"", ""vegesimplify"": ""1.96""}",False,1.567963683240763,0.9950887476937296,0.3125,152.3620728924339,0.8449632931213831,0.6354871352974327,0.0,False
74,0.6734826280502486,0.33189684543414094,-0.16085741544919924,"{""zone1"": ""0.68|3.91|99|1"", ""zone2"": ""3.91|5.26|99|0.55"", ""zone3"": ""5.26|7.45|8|0.34"", ""thresold1"": ""0.20|3|0.033"", ""thresold2"": ""3|4|0.033"", ""thresold3"": ""4|7|0.033"", ""thresold4"": ""7|20|0.088"", ""thresold5"": ""20|99|0.088"", ""greenground"": ""0.40"", ""greenhigh"": ""1.23"", ""topweight"": ""0.35"", ""pointvolumefactor"": ""0.09"", ""firstandlastreturnasground"": ""4"", ""firstandlastreturnfactor"": ""0.91"", ""lastreturnfactor"": ""0.54"", ""greendetectsize"": ""5"", ""groundboxsize"": ""1"", ""medianboxsize"": ""3"", ""medianboxsize2"": ""3"", ""greenshades"": ""0.423|1.549|2.804"", ""greenshadeisom"": ""406|408|410"", ""vegesimplify"": ""1.80""}",False,2.2564499216713263,0.9811791706943981,0.3125,154.70862075541584,1.17502251894118,0.6408294918735495,0.0,False
75,0.6676849676775325,0.3229398044525012,-0.05637100029890611,"{""zone1"": ""0.99|3.67|99|1"", ""zone2"": ""3.67|5.64|99|0.63"", ""zone3"": ""5.64|6.90|8|0.52"", ""thresold1"": ""0.20|3|0.054"", ""thresold2"": ""3|4|0.054"", ""thresold3"": ""4|7|0.054"", ""thresold4"": ""7|20|0.071"", ""thresold5"": ""20|99|0.071"", ""greenground"": ""1.36"", ""greenhigh"": ""3.15"", ""topweight"": ""0.32"", ""pointvolumefactor"": ""0.14"", ""firstandlastreturnasground"": ""3"", ""firstandlastreturnfactor"": ""0.87"", ""lastreturnfactor"": ""0.59"", ""greendetectsize"": ""5"", ""groundboxsize"": ""1"", ""medianboxsize"": ""21"", ""medianboxsize2"": ""1"", ""greenshades"": ""0.484|1.997|3.726"", ""greenshadeisom"": ""406|408|410"", ""vegesimplify"": ""1.63""}",False,2.287731508640505,1.0020706266290096,0.3125,155.60988903374763,1.0581710749413955,0.6353766052566908,0.0,False
76,0.6544216028480827,0.3021890118805444,-0.44891124300764795,"{""zone1"": ""0.77|3.36|99|1"", ""zone2"": ""3.36|4.87|99|0.68"", ""zone3"": ""4.87|6.45|8|0.32"", ""thresold1"": ""0.20|3|0.027"", ""thresold2"": ""3|4|0.027"", ""thresold3"": ""4|7|0.027"", ""thresold4"": ""7|20|0.158"", ""thresold5"": ""20|99|0.158"", ""greenground"": ""0.50"", ""greenhigh"": ""3.64"", ""topweight"": ""0.40"", ""pointvolumefactor"": ""0.19"", ""firstandlastreturnasground"": ""1"", ""firstandlastreturnfactor"": ""0.96"", ""lastreturnfactor"": ""0.49"", ""greendetectsize"": ""5"", ""groundboxsize"": ""1"", ""medianboxsize"": ""19"", ""medianboxsize2"": ""5"", ""greenshades"": ""0.705|2.065|4.688"", ""greenshadeisom"": ""406|408|410"", ""vegesimplify"": ""3.64""}",False,0.9027574792261142,0.9198472844776677,0.3125,155.50312364102916,0.6408469547216084,0.6561502677302684,0.0,False
77,0.610154841964462,0.2761881798943344,-0.757663370149501,"{""zone1"": ""1.31|3.96|99|1"", ""zone2"": ""3.96|4.81|99|0.16"", ""zone3"": ""4.81|6.57|8|0.24"", ""thresold1"": ""0.20|3|0.023"", ""thresold2"": ""3|4|0.023"", ""thresold3"": ""4|7|0.023"", ""thresold4"": ""7|20|0.117"", ""thresold5"": ""20|99|0.117"", ""greenground"": ""0.93"", ""greenhigh"": ""3.76"", ""topweight"": ""0.81"", ""pointvolumefactor"": ""0.07"", ""firstandlastreturnasground"": ""4"", ""firstandlastreturnfactor"": ""0.82"", ""lastreturnfactor"": ""0.41"", ""greendetectsize"": ""5"", ""groundboxsize"": ""1"", ""medianboxsize"": ""21"", ""medianboxsize2"": ""1"", ""greenshades"": ""0.598|1.095|4.873"", ""greenshadeisom"": ""406|408|410"", ""vegesimplify"": ""2.17""}",False,0.5364676609205962,0.9959218144227759,0.3125,122.84049867041115,0.46938163580373504,0.6331962421223707,0.0,False
78,0.6328775199568525,0.27486905155048474,-0.5956921052199403,"{""zone1"": ""0.82|2.98|99|1"", ""zone2"": ""2.98|4.65|99|0.30"", ""zone3"": ""4.65|6.63|8|0.41"", ""thresold1"": ""0.20|3|0.068"", ""thresold2"": ""3|4|0.068"", ""thresold3"": ""4|7|0.068"", ""thresold4"": ""7|20|0.102"", ""thresold5"": ""20|99|0.102"", ""greenground"": ""0.47"", ""greenhigh"": ""1.69"", ""topweight"": ""0.25"", ""pointvolumefactor"": ""0.47"", ""firstandlastreturnasground"": ""2"", ""firstandlastreturnfactor"": ""0.86"", ""lastreturnfactor"": ""0.53"", ""greendetectsize"": ""5"", ""groundboxsize"": ""1"", ""medianboxsize"": ""19"", ""medianboxsize2"": ""5"", ""greenshades"": ""0.670|2.400|4.376"", ""greenshadeisom"": ""406|408|410"", ""vegesimplify"": ""1.71""}",False,0.6951281262290738,1.0026760763646412,0.3125,126.70739309417148,0.5546055518518745,0.6327828024071751,0.0,False
79,0.5782357265835414,0.18484001218420804,-0.1495759477229681,"{""zone1"": ""0.73|3.86|99|1"", ""zone2"": ""3.86|5.69|99|0.45"", ""zone3"": ""5.69|8.29|8|0.20"", ""thresold1"": ""0.20|3|0.047"", ""thresold2"": ""3|4|0.047"", ""thresold3"": ""4|7|0.047"", ""thresold4"": ""7|20|0.136"", ""thresold5"": ""20|99|0.136"", ""greenground"": ""0.71"", ""greenhigh"": ""3.26"", ""topweight"": ""0.29"", ""pointvolumefactor"": ""0.23"", ""firstandlastreturnasground"": ""3"", ""firstandlastreturnfactor"": ""0.91"", ""lastreturnfactor"": ""0.47"", ""greendetectsize"": ""5"", ""groundboxsize"": ""1"", ""medianboxsize"": ""21"", ""medianboxsize2"": ""3"", ""greenshades"": ""0.120|1.185|3.361"", ""greenshadeisom"": ""406|408|410"", ""vegesimplify"": ""2.91""}",False,3.760053040650478,0.8651845188337295,0.3125,145.97698257957092,1.0331415052921005,0.6676923163617452,0.0,False
80,0.6819922487549179,0.35375087667180943,-0.07434553828301642,"{""zone1"": ""0.86|2.88|99|1"", ""zone2"": ""2.88|3.57|99|0.07"", ""zone3"": ""3.57|6.32|8|0.11"", ""thresold1"": ""0.20|3|0.173"", ""thresold2"": ""3|4|0.173"", ""thresold3"": ""4|7|0.173"", ""thresold4"": ""7|20|0.083"", ""thresold5"": ""20|99|0.083"", ""greenground"": ""0.79"", ""greenhigh"": ""3.90"", ""topweight"": ""0.35"", ""pointvolumefactor"": ""0.17"", ""firstandlastreturnasground"": ""1"", ""firstandlastreturnfactor"": ""0.75"", ""lastreturnfactor"": ""0.27"", ""greendetectsize"": ""3"", ""groundboxsize"": ""1"", ""medianboxsize"": ""11"", ""medianboxsize2"": ""5"", ""greenshades"": ""0.215|1.406|2.504"", ""greenshadeisom"": ""406|408|410"", ""vegesimplify"": ""3.15""}",False,1.6316585091208813,1.0024794198690714,0.3125,171.02276843811276,1.0775977460600963,0.6356632803057525,0.0,False
81,0.6679923993397879,0.35643224938384394,-0.39338997297450307,"{""zone1"": ""1.29|3.14|99|1"", ""zone2"": ""3.14|4.14|99|0.54"", ""zone3"": ""4.14|7.04|8|0.55"", ""thresold1"": ""0.20|3|0.040"", ""thresold2"": ""3|4|0.040"", ""thresold3"": ""4|7|0.040"", ""thresold4"": ""7|20|0.074"", ""thresold5"": ""20|99|0.074"", ""greenground"": ""0.97"", ""greenhigh"": ""1.54"", ""topweight"": ""0.37"", ""pointvolumefactor"": ""0.30"", ""firstandlastreturnasground"": ""4"", ""firstandlastreturnfactor"": ""0.57"", ""lastreturnfactor"": ""0.44"", ""greendetectsize"": ""5"", ""groundboxsize"": ""1"", ""medianboxsize"": ""19"", ""medianboxsize2"": ""3"", ""greenshades"": ""0.504|1.434|2.668"", ""greenshadeisom"": ""406|408|410"", ""vegesimplify"": ""2.01""}",False,1.0251686298643656,1.0048516246807917,0.3125,136.529685071287,0.6751884984510329,0.633535398156981,0.0,False
82,0.6487502704307564,0.3161944377052092,-0.09914132334569548,"{""zone1"": ""1.34|3.77|99|1"", ""zone2"": ""3.77|5.51|99|0.58"", ""zone3"": ""5.51|7.93|8|0.51"", ""thresold1"": ""0.20|3|0.020"", ""thresold2"": ""3|4|0.020"", ""thresold3"": ""4|7|0.020"", ""thresold4"": ""7|20|0.092"", ""thresold5"": ""20|99|0.092"", ""greenground"": ""0.59"", ""greenhigh"": ""3.49"", ""topweight"": ""0.45"", ""pointvolumefactor"": ""0.27"", ""firstandlastreturnasground"": ""1"", ""firstandlastreturnfactor"": ""0.62"", ""lastreturnfactor"": ""0.36"", ""greendetectsize"": ""4"", ""groundboxsize"": ""1"", ""medianboxsize"": ""5"", ""medianboxsize2"": ""1"", ""greenshades"": ""0.901|2.267|3.749"", ""greenshadeisom"": ""406|408|410"", ""vegesimplify"": ""2.69""}",False,0.9736240828756473,0.9946644742047452,0.4375,203.46545485761388,0.9592423187322208,0.6410879337281207,0.0,False
83,0.6607619977329245,0.2788905768721969,-0.1980968912402532,"{""zone1"": ""0.72|3.87|99|1"", ""zone2"": ""3.87|5.18|99|0.83"", ""zone3"": ""5.18|6.04|8|0.10"", ""thresold1"": ""0.20|3|0.338"", ""thresold2"": ""3|4|0.338"", ""thresold3"": ""4|7|0.338"", ""thresold4"": ""7|20|0.067"", ""thresold5"": ""20|99|0.067"", ""greenground"": ""1.13"", ""greenhigh"": ""2.25"", ""topweight"": ""0.72"", ""pointvolumefactor"": ""0.02"", ""firstandlastreturnasground"": ""2"", ""firstandlastreturnfactor"": ""0.65"", ""lastreturnfactor"": ""0.31"", ""greendetectsize"": ""5"", ""groundboxsize"": ""1"", ""medianboxsize"": ""1"", ""medianboxsize2"": ""3"", ""greenshades"": ""0.559|1.205|4.121"", ""greenshadeisom"": ""406|408|410"", ""vegesimplify"": ""2.26""}",False,2.033041344109706,1.007065873619248,0.3125,159.1500795136726,1.22077530908642,0.6368819638763614,0.0,False
84,0.6604415359806285,0.23913722020143657,-0.16993958726554076,"{""zone1"": ""1.22|3.99|99|1"", ""zone2"": ""3.99|5.18|99|0.78"", ""zone3"": ""5.18|8.72|8|0.17"", ""thresold1"": ""0.20|3|0.256"", ""thresold2"": ""3|4|0.256"", ""thresold3"": ""4|7|0.256"", ""thresold4"": ""7|20|0.046"", ""thresold5"": ""20|99|0.046"", ""greenground"": ""1.28"", ""greenhigh"": ""2.41"", ""topweight"": ""0.83"", ""pointvolumefactor"": ""0.01"", ""firstandlastreturnasground"": ""2"", ""firstandlastreturnfactor"": ""0.68"", ""lastreturnfactor"": ""0.25"", ""greendetectsize"": ""5"", ""groundboxsize"": ""1"", ""medianboxsize"": ""1"", ""medianboxsize2"": ""7"", ""greenshades"": ""0.740|1.154|4.936"", ""greenshadeisom"": ""406|408|410"", ""vegesimplify"": ""2.10""}",False,2.0080438345409157,1.0083773947085068,0.3125,164.7063373356981,1.1870896260555592,0.6351352716618677,0.0,False
85,0.5920642845398854,0.20836120231017052,-0.320872442768669,"{""zone1"": ""0.80|3.94|99|1"", ""zone2"": ""3.94|5.50|99|0.69"", ""zone3"": ""5.50|8.93|8|0.36"", ""thresold1"": ""0.20|3|0.388"", ""thresold2"": ""3|4|0.388"", ""thresold3"": ""4|7|0.388"", ""thresold4"": ""7|20|0.107"", ""thresold5"": ""20|99|0.107"", ""greenground"": ""1.19"", ""greenhigh"": ""2.89"", ""topweight"": ""0.71"", ""pointvolumefactor"": ""0.05"", ""firstandlastreturnasground"": ""3"", ""firstandlastreturnfactor"": ""0.73"", ""lastreturnfactor"": ""0.23"", ""greendetectsize"": ""5"", ""groundboxsize"": ""1"", ""medianboxsize"": ""3"", ""medianboxsize2"": ""1"", ""greenshades"": ""0.162|0.947|4.206"", ""greenshadeisom"": ""406|408|410"", ""vegesimplify"": ""1.85""}",False,3.107805048306986,1.010992696762564,0.3125,173.15578551565778,1.3791306125802836,0.6350789477018266,0.0,False
86,0.6113205628992686,0.280548908649858,-0.34150546141344673,"{""zone1"": ""0.74|3.68|99|1"", ""zone2"": ""3.68|5.06|99|0.62"", ""zone3"": ""5.06|8.86|8|0.05"", ""thresold1"": ""0.20|3|0.333"", ""thresold2"": ""3|4|0.333"", ""thresold3"": ""4|7|0.333"", ""thresold4"": ""7|20|0.064"", ""thresold5"": ""20|99|0.064"", ""greenground"": ""1.23"", ""greenhigh"": ""2.66"", ""topweight"": ""0.77"", ""pointvolumefactor"": ""0.15"", ""firstandlastreturnasground"": ""1"", ""firstandlastreturnfactor"": ""0.53"", ""lastreturnfactor"": ""0.64"", ""greendetectsize"": ""2"", ""groundboxsize"": ""1"", ""medianboxsize"": ""1"", ""medianboxsize2"": ""7"", ""greenshades"": ""0.840|1.393|4.886"", ""greenshadeisom"": ""406|408|410"", ""vegesimplify"": ""2.42""}",False,0.5998704237865327,1.0037677205849471,0.38081395348837205,150.08155305126627,0.731470534751677,0.6338473085532608,0.0,False
87,0.6829823918832915,0.3358217825167843,-0.05161884390824306,"{""zone1"": ""0.67|3.54|99|1"", ""zone2"": ""3.54|4.63|99|0.65"", ""zone3"": ""4.63|7.83|8|0.58"", ""thresold1"": ""0.20|3|0.043"", ""thresold2"": ""3|4|0.043"", ""thresold3"": ""4|7|0.043"", ""thresold4"": ""7|20|0.059"", ""thresold5"": ""20|99|0.059"", ""greenground"": ""1.08"", ""greenhigh"": ""1.81"", ""topweight"": ""0.33"", ""pointvolumefactor"": ""0.19"", ""firstandlastreturnasground"": ""3"", ""firstandlastreturnfactor"": ""0.78"", ""lastreturnfactor"": ""0.33"", ""greendetectsize"": ""5"", ""groundboxsize"": ""1"", ""medianboxsize"": ""3"", ""medianboxsize2"": ""3"", ""greenshades"": ""0.623|1.314|4.093"", ""greenshadeisom"": ""406|408|410"", ""vegesimplify"": ""1.51""}",False,1.7831699241506889,1.0075056273571545,0.3125,157.44034742995538,1.0529748992523236,0.636311057363689,0.0,False
88,0.6506561956779666,0.33488868223494694,-0.2866037123668338,"{""zone1"": ""0.56|3.54|99|1"", ""zone2"": ""3.54|3.93|99|0.22"", ""zone3"": ""3.93|6.92|8|0.54"", ""thresold1"": ""0.20|3|0.055"", ""thresold2"": ""3|4|0.055"", ""thresold3"": ""4|7|0.055"", ""thresold4"": ""7|20|0.093"", ""thresold5"": ""20|99|0.093"", ""greenground"": ""1.10"", ""greenhigh"": ""1.83"", ""topweight"": ""0.33"", ""pointvolumefactor"": ""0.19"", ""firstandlastreturnasground"": ""3"", ""firstandlastreturnfactor"": ""0.78"", ""lastreturnfactor"": ""0.32"", ""greendetectsize"": ""5"", ""groundboxsize"": ""1"", ""medianboxsize"": ""7"", ""medianboxsize2"": ""5"", ""greenshades"": ""0.615|1.484|3.936"", ""greenshadeisom"": ""406|408|410"", ""vegesimplify"": ""1.56""}",False,0.8999221509651435,1.007686803603802,0.3125,143.62025037386297,0.7508326684101588,0.6338103043074815,0.0,False
89,0.6793933542031049,0.33285624326541613,-0.09263584839995403,"{""zone1"": ""0.53|3.43|99|1"", ""zone2"": ""3.43|4.91|99|0.65"", ""zone3"": ""4.91|7.51|8|0.57"", ""thresold1"": ""0.20|3|0.045"", ""thresold2"": ""3|4|0.045"", ""thresold3"": ""4|7|0.045"", ""thresold4"": ""7|20|0.080"", ""thresold5"": ""20|99|0.080"", ""greenground"": ""1.08"", ""greenhigh"": ""1.98"", ""topweight"": ""0.39"", ""pointvolumefactor"": ""0.21"", ""firstandlastreturnasground"": ""3"", ""firstandlastreturnfactor"": ""0.81"", ""lastreturnfactor"": ""0.39"", ""greendetectsize"": ""5"", ""groundboxsize"": ""1"", ""medianboxsize"": ""3"", ""medianboxsize2"": ""3"", ""greenshades"": ""0.444|1.153|3.809"", ""greenshadeisom"": ""406|408|410"", ""vegesimplify"": ""1.43""}",False,1.9228746291102259,1.0053378191654654,0.3125,159.6903142429449,1.0970794159113382,0.63686151931523,0.0,False
90,0.6770276872867589,0.36064206803117227,-0.25040064862214373,"{""zone1"": ""0.67|2.74|99|1"", ""zone2"": ""2.74|3.46|99|0.53"", ""zone3"": ""3.46|6.31|8|0.58"", ""thresold1"": ""0.20|3|0.062"", ""thresold2"": ""3|4|0.062"", ""thresold3"": ""4|7|0.062"", ""thresold4"": ""7|20|0.096"", ""thresold5"": ""20|99|0.096"", ""greenground"": ""1.00"", ""greenhigh"": ""1.67"", ""topweight"": ""0.43"", ""pointvolumefactor"": ""0.12"", ""firstandlastreturnasground"": ""3"", ""firstandlastreturnfactor"": ""0.70"", ""lastreturnfactor"": ""0.57"", ""greendetectsize"": ""5"", ""groundboxsize"": ""3"", ""medianboxsize"": ""21"", ""medianboxsize2"": ""1"", ""greenshades"": ""0.390|1.375|2.296"", ""greenshadeisom"": ""406|408|410"", ""vegesimplify"": ""1.33""}",False,1.099989152788508,1.003563323964916,0.3125,154.80142522836223,0.7787078084331998,0.634033121251188,0.0,False
91,0.5877649959320803,0.23947388342974102,-0.18156360610540445,"{""zone1"": ""1.06|2.35|99|1"", ""zone2"": ""2.35|2.93|99|0.48"", ""zone3"": ""2.93|6.18|8|0.28"", ""thresold1"": ""0.20|3|0.042"", ""thresold2"": ""3|4|0.042"", ""thresold3"": ""4|7|0.042"", ""thresold4"": ""7|20|0.059"", ""thresold5"": ""20|99|0.059"", ""greenground"": ""1.05"", ""greenhigh"": ""1.56"", ""topweight"": ""0.20"", ""pointvolumefactor"": ""0.09"", ""firstandlastreturnasground"": ""3"", ""firstandlastreturnfactor"": ""0.76"", ""lastreturnfactor"": ""0.52"", ""greendetectsize"": ""5"", ""groundboxsize"": ""1"", ""medianboxsize"": ""9"", ""medianboxsize2"": ""3"", ""greenshades"": ""0.089|0.557|1.365"", ""greenshadeisom"": ""406|408|410"", ""vegesimplify"": ""1.21""}",False,3.555700062057856,0.8989171279207504,0.3125,156.77297862251257,1.2105768691904322,0.6635040482914378,0.0,False
92,0.6882856695602507,0.37067338110387277,-0.12234251701157323,"{""zone1"": ""0.67|3.59|99|1"", ""zone2"": ""3.59|4.70|99|0.60"", ""zone3"": ""4.70|7.82|8|0.55"", ""thresold1"": ""0.20|3|0.051"", ""thresold2"": ""3|4|0.051"", ""thresold3"": ""4|7|0.051"", ""thresold4"": ""7|20|0.052"", ""thresold5"": ""20|99|0.052"", ""greenground"": ""1.13"", ""greenhigh"": ""1.35"", ""topweight"": ""0.30"", ""pointvolumefactor"": ""0.14"", ""firstandlastreturnasground"": ""4"", ""firstandlastreturnfactor"": ""0.87"", ""lastreturnfactor"": ""0.47"", ""greendetectsize"": ""5"", ""groundboxsize"": ""1"", ""medianboxsize"": ""21"", ""medianboxsize2"": ""9"", ""greenshades"": ""0.672|2.220|3.883"", ""greenshadeisom"": ""406|408|410"", ""vegesimplify"": ""3.46""}",False,1.8345859279937011,1.0018197892622114,0.3125,154.60185536269736,0.8852177932393142,0.6393026043369292,0.0,True
93,0.6896172199358002,0.3714006575402009,-0.1643546432931623,"{""zone1"": ""0.61|3.58|99|1"", ""zone2"": ""3.58|4.69|99|0.57"", ""zone3"": ""4.69|7.84|8|0.55"", ""thresold1"": ""0.20|3|0.050"", ""thresold2"": ""3|4|0.050"", ""thresold3"": ""4|7|0.050"", ""thresold4"": ""7|20|0.055"", ""thresold5"": ""20|99|0.055"", ""greenground"": ""1.15"", ""greenhigh"": ""1.48"", ""topweight"": ""0.30"", ""pointvolumefactor"": ""0.14"", ""firstandlastreturnasground"": ""4"", ""firstandlastreturnfactor"": ""0.84"", ""lastreturnfactor"": ""0.47"", ""greendetectsize"": ""5"", ""groundboxsize"": ""1"", ""medianboxsize"": ""21"", ""medianboxsize2"": ""9"", ""greenshades"": ""0.686|2.223|3.977"", ""greenshadeisom"": ""406|408|410"", ""vegesimplify"": ""3.44""}",False,1.6629042338806377,1.0033357069715014,0.3125,154.74295036063998,0.8490820602766888,0.6377854628700917,0.0,False
94,0.6896384362409282,0.3622207769926898,-0.13316743617639276,"{""zone1"": ""0.66|3.51|99|1"", ""zone2"": ""3.51|4.49|99|0.62"", ""zone3"": ""4.49|7.54|8|0.49"", ""thresold1"": ""0.20|3|0.057"", ""thresold2"": ""3|4|0.057"", ""thresold3"": ""4|7|0.057"", ""thresold4"": ""7|20|0.067"", ""thresold5"": ""20|99|0.067"", ""greenground"": ""1.13"", ""greenhigh"": ""1.32"", ""topweight"": ""0.28"", ""pointvolumefactor"": ""0.17"", ""firstandlastreturnasground"": ""4"", ""firstandlastreturnfactor"": ""0.98"", ""lastreturnfactor"": ""0.43"", ""greendetectsize"": ""5"", ""groundboxsize"": ""1"", ""medianboxsize"": ""21"", ""medianboxsize2"": ""9"", ""greenshades"": ""0.515|1.942|3.530"", ""greenshadeisom"": ""406|408|410"", ""vegesimplify"": ""3.75""}",False,1.816935301179837,0.9998563776905532,0.3125,153.95863181775266,0.8764095296202719,0.6362675212141142,0.0,True
95,0.6596763400851418,0.3170572622591097,-0.07575720360710385,"{""zone1"": ""0.70|3.74|99|1"", ""zone2"": ""3.74|4.99|99|0.71"", ""zone3"": ""4.99|7.68|8|0.52"", ""thresold1"": ""0.20|3|0.038"", ""thresold2"": ""3|4|0.038"", ""thresold3"": ""4|7|0.038"", ""thresold4"": ""7|20|0.044"", ""thresold5"": ""20|99|0.044"", ""greenground"": ""0.43"", ""greenhigh"": ""1.42"", ""topweight"": ""0.26"", ""pointvolumefactor"": ""0.15"", ""firstandlastreturnasground"": ""4"", ""firstandlastreturnfactor"": ""0.90"", ""lastreturnfactor"": ""0.50"", ""greendetectsize"": ""5"", ""groundboxsize"": ""1"", ""medianboxsize"": ""21"", ""medianboxsize2"": ""9"", ""greenshades"": ""0.646|2.725|4.063"", ""greenshadeisom"": ""406|408|410"", ""vegesimplify"": ""3.53""}",False,2.716983633992947,0.9994243640771078,0.3125,137.37247848189656,1.0240844183218865,0.6395417378733179,0.0,False
96,0.6485814293757095,0.33333463500550986,-0.5424089814127846,"{""zone1"": ""0.55|2.49|99|1"", ""zone2"": ""2.49|3.62|99|0.60"", ""zone3"": ""3.62|6.08|8|0.59"", ""thresold1"": ""0.20|3|0.052"", ""thresold2"": ""3|4|0.052"", ""thresold3"": ""4|7|0.052"", ""thresold4"": ""7|20|0.075"", ""thresold5"": ""20|99|0.075"", ""greenground"": ""0.53"", ""greenhigh"": ""1.75"", ""topweight"": ""0.33"", ""pointvolumefactor"": ""0.12"", ""firstandlastreturnasground"": ""4"", ""firstandlastreturnfactor"": ""0.93"", ""lastreturnfactor"": ""0.37"", ""greendetectsize"": ""5"", ""groundboxsize"": ""1"", ""medianboxsize"": ""19"", ""medianboxsize2"": ""7"", ""greenshades"": ""0.779|1.948|5.208"", ""greenshadeisom"": ""406|408|410"", ""vegesimplify"": ""3.92""}",False,0.8010492278925343,0.9937153056087809,0.3125,113.816486155955,0.5845155285903786,0.6362295594880538,0.0,False
97,0.6787655534114783,0.3657361148113859,-0.2998016672560454,"{""zone1"": ""1.40|3.05|99|1"", ""zone2"": ""3.05|3.54|99|0.64"", ""zone3"": ""3.54|6.75|8|0.54"", ""thresold1"": ""0.20|3|0.034"", ""thresold2"": ""3|4|0.034"", ""thresold3"": ""4|7|0.034"", ""thresold4"": ""7|20|0.053"", ""thresold5"": ""20|99|0.053"", ""greenground"": ""1.01"", ""greenhigh"": ""3.37"", ""topweight"": ""0.35"", ""pointvolumefactor"": ""0.14"", ""firstandlastreturnasground"": ""4"", ""firstandlastreturnfactor"": ""0.88"", ""lastreturnfactor"": ""0.41"", ""greendetectsize"": ""5"", ""groundboxsize"": ""1"", ""medianboxsize"": ""21"", ""medianboxsize2"": ""5"", ""greenshades"": ""0.550|0.925|1.942"", ""greenshadeisom"": ""406|408|410"", ""vegesimplify"": ""3.32""}",False,1.2763555140360703,0.9994088838281854,0.3125,147.70067558306022,0.7417042895917672,0.636856282505614,0.0,False
98,0.6687906610362377,0.3136487731925833,-0.24284246717164776,"{""zone1"": ""0.77|3.84|99|1"", ""zone2"": ""3.84|4.76|99|1.00"", ""zone3"": ""4.76|7.70|8|0.51"", ""thresold1"": ""0.20|3|0.041"", ""thresold2"": ""3|4|0.041"", ""thresold3"": ""4|7|0.041"", ""thresold4"": ""7|20|0.060"", ""thresold5"": ""20|99|0.060"", ""greenground"": ""0.89"", ""greenhigh"": ""1.88"", ""topweight"": ""0.31"", ""pointvolumefactor"": ""0.18"", ""firstandlastreturnasground"": ""4"", ""firstandlastreturnfactor"": ""0.96"", ""lastreturnfactor"": ""0.56"", ""greendetectsize"": ""5"", ""groundboxsize"": ""1"", ""medianboxsize"": ""1"", ""medianboxsize2"": ""7"", ""greenshades"": ""0.594|1.898|3.837"", ""greenshadeisom"": ""406|408|410"", ""vegesimplify"": ""3.64""}",False,2.143331658287749,1.0083541743351234,0.3125,176.71634468103483,1.2748762634422857,0.636210648039846,0.0,False
99,0.6171428650889497,0.2582945159427249,-0.1822115778291747,"{""zone1"": ""0.81|3.47|99|1"", ""zone2"": ""3.47|4.55|99|0.68"", ""zone3"": ""4.55|6.90|8|0.44"", ""thresold1"": ""0.20|3|0.067"", ""thresold2"": ""3|4|0.067"", ""thresold3"": ""4|7|0.067"", ""thresold4"": ""7|20|0.025"", ""thresold5"": ""20|99|0.025"", ""greenground"": ""1.45"", ""greenhigh"": ""3.08"", ""topweight"": ""0.27"", ""pointvolumefactor"": ""0.20"", ""firstandlastreturnasground"": ""3"", ""firstandlastreturnfactor"": ""0.81"", ""lastreturnfactor"": ""0.48"", ""greendetectsize"": ""3"", ""groundboxsize"": ""1"", ""medianboxsize"": ""19"", ""medianboxsize2"": ""1"", ""greenshades"": ""0.256|2.134|3.278"", ""greenshadeisom"": ""406|408|410"", ""vegesimplify"": ""1.52""}",False,2.636237139228756,1.0096889157977662,0.3125,187.41575967398404,1.2002797471942772,0.6353735336951747,0.0,False
100,0.6748212592064748,0.33636156102559067,-0.07802760958498588,"{""zone1"": ""1.15|3.38|99|1"", ""zone2"": ""3.38|5.29|99|0.60"", ""zone3"": ""5.29|6.77|8|0.47"", ""thresold1"": ""0.20|3|0.024"", ""thresold2"": ""3|4|0.024"", ""thresold3"": ""4|7|0.024"", ""thresold4"": ""7|20|0.042"", ""thresold5"": ""20|99|0.042"", ""greenground"": ""1.21"", ""greenhigh"": ""1.81"", ""topweight"": ""0.37"", ""pointvolumefactor"": ""0.24"", ""firstandlastreturnasground"": ""3"", ""firstandlastreturnfactor"": ""0.86"", ""lastreturnfactor"": ""0.33"", ""greendetectsize"": ""5"", ""groundboxsize"": ""1"", ""medianboxsize"": ""21"", ""medianboxsize2"": ""1"", ""greenshades"": ""0.701|2.319|5.113"", ""greenshadeisom"": ""406|408|410"", ""vegesimplify"": ""1.88""}",False,2.3005551263404973,0.9974996531277558,0.3125,161.28309659121763,1.0814838310756711,0.635360058309038,0.0,False
101,0.6206999889655236,0.25944227559590766,-0.5618274968512527,"{""zone1"": ""0.64|2.04|99|1"", ""zone2"": ""2.04|2.84|99|0.13"", ""zone3"": ""2.84|5.65|8|0.56"", ""thresold1"": ""0.20|3|0.031"", ""thresold2"": ""3|4|0.031"", ""thresold3"": ""4|7|0.031"", ""thresold4"": ""7|20|0.036"", ""thresold5"": ""20|99|0.036"", ""greenground"": ""1.07"", ""greenhigh"": ""1.28"", ""topweight"": ""0.33"", ""pointvolumefactor"": ""0.11"", ""firstandlastreturnasground"": ""4"", ""firstandlastreturnfactor"": ""0.74"", ""lastreturnfactor"": ""0.29"", ""greendetectsize"": ""2"", ""groundboxsize"": ""1"", ""medianboxsize"": ""17"", ""medianboxsize2"": ""9"", ""greenshades"": ""0.323|2.652|4.125"", ""greenshadeisom"": ""406|408|410"", ""vegesimplify"": ""0.94""}",False,0.5659568015336629,1.0072547899903563,0.38081395348837205,135.66274639817934,0.5739606174723261,0.632949381347501,0.0,False
102,0.6790001034764379,0.2698792982476185,-0.05433314160684449,"{""zone1"": ""1.28|3.29|99|1"", ""zone2"": ""3.29|5.29|99|0.40"", ""zone3"": ""5.29|8.40|8|0.45"", ""thresold1"": ""0.20|3|0.077"", ""thresold2"": ""3|4|0.077"", ""thresold3"": ""4|7|0.077"", ""thresold4"": ""7|20|0.032"", ""thresold5"": ""20|99|0.032"", ""greenground"": ""0.45"", ""greenhigh"": ""1.37"", ""topweight"": ""0.40"", ""pointvolumefactor"": ""0.26"", ""firstandlastreturnasground"": ""1"", ""firstandlastreturnfactor"": ""0.78"", ""lastreturnfactor"": ""0.59"", ""greendetectsize"": ""5"", ""groundboxsize"": ""3"", ""medianboxsize"": ""21"", ""medianboxsize2"": ""5"", ""greenshades"": ""0.865|1.470|3.094"", ""greenshadeisom"": ""406|408|410"", ""vegesimplify"": ""3.84""}",False,2.379967118928974,0.9993934035792629,0.3125,154.1099111584213,0.9755175233663206,0.6388315408091656,0.0,False
103,0.690087088456197,0.36182315426816747,-0.11932690982633214,"{""zone1"": ""0.71|3.50|99|1"", ""zone2"": ""3.50|4.50|99|0.62"", ""zone3"": ""4.50|7.55|8|0.49"", ""thresold1"": ""0.20|3|0.047"", ""thresold2"": ""3|4|0.047"", ""thresold3"": ""4|7|0.047"", ""thresold4"": ""7|20|0.067"", ""thresold5"": ""20|99|0.067"", ""greenground"": ""1.11"", ""greenhigh"": ""1.31"", ""topweight"": ""0.28"", ""pointvolumefactor"": ""0.17"", ""firstandlastreturnasground"": ""4"", ""firstandlastreturnfactor"": ""0.92"", ""lastreturnfactor"": ""0.43"", ""greendetectsize"": ""5"", ""groundboxsize"": ""1"", ""medianboxsize"": ""21"", ""medianboxsize2"": ""9"", ""greenshades"": ""0.504|1.935|3.577"", ""greenshadeisom"": ""406|408|410"", ""vegesimplify"": ""3.75""}",False,1.835919249520546,0.998984610339201,0.3125,156.2670734984644,0.8884819499582992,0.636537987485817,0.0,True
104,0.6923969321702019,0.3377732290675189,-0.09204501810006865,"{""zone1"": ""0.69|3.60|99|1"", ""zone2"": ""3.60|4.61|99|0.66"", ""zone3"": ""4.61|7.98|8|0.49"", ""thresold1"": ""0.20|3|0.049"", ""thresold2"": ""3|4|0.049"", ""thresold3"": ""4|7|0.049"", ""thresold4"": ""7|20|0.083"", ""thresold5"": ""20|99|0.083"", ""greenground"": ""1.13"", ""greenhigh"": ""1.59"", ""topweight"": ""0.25"", ""pointvolumefactor"": ""0.16"", ""firstandlastreturnasground"": ""4"", ""firstandlastreturnfactor"": ""0.92"", ""lastreturnfactor"": ""0.46"", ""greendetectsize"": ""5"", ""groundboxsize"": ""1"", ""medianboxsize"": ""21"", ""medianboxsize2"": ""9"", ""greenshades"": ""0.413|2.104|3.972"", ""greenshadeisom"": ""406|408|410"", ""vegesimplify"": ""3.74""}",False,1.9357186867937781,0.9950810075692684,0.3125,150.1362513419425,0.9132067433087945,0.6370197342984754,0.0,True
105,0.6889326662063306,0.3498868884561662,-0.12908975620198654,"{""zone1"": ""0.71|3.59|99|1"", ""zone2"": ""3.59|4.61|99|0.54"", ""zone3"": ""4.61|7.80|8|0.48"", ""thresold1"": ""0.20|3|0.048"", ""thresold2"": ""3|4|0.048"", ""thresold3"": ""4|7|0.048"", ""thresold4"": ""7|20|0.069"", ""thresold5"": ""20|99|0.069"", ""greenground"": ""1.17"", ""greenhigh"": ""1.58"", ""topweight"": ""0.25"", ""pointvolumefactor"": ""0.22"", ""firstandlastreturnasground"": ""4"", ""firstandlastreturnfactor"": ""0.91"", ""lastreturnfactor"": ""0.40"", ""greendetectsize"": ""5"", ""groundboxsize"": ""1"", ""medianboxsize"": ""21"", ""medianboxsize2"": ""9"", ""greenshades"": ""0.487|2.158|3.932"", ""greenshadeisom"": ""406|408|410"", ""vegesimplify"": ""3.71""}",False,1.7754630172810097,0.9998563776905532,0.3125,162.40807999771238,0.8798360629383326,0.636597089117694,0.0,False
106,0.6906129708666418,0.3435564070029423,-0.17493502567581504,"{""zone1"": ""0.68|3.62|99|1"", ""zone2"": ""3.62|4.48|99|0.67"", ""zone3"": ""4.48|7.79|8|0.50"", ""thresold1"": ""0.20|3|0.045"", ""thresold2"": ""3|4|0.045"", ""thresold3"": ""4|7|0.045"", ""thresold4"": ""7|20|0.083"", ""thresold5"": ""20|99|0.083"", ""greenground"": ""1.12"", ""greenhigh"": ""1.34"", ""topweight"": ""0.23"", ""pointvolumefactor"": ""0.17"", ""firstandlastreturnasground"": ""4"", ""firstandlastreturnfactor"": ""0.83"", ""lastreturnfactor"": ""0.51"", ""greendetectsize"": ""5"", ""groundboxsize"": ""1"", ""medianboxsize"": ""19"", ""medianboxsize2"": ""9"", ""greenshades"": ""0.458|0.770|2.905"", ""greenshadeisom"": ""406|408|410"", ""vegesimplify"": ""3.80""}",False,1.641880345664473,0.9939661429755791,0.3125,152.48279920492442,0.8405781643127657,0.6369562295596075,0.0,False
107,0.6779438120035726,0.332516014805313,-0.12321290809504813,"{""zone1"": ""0.80|3.68|99|1"", ""zone2"": ""3.68|4.77|99|0.57"", ""zone3"": ""4.77|8.15|8|0.49"", ""thresold1"": ""0.20|3|0.059"", ""thresold2"": ""3|4|0.059"", ""thresold3"": ""4|7|0.059"", ""thresold4"": ""7|20|0.077"", ""thresold5"": ""20|99|0.077"", ""greenground"": ""0.97"", ""greenhigh"": ""1.21"", ""topweight"": ""0.30"", ""pointvolumefactor"": ""0.16"", ""firstandlastreturnasground"": ""4"", ""firstandlastreturnfactor"": ""0.94"", ""lastreturnfactor"": ""0.45"", ""greendetectsize"": ""5"", ""groundboxsize"": ""1"", ""medianboxsize"": ""13"", ""medianboxsize2"": ""9"", ""greenshades"": ""0.426|1.924|3.775"", ""greenshadeisom"": ""406|408|410"", ""vegesimplify"": ""1.96""}",False,2.0868271316061913,1.0085895314529991,0.3125,154.509050889751,1.1312725026007815,0.6345917915693791,0.0,False
108,0.673928690524237,0.3393429396851076,-0.4297422595866759,"{""zone1"": ""0.74|3.45|99|1"", ""zone2"": ""3.45|4.38|99|0.75"", ""zone3"": ""4.38|7.40|8|0.53"", ""thresold1"": ""0.20|3|0.043"", ""thresold2"": ""3|4|0.043"", ""thresold3"": ""4|7|0.043"", ""thresold4"": ""7|20|0.063"", ""thresold5"": ""20|99|0.063"", ""greenground"": ""1.14"", ""greenhigh"": ""1.51"", ""topweight"": ""0.95"", ""pointvolumefactor"": ""0.15"", ""firstandlastreturnasground"": ""4"", ""firstandlastreturnfactor"": ""0.87"", ""lastreturnfactor"": ""0.43"", ""greendetectsize"": ""4"", ""groundboxsize"": ""1"", ""medianboxsize"": ""21"", ""medianboxsize2"": ""9"", ""greenshades"": ""0.564|1.652|5.288"", ""greenshadeisom"": ""406|408|410"", ""vegesimplify"": ""3.91""}",False,1.136741792830067,0.9939429226021954,0.4375,131.1386675097022,0.6511377639217188,0.6362965599676563,0.0,False
109,0.675837133268,0.3699961082940813,-0.32308795936838447,"{""zone1"": ""0.63|3.54|99|1"", ""zone2"": ""3.54|4.72|99|0.61"", ""zone3"": ""4.72|7.63|8|0.42"", ""thresold1"": ""0.20|3|0.052"", ""thresold2"": ""3|4|0.052"", ""thresold3"": ""4|7|0.052"", ""thresold4"": ""7|20|0.090"", ""thresold5"": ""20|99|0.090"", ""greenground"": ""0.48"", ""greenhigh"": ""1.65"", ""topweight"": ""0.28"", ""pointvolumefactor"": ""0.21"", ""firstandlastreturnasground"": ""3"", ""firstandlastreturnfactor"": ""0.82"", ""lastreturnfactor"": ""0.36"", ""greendetectsize"": ""5"", ""groundboxsize"": ""1"", ""medianboxsize"": ""19"", ""medianboxsize2"": ""9"", ""greenshades"": ""0.752|1.964|3.244"", ""greenshadeisom"": ""406|408|410"", ""vegesimplify"": ""1.69""}",False,1.1128993268087726,1.0044273511918071,0.3125,137.77161821322625,0.7256222938294321,0.6336225178330441,0.0,False
110,0.6762073869099887,0.33815278451608033,-0.355484698397186,"{""zone1"": ""0.85|3.20|99|1"", ""zone2"": ""3.20|3.55|99|0.64"", ""zone3"": ""3.55|6.27|8|0.52"", ""thresold1"": ""0.20|3|0.064"", ""thresold2"": ""3|4|0.064"", ""thresold3"": ""4|7|0.064"", ""thresold4"": ""7|20|0.061"", ""thresold5"": ""20|99|0.061"", ""greenground"": ""1.27"", ""greenhigh"": ""1.40"", ""topweight"": ""0.21"", ""pointvolumefactor"": ""0.18"", ""firstandlastreturnasground"": ""4"", ""firstandlastreturnfactor"": ""0.85"", ""lastreturnfactor"": ""0.34"", ""greendetectsize"": ""5"", ""groundboxsize"": ""1"", ""medianboxsize"": ""21"", ""medianboxsize2"": ""9"", ""greenshades"": ""0.627|2.623|3.989"", ""greenshadeisom"": ""406|408|410"", ""vegesimplify"": ""2.06""}",False,1.094150548964829,1.0035478437159937,0.3125,137.53771874233726,0.7016417903863224,0.6333439449873284,0.0,False
111,0.6529562286158919,0.3328577767855735,-0.25241867935565904,"{""zone1"": ""1.50|3.35|99|1"", ""zone2"": ""3.35|4.59|99|0.50"", ""zone3"": ""4.59|7.73|8|0.51"", ""thresold1"": ""0.20|3|0.048"", ""thresold2"": ""3|4|0.048"", ""thresold3"": ""4|7|0.048"", ""thresold4"": ""7|20|0.073"", ""thresold5"": ""20|99|0.073"", ""greenground"": ""0.76"", ""greenhigh"": ""1.48"", ""topweight"": ""0.23"", ""pointvolumefactor"": ""0.30"", ""firstandlastreturnasground"": ""1"", ""firstandlastreturnfactor"": ""0.97"", ""lastreturnfactor"": ""0.38"", ""greendetectsize"": ""5"", ""groundboxsize"": ""1"", ""medianboxsize"": ""3"", ""medianboxsize2"": ""9"", ""greenshades"": ""0.990|2.722|4.415"", ""greenshadeisom"": ""406|408|410"", ""vegesimplify"": ""1.80""}",False,0.9377592907842238,1.0044350913162683,0.3125,160.8254819921657,0.7769655601652703,0.6340927352032724,0.0,False
112,0.6432095740467523,0.2858809993518656,-0.32300621128759455,"{""zone1"": ""0.76|3.39|99|1"", ""zone2"": ""3.39|5.25|99|0.72"", ""zone3"": ""5.25|8.08|8|0.55"", ""thresold1"": ""0.20|3|0.040"", ""thresold2"": ""3|4|0.040"", ""thresold3"": ""4|7|0.040"", ""thresold4"": ""7|20|0.052"", ""thresold5"": ""20|99|0.052"", ""greenground"": ""0.82"", ""greenhigh"": ""3.76"", ""topweight"": ""0.35"", ""pointvolumefactor"": ""0.20"", ""firstandlastreturnasground"": ""3"", ""firstandlastreturnfactor"": ""0.89"", ""lastreturnfactor"": ""0.83"", ""greendetectsize"": ""5"", ""groundboxsize"": ""1"", ""medianboxsize"": ""1"", ""medianboxsize2"": ""9"", ""greenshades"": ""0.537|1.970|4.246"", ""greenshadeisom"": ""406|408|410"", ""vegesimplify"": ""3.52""}",False,2.6696486167591633,1.0068459967502945,0.3125,175.62946745681026,1.381532625270651,0.6402559279208537,0.0,False
113,0.6904896927167012,0.34009043007300804,-0.05364038894953547,"{""zone1"": ""0.66|3.49|99|1"", ""zone2"": ""3.49|5.18|99|0.59"", ""zone3"": ""5.18|8.64|8|0.60"", ""thresold1"": ""0.20|3|0.028"", ""thresold2"": ""3|4|0.028"", ""thresold3"": ""4|7|0.028"", ""thresold4"": ""7|20|0.120"", ""thresold5"": ""20|99|0.120"", ""greenground"": ""1.03"", ""greenhigh"": ""3.51"", ""topweight"": ""0.32"", ""pointvolumefactor"": ""0.13"", ""firstandlastreturnasground"": ""4"", ""firstandlastreturnfactor"": ""0.95"", ""lastreturnfactor"": ""0.47"", ""greendetectsize"": ""5"", ""groundboxsize"": ""1"", ""medianboxsize"": ""21"", ""medianboxsize2"": ""1"", ""greenshades"": ""0.385|1.689|3.233"", ""greenshadeisom"": ""406|408|410"", ""vegesimplify"": ""3.48""}",False,1.6998913065134182,0.9711577162160767,0.3125,179.34130596285593,0.949025790255796,0.6461471286648464,0.0,True
114,0.6892060047581836,0.35354583316184407,-0.03775222436841561,"{""zone1"": ""0.67|3.51|99|1"", ""zone2"": ""3.51|5.18|99|0.59"", ""zone3"": ""5.18|8.78|8|0.59"", ""thresold1"": ""0.20|3|0.034"", ""thresold2"": ""3|4|0.034"", ""thresold3"": ""4|7|0.034"", ""thresold4"": ""7|20|0.084"", ""thresold5"": ""20|99|0.084"", ""greenground"": ""1.06"", ""greenhigh"": ""3.29"", ""topweight"": ""0.31"", ""pointvolumefactor"": ""0.10"", ""firstandlastreturnasground"": ""4"", ""firstandlastreturnfactor"": ""0.91"", ""lastreturnfactor"": ""0.46"", ""greendetectsize"": ""5"", ""groundboxsize"": ""1"", ""medianboxsize"": ""21"", ""medianboxsize2"": ""1"", ""greenshades"": ""0.498|1.796|3.400"", ""greenshadeisom"": ""406|408|410"", ""vegesimplify"": ""3.32""}",False,1.8390985893459724,0.9950810075692684,0.3125,160.3335377878896,0.9781220624322735,0.6386000276269946,0.0,True
115,0.6945703896040386,0.3458665120022961,-0.14923438990195578,"{""zone1"": ""0.66|3.47|99|1"", ""zone2"": ""3.47|4.44|99|0.62"", ""zone3"": ""4.44|7.95|8|0.60"", ""thresold1"": ""0.20|3|0.029"", ""thresold2"": ""3|4|0.029"", ""thresold3"": ""4|7|0.029"", ""thresold4"": ""7|20|0.115"", ""thresold5"": ""20|99|0.115"", ""greenground"": ""1.04"", ""greenhigh"": ""1.31"", ""topweight"": ""0.28"", ""pointvolumefactor"": ""0.10"", ""firstandlastreturnasground"": ""4"", ""firstandlastreturnfactor"": ""0.98"", ""lastreturnfactor"": ""0.43"", ""greendetectsize"": ""5"", ""groundboxsize"": ""1"", ""medianboxsize"": ""21"", ""medianboxsize2"": ""9"", ""greenshades"": ""0.364|1.730|3.345"", ""greenshadeisom"": ""406|408|410"", ""vegesimplify"": ""3.30""}",False,1.6607398093399657,0.9628952766893826,0.3125,156.7107271777443,0.863365978486318,0.6445347962964942,0.0,False
116,0.6895614546117287,0.338940505784694,-0.08318395900640971,"{""zone1"": ""0.66|3.50|99|1"", ""zone2"": ""3.50|5.19|99|0.60"", ""zone3"": ""5.19|9.01|8|0.49"", ""thresold1"": ""0.20|3|0.026"", ""thresold2"": ""3|4|0.026"", ""thresold3"": ""4|7|0.026"", ""thresold4"": ""7|20|0.105"", ""thresold5"": ""20|99|0.105"", ""greenground"": ""1.11"", ""greenhigh"": ""3.28"", ""topweight"": ""0.29"", ""pointvolumefactor"": ""0.08"", ""firstandlastreturnasground"": ""4"", ""firstandlastreturnfactor"": ""0.99"", ""lastreturnfactor"": ""0.47"", ""greendetectsize"": ""5"", ""groundboxsize"": ""1"", ""medianboxsize"": ""21"", ""medianboxsize2"": ""9"", ""greenshades"": ""0.392|1.705|3.222"", ""greenshadeisom"": ""406|408|410"", ""vegesimplify"": ""3.72""}",False,1.9577352055472788,0.9581121664436363,0.3125,156.98273283090344,0.9213305356089301,0.645365394144328,0.0,False
117,0.6777463445366182,0.343136726492635,-0.06823972691577095,"{""zone1"": ""0.59|3.52|99|1"", ""zone2"": ""3.52|5.13|99|0.56"", ""zone3"": ""5.13|8.73|8|0.57"", ""thresold1"": ""0.20|3|0.027"", ""thresold2"": ""3|4|0.027"", ""thresold3"": ""4|7|0.027"", ""thresold4"": ""7|20|0.066"", ""thresold5"": ""20|99|0.066"", ""greenground"": ""1.02"", ""greenhigh"": ""3.51"", ""topweight"": ""0.26"", ""pointvolumefactor"": ""0.13"", ""firstandlastreturnasground"": ""4"", ""firstandlastreturnfactor"": ""0.95"", ""lastreturnfactor"": ""0.43"", ""greendetectsize"": ""5"", ""groundboxsize"": ""1"", ""medianboxsize"": ""21"", ""medianboxsize2"": ""1"", ""greenshades"": ""0.500|1.925|3.488"", ""greenshadeisom"": ""406|408|410"", ""vegesimplify"": ""3.46""}",False,2.2596255719690346,0.9781395951513567,0.3125,159.30135885434123,1.0713910373383895,0.6452288463182289,0.0,False
